province,c0,c1,c2,c3,c4,c5,c6,c7,c8,c9,c10,c11,c12,c13,c14,c15,c16,c17,c18,c19
ADANA,2025,ADANA,1.781.370,884.213,897.157,522.395,296.608,225.787,1.050.235,524.667,525.568,107.848,48.076,59.772,100.892,14.862,86.030,0,0,0
ADANA,2024,ADANA,1.764.893,876.480,888.413,514.008,292.686,221.322,1.049.117,523.837,525.280,102.796,45.576,57.220,98.972,14.381,84.591,0,0,0
ADANA,2023,ADANA,1.743.190,864.808,878.382,503.762,286.689,217.073,1.045.322,521.401,523.921,97.420,42.815,54.605,96.686,13.903,82.783,0,0,0
ADANA,2022,ADANA,1.734.859,860.854,874.005,501.353,285.179,216.174,1.044.296,521.299,522.997,94.040,40.999,53.041,95.170,13.377,81.793,0,0,0
ADANA,2021,ADANA,1.716.907,850.682,866.225,494.687,279.858,214.829,1.040.802,519.678,521.124,88.082,38.145,49.937,93.336,13.001,80.335,0,0,0
ADANA,2020,ADANA,1.694.649,838.522,856.127,489.965,276.020,213.945,1.031.998,514.894,517.104,82.063,35.224,46.839,90.623,12.384,78.239,0,0,0
ADANA,2019,ADANA,1.667.391,825.056,842.335,470.200,266.007,204.193,1.031.391,514.153,517.238,77.795,33.014,44.781,88.005,11.882,76.123,0,0,0
ADANA,2018,ADANA,1.649.850,814.976,834.874,464.701,261.373,203.328,1.025.694,511.252,514.442,73.255,30.856,42.399,86.200,11.495,74.705,0,0,0
ADANA,2017,ADANA,1.647.569,817.422,830.147,467.675,265.746,201.929,1.025.164,511.222,513.942,69.718,29.212,40.506,85.012,11.242,73.770,0,0,0
ADANA,2016,ADANA,1.633.530,810.100,823.430,466.316,264.140,202.176,1.016.447,506.955,509.492,67.337,28.044,39.293,83.430,10.961,72.469,0,0,0
ADANA,2015,ADANA,1.614.122,799.405,814.717,461.749,260.276,201.473,1.005.877,501.766,504.111,64.550,26.624,37.926,81.946,10.739,71.207,0,0,0
ADANA,2014,ADANA,1.593.380,788.309,805.071,457.874,257.171,200.703,994.245,495.843,498.402,60.921,24.924,35.997,80.340,10.371,69.969,0,0,0
ADANA,2013,ADANA,1.576.993,781.207,795.786,455.854,256.556,199.298,984.656,491.233,493.423,57.566,23.368,34.198,78.917,10.050,68.867,0,0,0
ADANA,2012,ADANA,1.557.369,770.198,787.171,453.520,253.293,200.227,971.892,485.068,486.824,54.527,22.054,32.473,77.430,9.783,67.647,0,0,0
ADANA,2011,ADANA,1.539.715,761.202,778.513,453.995,252.807,201.188,958.189,478.104,480.085,51.421,20.603,30.818,76.110,9.688,66.422,0,0,0
ADANA,2010,ADANA,1.516.660,746.945,769.715,451.635,248.451,203.184,942.950,470.138,472.812,47.839,18.980,28.859,74.236,9.376,64.860,0,0,0
ADANA,2009,ADANA,1.493.700,738.086,755.614,451.273,249.915,201.358,925.779,461.607,464.172,44.483,17.429,27.054,72.165,9.135,63.030,0,0,0
ADANA,2008,ADANA,1.461.922,719.630,742.292,446.204,244.400,201.804,903.646,449.931,453.715,41.991,16.478,25.513,70.081,8.821,61.260,0,0,0
ADIYAMAN,2025,ADIYAMAN,456.725,230.370,226.355,140.313,79.558,60.755,283.294,142.067,141.227,11.100,5.017,6.083,22.018,3.728,18.290,0,0,0
ADIYAMAN,2024,ADIYAMAN,448.043,225.845,222.198,136.924,77.845,59.079,279.221,139.814,139.407,10.171,4.490,5.681,21.727,3.696,18.031,0,0,0
ADIYAMAN,2023,ADIYAMAN,440.213,222.292,217.921,134.385,76.780,57.605,274.998,137.699,137.299,9.370,4.088,5.282,21.460,3.725,17.735,0,0,0
ADIYAMAN,2022,ADIYAMAN,457.552,229.221,228.331,139.805,78.970,60.835,287.229,143.105,144.124,9.433,3.980,5.453,21.085,3.166,17.919,0,0,0
ADIYAMAN,2021,ADIYAMAN,452.919,226.780,226.139,139.153,78.552,60.601,284.536,141.600,142.936,8.474,3.475,4.999,20.756,3.153,17.603,0,0,0
ADIYAMAN,2020,ADIYAMAN,450.464,225.480,224.984,140.839,79.136,61.703,281.593,140.164,141.429,7.726,3.118,4.608,20.306,3.062,17.244,0,0,0
ADIYAMAN,2019,ADIYAMAN,443.356,222.314,221.042,136.569,77.001,59.568,279.723,139.386,140.337,7.395,2.990,4.405,19.669,2.937,16.732,0,0,0
ADIYAMAN,2018,ADIYAMAN,440.671,220.618,220.053,136.629,76.591,60.038,277.687,138.387,139.300,6.922,2.750,4.172,19.433,2.890,16.543,0,0,0
ADIYAMAN,2017,ADIYAMAN,433.278,216.210,217.068,135.825,75.517,60.308,271.806,135.314,136.492,6.585,2.587,3.998,19.062,2.792,16.270,0,0,0
ADIYAMAN,2016,ADIYAMAN,430.073,215.222,214.851,137.385,76.724,60.661,267.567,133.246,134.321,6.368,2.518,3.850,18.753,2.734,16.019,0,0,0
ADIYAMAN,2015,ADIYAMAN,422.941,211.038,211.903,135.946,75.299,60.647,262.279,130.612,131.667,6.155,2.419,3.736,18.561,2.708,15.853,0,0,0
ADIYAMAN,2014,ADIYAMAN,417.728,207.588,210.140,135.198,74.163,61.035,258.567,128.591,129.976,5.759,2.245,3.514,18.204,2.589,15.615,0,0,0
ADIYAMAN,2013,ADIYAMAN,415.547,206.922,208.625,137.229,75.480,61.749,254.949,126.755,128.194,5.489,2.179,3.310,17.880,2.508,15.372,0,0,0
ADIYAMAN,2012,ADIYAMAN,411.900,204.825,207.075,138.403,75.557,62.846,250.849,124.767,126.082,5.122,2.020,3.102,17.526,2.481,15.045,0,0,0
ADIYAMAN,2011,ADIYAMAN,407.928,203.036,204.892,139.229,75.989,63.240,246.662,122.709,123.953,4.881,1.912,2.969,17.156,2.426,14.730,0,0,0
ADIYAMAN,2010,ADIYAMAN,402.254,198.303,203.951,137.626,73.256,64.370,243.035,120.819,122.216,4.724,1.840,2.884,16.869,2.388,14.481,0,0,0
ADIYAMAN,2009,ADIYAMAN,397.427,196.386,201.041,138.698,73.993,64.705,237.783,118.316,119.467,4.595,1.802,2.793,16.351,2.275,14.076,0,0,0
ADIYAMAN,2008,ADIYAMAN,392.053,192.557,199.496,139.206,73.128,66.078,232.384,115.467,116.917,4.424,1.723,2.701,16.039,2.239,13.800,0,0,0
AFYONKARAHİSAR,2025,AFYONKARAHİSAR,606.530,302.028,304.502,149.098,85.454,63.644,388.201,195.950,192.251,26.420,13.636,12.784,42.811,6.988,35.823,0,0,0
AFYONKARAHİSAR,2024,AFYONKARAHİSAR,601.320,298.733,302.587,146.204,83.625,62.579,387.518,195.315,192.203,25.203,12.885,12.318,42.395,6.908,35.487,0,0,0
AFYONKARAHİSAR,2023,AFYONKARAHİSAR,597.939,295.915,302.024,143.934,81.888,62.046,388.885,195.685,193.200,22.994,11.478,11.516,42.126,6.864,35.262,0,0,0
AFYONKARAHİSAR,2022,AFYONKARAHİSAR,591.863,293.557,298.306,142.831,81.665,61.166,385.939,194.455,191.484,21.407,10.670,10.737,41.686,6.767,34.919,0,0,0
AFYONKARAHİSAR,2021,AFYONKARAHİSAR,585.678,289.949,295.729,140.307,80.064,60.243,384.015,193.282,190.733,19.841,9.753,10.088,41.515,6.850,34.665,0,0,0
AFYONKARAHİSAR,2020,AFYONKARAHİSAR,569.082,281.101,287.981,133.264,75.918,57.346,376.958,189.615,187.343,18.250,8.877,9.373,40.610,6.691,33.919,0,0,0
AFYONKARAHİSAR,2019,AFYONKARAHİSAR,561.778,276.176,285.602,129.719,73.319,56.400,375.443,188.241,187.202,16.963,8.043,8.920,39.653,6.573,33.080,0,0,0
AFYONKARAHİSAR,2018,AFYONKARAHİSAR,557.333,273.629,283.704,126.438,71.289,55.149,375.616,188.274,187.342,15.894,7.484,8.410,39.385,6.582,32.803,0,0,0
AFYONKARAHİSAR,2017,AFYONKARAHİSAR,549.871,269.273,280.598,125.271,70.208,55.063,370.926,185.784,185.142,14.797,6.825,7.972,38.877,6.456,32.421,0,0,0
AFYONKARAHİSAR,2016,AFYONKARAHİSAR,548.549,269.230,279.319,125.730,71.070,54.660,369.900,185.234,184.666,14.328,6.529,7.799,38.591,6.397,32.194,0,0,0
AFYONKARAHİSAR,2015,AFYONKARAHİSAR,544.405,267.421,276.984,124.001,70.310,53.691,368.118,184.332,183.786,13.922,6.374,7.548,38.364,6.405,31.959,0,0,0
AFYONKARAHİSAR,2014,AFYONKARAHİSAR,540.712,265.305,275.407,121.763,69.124,52.639,367.633,183.814,183.819,13.309,6.059,7.250,38.007,6.308,31.699,0,0,0
AFYONKARAHİSAR,2013,AFYONKARAHİSAR,538.632,264.580,274.052,120.961,69.016,51.945,367.295,183.632,183.663,12.735,5.724,7.011,37.641,6.208,31.433,0,0,0
AFYONKARAHİSAR,2012,AFYONKARAHİSAR,533.797,261.318,272.479,118.570,67.158,51.412,365.550,182.537,183.013,12.394,5.490,6.904,37.283,6.133,31.150,0,0,0
AFYONKARAHİSAR,2011,AFYONKARAHİSAR,526.565,259.133,267.432,112.848,65.407,47.441,364.673,182.266,182.407,12.233,5.388,6.845,36.811,6.072,30.739,0,0,0
AFYONKARAHİSAR,2010,AFYONKARAHİSAR,523.304,255.602,267.702,111.492,62.989,48.503,363.541,181.434,182.107,11.810,5.149,6.661,36.461,6.030,30.431,0,0,0
AFYONKARAHİSAR,2009,AFYONKARAHİSAR,524.933,257.848,267.085,115.189,66.109,49.080,362.638,181.002,181.636,11.129,4.765,6.364,35.977,5.972,30.005,0,0,0
AFYONKARAHİSAR,2008,AFYONKARAHİSAR,520.671,255.480,265.191,113.393,65.024,48.369,360.760,179.914,180.846,11.031,4.688,6.343,35.487,5.854,29.633,0,0,0
AĞRI,2025,AĞRI,342.331,178.137,164.194,123.796,73.196,50.600,199.146,99.933,99.213,5.009,2.581,2.428,14.380,2.427,11.953,0,0,0
AĞRI,2024,AĞRI,343.510,179.155,164.355,123.717,73.590,50.127,200.976,100.826,100.150,4.549,2.341,2.208,14.268,2.398,11.870,0,0,0
AĞRI,2023,AĞRI,347.738,182.119,165.619,125.193,74.649,50.544,204.261,103.026,101.235,4.157,2.111,2.046,14.127,2.333,11.794,0,0,0
AĞRI,2022,AĞRI,342.217,178.410,163.807,122.051,72.873,49.178,202.571,101.406,101.165,3.593,1.822,1.771,14.002,2.309,11.693,0,0,0
AĞRI,2021,AĞRI,347.889,181.529,166.360,125.218,75.109,50.109,205.529,102.550,102.979,3.236,1.598,1.638,13.906,2.272,11.634,0,0,0
AĞRI,2020,AĞRI,350.151,182.012,168.139,126.084,75.014,51.070,207.402,103.415,103.987,2.875,1.368,1.507,13.790,2.215,11.575,0,0,0
AĞRI,2019,AĞRI,347.376,181.292,166.084,123.357,73.970,49.387,207.928,103.880,104.048,2.631,1.266,1.365,13.460,2.176,11.284,0,0,0
AĞRI,2018,AĞRI,347.752,182.684,165.068,125.431,76.265,49.166,206.450,103.095,103.355,2.412,1.135,1.277,13.459,2.189,11.270,0,0,0
AĞRI,2017,AĞRI,341.378,178.000,163.378,123.050,74.089,48.961,202.927,100.909,102.018,2.081,920,1.161,13.320,2.082,11.238,0,0,0
AĞRI,2016,AĞRI,341.751,178.571,163.180,123.591,74.770,48.821,202.891,100.869,102.022,1.968,850,1.118,13.301,2.082,11.219,0,0,0
AĞRI,2015,AĞRI,341.618,178.844,162.774,124.900,75.857,49.043,201.694,100.204,101.490,1.822,759,1.063,13.202,2.024,11.178,0,0,0
AĞRI,2014,AĞRI,338.709,177.389,161.320,123.538,75.147,48.391,200.342,99.526,100.816,1.685,691,994,13.144,2.025,11.119,0,0,0
AĞRI,2013,AĞRI,334.980,175.204,159.776,121.284,73.596,47.688,199.139,98.964,100.175,1.565,651,914,12.992,1.993,10.999,0,0,0
AĞRI,2012,AĞRI,333.247,175.012,158.235,122.993,74.924,48.069,196.079,97.528,98.551,1.438,621,817,12.737,1.939,10.798,0,0,0
AĞRI,2011,AĞRI,334.253,177.634,156.619,126.585,78.463,48.122,193.931,96.693,97.238,1.276,557,719,12.461,1.921,10.540,0,0,0
AĞRI,2010,AĞRI,320.705,166.581,154.124,118.562,70.327,48.235,188.908,93.952,94.956,1.140,487,653,12.095,1.815,10.280,0,0,0
AĞRI,2009,AĞRI,316.402,166.091,150.311,120.498,72.660,47.838,183.218,91.245,91.973,1.094,474,620,11.592,1.712,9.880,0,0,0
AĞRI,2008,AĞRI,312.570,163.321,149.249,121.489,72.312,49.177,178.637,88.821,89.816,1.124,506,618,11.320,1.682,9.638,0,0,0
AKSARAY,2025,AKSARAY,344.298,170.895,173.403,90.607,51.034,39.573,217.494,109.452,108.042,17.068,7.744,9.324,19.129,2.665,16.464,0,0,0
AKSARAY,2024,AKSARAY,340.235,169.063,171.172,89.002,50.395,38.607,216.365,108.856,107.509,16.044,7.225,8.819,18.824,2.587,16.237,0,0,0
AKSARAY,2023,AKSARAY,336.779,167.085,169.694,87.426,49.527,37.899,215.596,108.232,107.364,15.185,6.782,8.403,18.572,2.544,16.028,0,0,0
AKSARAY,2022,AKSARAY,330.837,164.614,166.223,86.775,49.440,37.335,211.680,106.374,105.306,14.190,6.309,7.881,18.192,2.491,15.701,0,0,0
AKSARAY,2021,AKSARAY,325.786,161.971,163.815,85.217,48.495,36.722,209.348,105.169,104.179,13.284,5.842,7.442,17.937,2.465,15.472,0,0,0
AKSARAY,2020,AKSARAY,308.804,152.213,156.591,79.233,44.423,34.810,200.196,100.204,99.992,12.127,5.288,6.839,17.248,2.298,14.950,0,0,0
AKSARAY,2019,AKSARAY,302.658,148.596,154.062,77.006,43.179,33.827,197.608,98.481,99.127,11.215,4.687,6.528,16.829,2.249,14.580,0,0,0
AKSARAY,2018,AKSARAY,298.858,146.175,152.683,75.247,41.744,33.503,196.432,97.826,98.606,10.723,4.453,6.270,16.456,2.152,14.304,0,0,0
AKSARAY,2017,AKSARAY,292.858,143.494,149.364,74.715,41.815,32.900,191.823,95.362,96.461,10.197,4.193,6.004,16.123,2.124,13.999,0,0,0
AKSARAY,2016,AKSARAY,288.698,141.620,147.078,73.518,41.338,32.180,189.459,94.173,95.286,9.857,4.007,5.850,15.864,2.102,13.762,0,0,0
AKSARAY,2015,AKSARAY,280.416,138.006,142.410,68.968,39.533,29.435,186.454,92.673,93.781,9.366,3.762,5.604,15.628,2.038,13.590,0,0,0
AKSARAY,2014,AKSARAY,278.554,136.744,141.810,69.472,39.458,30.014,184.724,91.751,92.973,9.024,3.585,5.439,15.334,1.950,13.384,0,0,0
AKSARAY,2013,AKSARAY,276.226,135.971,140.255,69.063,39.569,29.494,183.342,91.058,92.284,8.706,3.449,5.257,15.115,1.895,13.220,0,0,0
AKSARAY,2012,AKSARAY,273.269,134.421,138.848,68.228,39.053,29.175,181.637,90.169,91.468,8.453,3.308,5.145,14.951,1.891,13.060,0,0,0
AKSARAY,2011,AKSARAY,270.286,132.432,137.854,65.873,37.309,28.564,181.326,90.035,91.291,8.382,3.233,5.149,14.705,1.855,12.850,0,0,0
AKSARAY,2010,AKSARAY,267.823,130.922,136.901,65.178,36.510,28.668,180.018,89.441,90.577,8.159,3.136,5.023,14.468,1.835,12.633,0,0,0
AKSARAY,2009,AKSARAY,267.337,131.523,135.814,66.680,37.947,28.733,178.658,88.816,89.842,7.908,3.030,4.878,14.091,1.730,12.361,0,0,0
AKSARAY,2008,AKSARAY,263.419,129.105,134.314,66.216,37.232,28.984,175.920,87.368,88.552,7.545,2.823,4.722,13.738,1.682,12.056,0,0,0
AMASYA,2025,AMASYA,287.167,143.511,143.656,70.056,41.485,28.571,181.860,92.219,89.641,12.039,6.067,5.972,23.212,3.740,19.472,0,0,0
AMASYA,2024,AMASYA,285.720,142.417,143.303,68.563,40.236,28.327,182.782,92.733,90.049,11.280,5.678,5.602,23.095,3.770,19.325,0,0,0
AMASYA,2023,AMASYA,280.984,137.991,142.993,65.754,37.559,28.195,181.740,91.464,90.276,10.542,5.207,5.335,22.948,3.761,19.187,0,0,0
AMASYA,2022,AMASYA,279.048,138.514,140.534,67.419,39.549,27.870,179.074,90.348,88.726,9.845,4.885,4.960,22.710,3.732,18.978,0,0,0
AMASYA,2021,AMASYA,274.637,135.506,139.131,64.838,37.639,27.199,178.269,89.758,88.511,8.927,4.350,4.577,22.603,3.759,18.844,0,0,0
AMASYA,2020,AMASYA,271.261,134.542,136.719,64.253,37.968,26.285,176.685,88.903,87.782,8.163,3.990,4.173,22.160,3.681,18.479,0,0,0
AMASYA,2019,AMASYA,273.043,136.970,136.073,65.247,39.040,26.207,178.209,90.456,87.753,7.741,3.825,3.916,21.846,3.649,18.197,0,0,0
AMASYA,2018,AMASYA,272.232,136.095,136.137,65.220,38.882,26.338,178.112,89.995,88.117,7.252,3.554,3.698,21.648,3.664,17.984,0,0,0
AMASYA,2017,AMASYA,265.428,131.114,134.314,62.141,36.330,25.811,175.237,87.960,87.277,6.681,3.205,3.476,21.369,3.619,17.750,0,0,0
AMASYA,2016,AMASYA,261.850,128.350,133.500,59.991,34.312,25.679,174.251,87.367,86.884,6.360,3.024,3.336,21.248,3.647,17.601,0,0,0
AMASYA,2015,AMASYA,258.207,126.480,131.727,58.717,33.660,25.057,172.208,86.255,85.953,6.074,2.858,3.216,21.208,3.707,17.501,0,0,0
AMASYA,2014,AMASYA,257.269,126.352,130.917,57.898,33.518,24.380,172.658,86.465,86.193,5.780,2.680,3.100,20.933,3.689,17.244,0,0,0
AMASYA,2013,AMASYA,255.515,125.493,130.022,57.148,33.050,24.098,172.363,86.311,86.052,5.361,2.493,2.868,20.643,3.639,17.004,0,0,0
AMASYA,2012,AMASYA,254.224,124.448,129.776,56.160,32.124,24.036,172.786,86.460,86.326,4.965,2.263,2.702,20.313,3.601,16.712,0,0,0
AMASYA,2011,AMASYA,254.382,124.919,129.463,57.286,32.972,24.314,172.076,86.138,85.938,4.851,2.239,2.612,20.169,3.570,16.599,0,0,0
AMASYA,2010,AMASYA,264.915,135.594,129.321,67.632,43.033,24.599,172.987,86.958,86.029,4.627,2.123,2.504,19.669,3.480,16.189,0,0,0
AMASYA,2009,AMASYA,253.210,125.148,128.062,58.629,34.154,24.475,170.937,85.506,85.431,4.339,1.980,2.359,19.305,3.508,15.797,0,0,0
AMASYA,2008,AMASYA,251.509,124.357,127.152,58.723,34.245,24.478,169.793,84.785,85.008,4.178,1.906,2.272,18.815,3.421,15.394,0,0,0
ANKARA,2025,ANKARA,4.856.106,2.371.482,2.484.624,1.405.166,771.997,633.169,2.892.274,1.438.683,1.453.591,310.558,127.592,182.966,248.108,33.210,214.898,0,0,0
ANKARA,2024,ANKARA,4.780.322,2.332.381,2.447.941,1.370.441,752.796,617.645,2.870.724,1.426.457,1.444.267,295.566,120.586,174.980,243.591,32.542,211.049,0,0,0
ANKARA,2023,ANKARA,4.693.594,2.290.827,2.402.767,1.337.167,736.117,601.050,2.837.059,1.409.194,1.427.865,280.714,114.115,166.599,238.654,31.401,207.253,0,0,0
ANKARA,2022,ANKARA,4.644.055,2.272.286,2.371.769,1.305.143,722.118,583.025,2.836.580,1.411.060,1.425.520,267.983,108.731,159.252,234.349,30.377,203.972,0,0,0
ANKARA,2021,ANKARA,4.586.381,2.247.308,2.339.073,1.276.582,709.203,567.379,2.827.537,1.407.012,1.420.525,252.197,101.454,150.743,230.065,29.639,200.426,0,0,0
ANKARA,2020,ANKARA,4.381.098,2.152.499,2.228.599,1.179.161,659.945,519.216,2.745.552,1.370.159,1.375.393,235.364,94.059,141.305,221.021,28.336,192.685,0,0,0
ANKARA,2019,ANKARA,4.331.344,2.127.706,2.203.638,1.155.153,645.941,509.212,2.735.847,1.365.052,1.370.795,225.689,89.496,136.193,214.655,27.217,187.438,0,0,0
ANKARA,2018,ANKARA,4.238.964,2.084.311,2.154.653,1.126.793,632.703,494.090,2.691.507,1.342.120,1.349.387,211.551,83.152,128.399,209.113,26.336,182.777,0,0,0
ANKARA,2017,ANKARA,4.231.557,2.082.307,2.149.250,1.113.288,626.264,487.024,2.706.436,1.350.536,1.355.900,203.876,79.699,124.177,207.957,25.808,182.149,0,0,0
ANKARA,2016,ANKARA,4.155.411,2.044.087,2.111.324,1.083.357,608.237,475.120,2.672.340,1.334.371,1.337.969,195.962,76.318,119.644,203.752,25.161,178.591,0,0,0
ANKARA,2015,ANKARA,4.100.245,2.022.664,2.077.581,1.077.920,609.408,468.512,2.634.671,1.315.769,1.318.902,188.473,73.229,115.244,199.181,24.258,174.923,0,0,0
ANKARA,2014,ANKARA,4.006.560,1.978.083,2.028.477,1.057.272,598.110,459.162,2.576.099,1.287.184,1.288.915,179.323,69.307,110.016,193.866,23.482,170.384,0,0,0
ANKARA,2013,ANKARA,3.923.361,1.933.510,1.989.851,1.026.651,578.922,447.729,2.535.169,1.266.432,1.268.737,170.267,65.228,105.039,191.274,22.928,168.346,0,0,0
ANKARA,2012,ANKARA,3.861.966,1.909.748,1.952.218,1.016.374,577.398,438.976,2.495.969,1.248.363,1.247.606,161.375,61.593,99.782,188.248,22.394,165.854,0,0,0
ANKARA,2011,ANKARA,3.794.776,1.876.776,1.918.000,1.000.021,567.964,432.057,2.457.560,1.229.068,1.228.492,152.425,57.738,94.687,184.770,22.006,162.764,0,0,0
ANKARA,2010,ANKARA,3.694.328,1.825.972,1.868.356,967.312,548.081,419.231,2.405.655,1.203.603,1.202.052,141.962,53.036,88.926,179.399,21.252,158.147,0,0,0
ANKARA,2009,ANKARA,3.589.816,1.773.966,1.815.850,945.324,534.622,410.702,2.341.032,1.171.047,1.169.985,130.357,47.781,82.576,173.103,20.516,152.587,0,0,0
ANKARA,2008,ANKARA,3.508.082,1.733.327,1.774.755,929.700,524.891,404.809,2.288.128,1.144.179,1.143.949,121.701,44.459,77.242,168.550,19.796,148.754,3,2,1
ANTALYA,2025,ANTALYA,2.258.185,1.129.167,1.129.018,636.667,362.915,273.752,1.344.337,675.172,669.165,172.812,76.179,96.633,104.369,14.901,89.468,0,0,0
ANTALYA,2024,ANTALYA,2.196.332,1.099.230,1.097.102,610.129,348.911,261.218,1.321.831,664.048,657.783,162.864,71.788,91.076,101.508,14.483,87.025,0,0,0
ANTALYA,2023,ANTALYA,2.159.717,1.080.999,1.078.718,592.681,340.589,252.092,1.313.092,658.809,654.283,154.227,67.522,86.705,99.717,14.079,85.638,0,0,0
ANTALYA,2022,ANTALYA,2.140.395,1.069.847,1.070.548,587.691,334.959,252.732,1.307.007,656.708,650.299,148.280,64.523,83.757,97.417,13.657,83.760,0,0,0
ANTALYA,2021,ANTALYA,2.073.734,1.033.730,1.040.004,557.603,316.638,240.965,1.280.287,642.821,637.466,140.798,60.950,79.848,95.046,13.321,81.725,0,0,0
ANTALYA,2020,ANTALYA,1.925.254,971.828,953.426,495.583,290.310,205.273,1.213.438,613.592,599.846,127.412,55.582,71.830,88.821,12.344,76.477,0,0,0
ANTALYA,2019,ANTALYA,1.879.581,950.532,929.049,472.279,279.643,192.636,1.200.560,606.630,593.930,120.989,52.457,68.532,85.753,11.802,73.951,0,0,0
ANTALYA,2018,ANTALYA,1.828.389,923.267,905.122,452.593,267.102,185.491,1.179.812,596.016,583.796,112.900,48.814,64.086,83.084,11.335,71.749,0,0,0
ANTALYA,2017,ANTALYA,1.792.221,906.188,886.033,441.793,261.554,180.239,1.164.364,588.459,575.905,105.640,45.259,60.381,80.424,10.916,69.508,0,0,0
ANTALYA,2016,ANTALYA,1.758.680,890.616,868.064,432.195,256.803,175.392,1.148.370,580.450,567.920,100.266,42.870,57.396,77.849,10.493,67.356,0,0,0
ANTALYA,2015,ANTALYA,1.726.569,874.906,851.663,422.665,251.396,171.269,1.132.191,572.254,559.937,96.250,41.149,55.101,75.463,10.107,65.356,0,0,0
ANTALYA,2014,ANTALYA,1.675.652,848.402,827.250,407.340,241.864,165.476,1.105.487,558.723,546.764,89.807,38.093,51.714,73.018,9.722,63.296,0,0,0
ANTALYA,2013,ANTALYA,1.625.918,822.950,802.968,392.449,233.056,159.393,1.079.398,545.353,534.045,83.444,35.225,48.219,70.627,9.316,61.311,0,0,0
ANTALYA,2012,ANTALYA,1.581.148,799.350,781.798,378.942,224.172,154.770,1.055.582,533.296,522.286,78.005,32.873,45.132,68.619,9.009,59.610,0,0,0
ANTALYA,2011,ANTALYA,1.539.817,777.979,761.838,371.756,219.192,152.564,1.029.343,519.794,509.549,72.167,30.200,41.967,66.551,8.793,57.758,0,0,0
ANTALYA,2010,ANTALYA,1.491.471,752.810,738.661,361.187,212.058,149.129,1.001.037,505.286,495.751,65.105,27.040,38.065,64.142,8.426,55.716,0,0,0
ANTALYA,2009,ANTALYA,1.442.387,729.377,713.010,350.787,207.317,143.470,972.145,490.466,481.679,57.803,23.521,34.282,61.652,8.073,53.579,0,0,0
ANTALYA,2008,ANTALYA,1.400.342,707.586,692.756,340.754,200.754,140.000,947.096,477.540,469.556,52.779,21.505,31.274,59.713,7.787,51.926,0,0,0
ARDAHAN,2025,ARDAHAN,74.158,38.758,35.400,21.585,13.175,8.410,44.882,23.163,21.719,2.025,1.307,718,5.666,1.113,4.553,0,0,0
ARDAHAN,2024,ARDAHAN,74.469,38.956,35.513,21.560,13.266,8.294,45.378,23.385,21.993,1.870,1.193,677,5.661,1.112,4.549,0,0,0
ARDAHAN,2023,ARDAHAN,75.194,39.190,36.004,21.590,13.284,8.306,46.143,23.681,22.462,1.738,1.084,654,5.723,1.141,4.582,0,0,0
ARDAHAN,2022,ARDAHAN,74.469,38.708,35.761,21.238,13.044,8.194,45.923,23.554,22.369,1.574,988,586,5.734,1.122,4.612,0,0,0
ARDAHAN,2021,ARDAHAN,75.757,39.352,36.405,21.745,13.415,8.330,46.802,23.917,22.885,1.426,881,545,5.784,1.139,4.645,0,0,0
ARDAHAN,2020,ARDAHAN,75.977,39.469,36.508,21.781,13.415,8.366,47.161,24.125,23.036,1.314,812,502,5.721,1.117,4.604,0,0,0
ARDAHAN,2019,ARDAHAN,76.429,40.011,36.418,22.068,13.736,8.332,47.382,24.332,23.050,1.250,781,469,5.729,1.162,4.567,0,0,0
ARDAHAN,2018,ARDAHAN,77.406,40.595,36.811,22.520,14.107,8.413,47.983,24.616,23.367,1.158,718,440,5.745,1.154,4.591,0,0,0
ARDAHAN,2017,ARDAHAN,75.183,39.105,36.078,21.735,13.475,8.260,46.784,23.872,22.912,1.007,617,390,5.657,1.141,4.516,0,0,0
ARDAHAN,2016,ARDAHAN,75.825,39.340,36.485,22.190,13.696,8.494,47.042,23.920,23.122,977,598,379,5.616,1.126,4.490,0,0,0
ARDAHAN,2015,ARDAHAN,76.058,39.204,36.854,22.244,13.670,8.574,47.257,23.849,23.408,935,559,376,5.622,1.126,4.496,0,0,0
ARDAHAN,2014,ARDAHAN,76.766,39.567,37.199,22.242,13.733,8.509,48.021,24.171,23.850,903,530,373,5.600,1.133,4.467,0,0,0
ARDAHAN,2013,ARDAHAN,77.550,39.957,37.593,22.542,13.872,8.670,48.628,24.480,24.148,826,465,361,5.554,1.140,4.414,0,0,0
ARDAHAN,2012,ARDAHAN,80.197,42.217,37.980,24.696,15.837,8.859,49.352,24.838,24.514,762,436,326,5.387,1.106,4.281,0,0,0
ARDAHAN,2011,ARDAHAN,80.281,42.531,37.750,25.130,16.281,8.849,49.115,24.718,24.397,711,396,315,5.325,1.136,4.189,0,0,0
ARDAHAN,2010,ARDAHAN,77.570,39.746,37.824,22.806,13.752,9.054,48.823,24.483,24.340,694,399,295,5.247,1.112,4.135,0,0,0
ARDAHAN,2009,ARDAHAN,79.196,41.261,37.935,24.308,15.166,9.142,49.037,24.632,24.405,704,404,300,5.147,1.059,4.088,0,0,0
ARDAHAN,2008,ARDAHAN,82.002,43.194,38.808,26.467,16.775,9.692,49.759,24.982,24.777,713,404,309,5.063,1.033,4.030,0,0,0
ARTVİN,2025,ARTVİN,142.927,71.320,71.607,37.786,21.545,16.241,87.751,44.922,42.829,4.914,2.816,2.098,12.476,2.037,10.439,0,0,0
ARTVİN,2024,ARTVİN,143.920,71.646,72.274,38.119,21.594,16.525,88.652,45.346,43.306,4.667,2.666,2.001,12.482,2.040,10.442,0,0,0
ARTVİN,2023,ARTVİN,146.062,72.924,73.138,38.629,22.074,16.555,90.451,46.251,44.200,4.445,2.529,1.916,12.537,2.070,10.467,0,0,0
ARTVİN,2022,ARTVİN,142.849,71.382,71.467,37.992,21.865,16.127,88.311,45.150,43.161,4.085,2.313,1.772,12.461,2.054,10.407,0,0,0
ARTVİN,2021,ARTVİN,142.109,71.909,70.200,36.943,22.317,14.626,88.739,45.310,43.429,3.926,2.219,1.707,12.501,2.063,10.438,0,0,0
ARTVİN,2020,ARTVİN,141.057,71.099,69.958,36.420,21.638,14.782,88.652,45.352,43.300,3.655,2.057,1.598,12.330,2.052,10.278,0,0,0
ARTVİN,2019,ARTVİN,142.281,71.504,70.777,37.299,21.944,15.355,89.314,45.593,43.721,3.455,1.934,1.521,12.213,2.033,10.180,0,0,0
ARTVİN,2018,ARTVİN,144.979,73.087,71.892,38.075,22.472,15.603,91.388,46.721,44.667,3.288,1.846,1.442,12.228,2.048,10.180,0,0,0
ARTVİN,2017,ARTVİN,137.340,68.960,68.380,36.109,21.264,14.845,86.630,44.101,42.529,2.897,1.598,1.299,11.704,1.997,9.707,0,0,0
ARTVİN,2016,ARTVİN,138.792,69.779,69.013,36.456,21.585,14.871,87.794,44.636,43.158,2.803,1.533,1.270,11.739,2.025,9.714,0,0,0
ARTVİN,2015,ARTVİN,138.393,69.545,68.848,35.910,21.395,14.515,88.015,44.644,43.371,2.706,1.453,1.253,11.762,2.053,9.709,0,0,0
ARTVİN,2014,ARTVİN,139.024,69.844,69.180,36.084,21.444,14.640,88.703,44.939,43.764,2.604,1.405,1.199,11.633,2.056,9.577,0,0,0
ARTVİN,2013,ARTVİN,138.026,69.296,68.730,36.263,21.556,14.707,87.876,44.416,43.460,2.457,1.308,1.149,11.430,2.016,9.414,0,0,0
ARTVİN,2012,ARTVİN,135.548,68.014,67.534,35.606,21.217,14.389,86.455,43.604,42.851,2.317,1.231,1.086,11.170,1.962,9.208,0,0,0
ARTVİN,2011,ARTVİN,134.208,67.209,66.999,35.195,20.903,14.292,85.806,43.181,42.625,2.187,1.155,1.032,11.020,1.970,9.050,0,0,0
ARTVİN,2010,ARTVİN,131.986,65.485,66.501,34.076,19.747,14.329,85.068,42.746,42.322,2.062,1.075,987,10.780,1.917,8.863,0,0,0
ARTVİN,2009,ARTVİN,131.822,65.838,65.984,34.589,20.404,14.185,84.858,42.608,42.250,1.887,958,929,10.488,1.868,8.620,0,0,0
ARTVİN,2008,ARTVİN,131.780,65.734,66.046,35.006,20.482,14.524,84.739,42.516,42.223,1.798,904,894,10.237,1.832,8.405,0,0,0
AYDIN,2025,AYDIN,970.523,477.169,493.354,233.536,136.182,97.354,596.357,299.308,297.049,68.517,31.649,36.868,72.113,10.030,62.083,0,0,0
AYDIN,2024,AYDIN,960.493,472.566,487.927,229.610,134.289,95.321,594.875,298.462,296.413,65.012,29.983,35.029,70.996,9.832,61.164,0,0,0
AYDIN,2023,AYDIN,952.792,469.189,483.603,227.983,133.888,94.095,592.298,296.851,295.447,62.518,28.746,33.772,69.993,9.704,60.289,0,0,0
AYDIN,2022,AYDIN,938.069,461.354,476.715,222.937,130.600,92.337,587.108,294.009,293.099,59.192,27.235,31.957,68.832,9.510,59.322,0,0,0
AYDIN,2021,AYDIN,923.603,454.956,468.647,219.301,128.897,90.404,580.651,290.982,289.669,55.870,25.754,30.116,67.781,9.323,58.458,0,0,0
AYDIN,2020,AYDIN,898.631,444.795,453.836,209.843,124.834,85.009,570.885,286.994,283.891,51.800,23.960,27.840,66.103,9.007,57.096,0,0,0
AYDIN,2019,AYDIN,890.381,440.249,450.132,208.329,123.230,85.099,568.011,285.436,282.575,49.565,22.847,26.718,64.476,8.736,55.740,0,0,0
AYDIN,2018,AYDIN,879.483,434.748,444.735,202.997,120.202,82.795,566.266,284.551,281.715,46.550,21.435,25.115,63.670,8.560,55.110,0,0,0
AYDIN,2017,AYDIN,866.366,430.163,436.203,202.463,121.202,81.261,558.082,280.546,277.536,43.753,20.121,23.632,62.068,8.294,53.774,0,0,0
AYDIN,2016,AYDIN,855.506,424.261,431.245,200.235,119.375,80.860,552.854,277.799,275.055,41.407,18.985,22.422,61.010,8.102,52.908,0,0,0
AYDIN,2015,AYDIN,842.387,417.370,425.017,197.707,117.374,80.333,545.564,274.033,271.531,39.406,18.055,21.351,59.710,7.908,51.802,0,0,0
AYDIN,2014,AYDIN,832.118,412.617,419.501,194.106,115.895,78.211,542.135,272.133,270.002,36.858,16.802,20.056,59.019,7.787,51.232,0,0,0
AYDIN,2013,AYDIN,811.276,403.300,407.976,191.322,114.800,76.522,528.145,265.167,262.978,34.575,15.816,18.759,57.234,7.517,49.717,0,0,0
AYDIN,2012,AYDIN,799.529,396.386,403.143,187.788,111.890,75.898,522.620,262.217,260.403,32.859,14.994,17.865,56.262,7.285,48.977,0,0,0
AYDIN,2011,AYDIN,789.552,391.918,397.634,184.540,110.373,74.167,518.623,260.248,258.375,31.069,14.153,16.916,55.320,7.144,48.176,0,0,0
AYDIN,2010,AYDIN,780.388,388.101,392.287,184.769,110.866,73.903,512.770,257.272,255.498,28.965,13.074,15.891,53.884,6.889,46.995,0,0,0
AYDIN,2009,AYDIN,768.305,381.946,386.359,181.635,108.967,72.668,507.392,254.406,252.986,26.684,11.885,14.799,52.594,6.688,45.906,0,0,0
AYDIN,2008,AYDIN,755.596,375.019,380.577,178.099,106.423,71.676,501.359,251.150,250.209,24.785,10.977,13.808,51.353,6.469,44.884,0,0,0
BALIKESİR,2025,BALIKESİR,1.088.969,538.421,550.548,239.181,144.465,94.716,687.386,346.003,341.383,70.359,33.309,37.050,92.043,14.644,77.399,0,0,0
BALIKESİR,2024,BALIKESİR,1.077.129,531.698,545.431,233.765,140.615,93.150,685.389,344.771,340.618,67.110,31.863,35.247,90.865,14.449,76.416,0,0,0
BALIKESİR,2023,BALIKESİR,1.071.553,530.581,540.972,233.602,141.992,91.610,684.640,344.154,340.486,63.794,30.236,33.558,89.517,14.199,75.318,0,0,0
BALIKESİR,2022,BALIKESİR,1.055.017,522.336,532.681,229.550,139.269,90.281,676.998,340.604,336.394,60.460,28.574,31.886,88.009,13.889,74.120,0,0,0
BALIKESİR,2021,BALIKESİR,1.046.288,520.449,525.839,229.491,140.798,88.693,673.347,338.965,334.382,56.630,26.930,29.700,86.820,13.756,73.064,0,0,0
BALIKESİR,2020,BALIKESİR,1.026.298,510.081,516.217,222.205,135.731,86.474,666.632,335.915,330.717,52.708,25.036,27.672,84.753,13.399,71.354,0,0,0
BALIKESİR,2019,BALIKESİR,1.013.266,503.353,509.913,214.469,131.114,83.355,665.433,335.097,330.336,50.428,24.018,26.410,82.936,13.124,69.812,0,0,0
BALIKESİR,2018,BALIKESİR,1.011.745,502.708,509.037,213.641,130.885,82.756,668.297,336.301,331.996,47.687,22.574,25.113,82.120,12.948,69.172,0,0,0
BALIKESİR,2017,BALIKESİR,993.113,493.682,499.431,209.544,128.414,81.130,658.886,331.482,327.404,44.524,21.173,23.351,80.159,12.613,67.546,0,0,0
BALIKESİR,2016,BALIKESİR,985.252,488.603,496.649,207.312,125.985,81.327,656.174,329.861,326.313,42.581,20.274,22.307,79.185,12.483,66.702,0,0,0
BALIKESİR,2015,BALIKESİR,977.347,485.309,492.038,206.587,126.218,80.369,651.860,327.415,324.445,40.784,19.424,21.360,78.116,12.252,65.864,0,0,0
BALIKESİR,2014,BALIKESİR,979.245,485.766,493.479,207.094,126.425,80.669,655.408,328.924,326.484,38.892,18.254,20.638,77.851,12.163,65.688,0,0,0
BALIKESİR,2013,BALIKESİR,952.561,473.536,479.025,203.325,124.386,78.939,637.703,320.161,317.542,36.225,17.082,19.143,75.308,11.907,63.401,0,0,0
BALIKESİR,2012,BALIKESİR,949.565,472.776,476.789,205.253,126.072,79.181,635.640,318.955,316.685,34.450,16.084,18.366,74.222,11.665,62.557,0,0,0
BALIKESİR,2011,BALIKESİR,939.674,467.466,472.208,199.594,122.505,77.089,633.930,318.061,315.869,32.850,15.283,17.567,73.300,11.617,61.683,0,0,0
BALIKESİR,2010,BALIKESİR,935.206,467.082,468.124,201.885,124.892,76.993,630.417,316.442,313.975,31.005,14.348,16.657,71.899,11.400,60.499,0,0,0
BALIKESİR,2009,BALIKESİR,920.181,457.773,462.408,196.682,120.416,76.266,624.495,313.164,311.331,28.731,13.115,15.616,70.273,11.078,59.195,0,0,0
BALIKESİR,2008,BALIKESİR,908.525,450.463,458.062,193.230,116.976,76.254,618.879,310.023,308.856,27.329,12.562,14.767,69.087,10.902,58.185,0,0,0
BARTIN,2025,BARTIN,177.146,87.178,89.968,43.816,24.212,19.604,111.068,56.215,54.853,8.394,4.323,4.071,13.868,2.428,11.440,0,0,0
BARTIN,2024,BARTIN,176.420,86.998,89.422,43.554,24.193,19.361,111.099,56.283,54.816,8.023,4.131,3.892,13.744,2.391,11.353,0,0,0
BARTIN,2023,BARTIN,175.988,87.022,88.966,43.753,24.563,19.190,110.976,56.185,54.791,7.636,3.897,3.739,13.623,2.377,11.246,0,0,0
BARTIN,2022,BARTIN,171.805,84.734,87.071,42.583,23.883,18.700,108.724,54.895,53.829,7.059,3.590,3.469,13.439,2.366,11.073,0,0,0
BARTIN,2021,BARTIN,169.584,83.490,86.094,41.467,23.285,18.182,108.160,54.477,53.683,6.622,3.358,3.264,13.335,2.370,10.965,0,0,0
BARTIN,2020,BARTIN,164.743,80.756,83.987,38.111,21.205,16.906,107.329,54.094,53.235,6.196,3.115,3.081,13.107,2.342,10.765,0,0,0
BARTIN,2019,BARTIN,164.330,80.413,83.917,38.491,21.146,17.345,107.039,53.950,53.089,5.952,2.992,2.960,12.848,2.325,10.523,0,0,0
BARTIN,2018,BARTIN,164.637,81.095,83.542,38.167,21.337,16.830,108.163,54.617,53.546,5.592,2.834,2.758,12.715,2.307,10.408,0,0,0
BARTIN,2017,BARTIN,159.702,78.095,81.607,37.012,20.543,16.469,104.986,52.658,52.328,5.249,2.609,2.640,12.455,2.285,10.170,0,0,0
BARTIN,2016,BARTIN,158.070,77.249,80.821,36.399,20.228,16.171,104.307,52.262,52.045,5.018,2.482,2.536,12.346,2.277,10.069,0,0,0
BARTIN,2015,BARTIN,156.108,76.290,79.818,35.425,19.773,15.652,103.646,51.895,51.751,4.795,2.346,2.449,12.242,2.276,9.966,0,0,0
BARTIN,2014,BARTIN,154.305,75.021,79.284,34.017,18.712,15.305,103.473,51.774,51.699,4.645,2.261,2.384,12.170,2.274,9.896,0,0,0
BARTIN,2013,BARTIN,153.667,75.201,78.466,34.007,19.096,14.911,103.098,51.655,51.443,4.554,2.228,2.326,12.008,2.222,9.786,0,0,0
BARTIN,2012,BARTIN,152.415,74.405,78.010,33.427,18.711,14.716,102.744,51.364,51.380,4.396,2.129,2.267,11.848,2.201,9.647,0,0,0
BARTIN,2011,BARTIN,150.458,73.026,77.432,31.845,17.568,14.277,102.554,51.168,51.386,4.338,2.106,2.232,11.721,2.184,9.537,0,0,0
BARTIN,2010,BARTIN,150.264,72.860,77.404,32.125,17.648,14.477,102.287,51.010,51.277,4.285,2.053,2.232,11.567,2.149,9.418,0,0,0
BARTIN,2009,BARTIN,150.108,73.322,76.786,32.516,18.347,14.169,101.777,50.730,51.047,4.395,2.103,2.292,11.420,2.142,9.278,0,0,0
BARTIN,2008,BARTIN,146.894,70.928,75.966,31.444,17.128,14.316,99.955,49.636,50.319,4.419,2.095,2.324,11.076,2.069,9.007,0,0,0
BATMAN,2025,BATMAN,464.515,234.378,230.137,181.808,98.836,82.972,260.528,130.364,130.164,6.825,2.942,3.883,15.354,2.236,13.118,0,0,0
BATMAN,2024,BATMAN,454.214,229.341,224.873,177.952,96.874,81.078,255.061,127.710,127.351,6.191,2.651,3.540,15.010,2.106,12.904,0,0,0
BATMAN,2023,BATMAN,444.843,224.309,220.534,175.171,94.979,80.192,249.410,124.960,124.450,5.566,2.329,3.237,14.696,2.041,12.655,0,0,0
BATMAN,2022,BATMAN,431.699,217.471,214.228,170.356,92.145,78.211,242.028,121.362,120.666,4.861,1.975,2.886,14.454,1.989,12.465,0,0,0
BATMAN,2021,BATMAN,421.869,211.407,210.462,167.296,89.621,77.675,236.220,118.187,118.033,4.175,1.676,2.499,14.178,1.923,12.255,0,0,0
BATMAN,2020,BATMAN,413.763,206.745,207.018,166.410,88.688,77.722,229.980,114.832,115.148,3.664,1.415,2.249,13.709,1.810,11.899,0,0,0
BATMAN,2019,BATMAN,401.092,200.454,200.638,159.240,85.042,74.198,225.170,112.360,112.810,3.390,1.304,2.086,13.292,1.748,11.544,0,0,0
BATMAN,2018,BATMAN,391.824,195.609,196.215,156.232,83.202,73.030,219.499,109.579,109.920,3.081,1.158,1.923,13.012,1.670,11.342,0,0,0
BATMAN,2017,BATMAN,379.102,188.560,190.542,151.385,80.148,71.237,212.234,105.723,106.511,2.838,1.085,1.753,12.645,1.604,11.041,0,0,0
BATMAN,2016,BATMAN,369.883,184.727,185.156,148.918,79.445,69.473,205.914,102.736,103.178,2.629,981,1.648,12.422,1.565,10.857,0,0,0
BATMAN,2015,BATMAN,358.510,178.388,180.122,143.735,76.170,67.565,200.063,99.715,100.348,2.541,972,1.569,12.171,1.531,10.640,0,0,0
BATMAN,2014,BATMAN,348.824,173.280,175.544,140.433,74.172,66.261,194.191,96.721,97.470,2.330,902,1.428,11.870,1.485,10.385,0,0,0
BATMAN,2013,BATMAN,338.233,168.082,170.151,135.921,71.784,64.137,188.621,94.047,94.574,2.046,795,1.251,11.645,1.456,10.189,0,0,0
BATMAN,2012,BATMAN,326.669,162.945,163.724,132.478,70.467,62.011,181.062,90.357,90.705,1.841,703,1.138,11.288,1.418,9.870,0,0,0
BATMAN,2011,BATMAN,317.214,157.908,159.306,129.075,68.266,60.809,175.621,87.685,87.936,1.591,607,984,10.927,1.350,9.577,0,0,0
BATMAN,2010,BATMAN,303.817,150.028,153.789,122.379,63.591,58.788,169.515,84.588,84.927,1.372,516,856,10.551,1.333,9.218,0,0,0
BATMAN,2009,BATMAN,292.483,145.552,146.931,118.454,62.513,55.941,162.826,81.305,81.521,1.241,481,760,9.962,1.253,8.709,0,0,0
BATMAN,2008,BATMAN,283.595,141.465,142.130,117.301,62.172,55.129,155.554,77.637,77.917,1.184,474,710,9.556,1.182,8.374,0,0,0
BAYBURT,2025,BAYBURT,68.173,34.558,33.615,23.344,12.947,10.397,39.069,20.017,19.052,1.565,859,706,4.195,735,3.460,0,0,0
BAYBURT,2024,BAYBURT,68.572,34.709,33.863,23.690,13.024,10.666,39.226,20.132,19.094,1.497,832,665,4.159,721,3.438,0,0,0
BAYBURT,2023,BAYBURT,70.329,35.613,34.716,24.776,13.697,11.079,40.020,20.491,19.529,1.344,714,630,4.189,711,3.478,0,0,0
BAYBURT,2022,BAYBURT,68.525,34.894,33.631,24.422,13.570,10.852,38.696,19.931,18.765,1.243,676,567,4.164,717,3.447,0,0,0
BAYBURT,2021,BAYBURT,68.828,35.180,33.648,24.946,14.051,10.895,38.698,19.856,18.842,1.075,562,513,4.109,711,3.398,0,0,0
BAYBURT,2020,BAYBURT,64.942,33.395,31.547,21.783,12.774,9.009,38.117,19.393,18.724,993,523,470,4.049,705,3.344,0,0,0
BAYBURT,2019,BAYBURT,67.553,34.211,33.342,24.165,13.514,10.651,38.368,19.502,18.866,970,493,477,4.050,702,3.348,0,0,0
BAYBURT,2018,BAYBURT,64.776,32.519,32.257,21.603,12.071,9.532,38.206,19.297,18.909,865,429,436,4.102,722,3.380,0,0,0
BAYBURT,2017,BAYBURT,63.466,32.352,31.114,22.556,13.001,9.555,36.200,18.299,17.901,780,366,414,3.930,686,3.244,0,0,0
BAYBURT,2016,BAYBURT,70.752,36.243,34.509,23.917,13.901,10.016,42.081,21.263,20.818,757,365,392,3.997,714,3.283,0,0,0
BAYBURT,2015,BAYBURT,60.501,30.666,29.835,18.556,10.835,7.721,37.387,18.805,18.582,695,330,365,3.863,696,3.167,0,0,0
BAYBURT,2014,BAYBURT,62.099,31.800,30.299,18.812,11.313,7.499,38.682,19.445,19.237,644,303,341,3.961,739,3.222,0,0,0
BAYBURT,2013,BAYBURT,57.669,29.451,28.218,18.109,10.836,7.273,35.284,17.674,17.610,555,260,295,3.721,681,3.040,0,0,0
BAYBURT,2012,BAYBURT,57.648,30.140,27.508,18.706,11.805,6.901,34.759,17.417,17.342,523,245,278,3.660,673,2.987,0,0,0
BAYBURT,2011,BAYBURT,58.060,30.709,27.351,18.891,12.248,6.643,35.031,17.558,17.473,502,225,277,3.636,678,2.958,0,0,0
BAYBURT,2010,BAYBURT,55.227,28.060,27.167,16.635,9.987,6.648,34.490,17.200,17.290,488,218,270,3.614,655,2.959,0,0,0
BAYBURT,2009,BAYBURT,54.776,27.965,26.811,16.461,10.015,6.446,34.329,17.124,17.205,474,193,281,3.512,633,2.879,0,0,0
BAYBURT,2008,BAYBURT,54.989,28.150,26.839,16.496,10.170,6.326,34.552,17.182,17.370,450,175,275,3.491,623,2.868,0,0,0
BİLECİK,2025,BİLECİK,189.007,95.568,93.439,48.537,28.910,19.627,118.386,59.937,58.449,8.778,4.504,4.274,13.306,2.217,11.089,0,0,0
BİLECİK,2024,BİLECİK,187.694,94.835,92.859,48.002,28.631,19.371,118.218,59.801,58.417,8.237,4.204,4.033,13.237,2.199,11.038,0,0,0
BİLECİK,2023,BİLECİK,186.602,94.356,92.246,47.826,28.769,19.057,117.850,59.436,58.414,7.737,3.934,3.803,13.189,2.217,10.972,0,0,0
BİLECİK,2022,BİLECİK,187.159,96.441,90.718,49.510,30.772,18.738,117.284,59.675,57.609,7.362,3.811,3.551,13.003,2.183,10.820,0,0,0
BİLECİK,2021,BİLECİK,186.811,97.712,89.099,51.412,33.237,18.175,115.869,58.903,56.966,6.709,3.431,3.278,12.821,2.141,10.680,0,0,0
BİLECİK,2020,BİLECİK,174.879,88.827,86.052,42.067,25.394,16.673,113.875,57.959,55.916,6.426,3.381,3.045,12.511,2.093,10.418,0,0,0
BİLECİK,2019,BİLECİK,175.414,89.539,85.875,43.122,26.145,16.977,113.769,58.022,55.747,6.158,3.307,2.851,12.365,2.065,10.300,0,0,0
BİLECİK,2018,BİLECİK,179.155,94.190,84.965,47.345,30.955,16.390,113.547,58.030,55.517,5.885,3.142,2.743,12.378,2.063,10.315,0,0,0
BİLECİK,2017,BİLECİK,178.468,94.383,84.085,47.817,31.197,16.620,112.474,57.831,54.643,5.809,3.232,2.577,12.368,2.123,10.245,0,0,0
BİLECİK,2016,BİLECİK,175.150,92.059,83.091,46.636,30.311,16.325,110.860,56.723,54.137,5.361,2.902,2.459,12.293,2.123,10.170,0,0,0
BİLECİK,2015,BİLECİK,170.398,88.304,82.094,43.991,27.989,16.002,109.211,55.609,53.602,4.946,2.627,2.319,12.250,2.079,10.171,0,0,0
BİLECİK,2014,BİLECİK,168.836,87.571,81.265,44.038,28.319,15.719,108.020,54.812,53.208,4.661,2.410,2.251,12.117,2.030,10.087,0,0,0
BİLECİK,2013,BİLECİK,167.891,87.790,80.101,43.882,28.844,15.038,107.555,54.651,52.904,4.373,2.248,2.125,12.081,2.047,10.034,0,0,0
BİLECİK,2012,BİLECİK,163.635,84.543,79.092,41.581,26.790,14.791,106.032,53.644,52.388,4.070,2.083,1.987,11.952,2.026,9.926,0,0,0
BİLECİK,2011,BİLECİK,163.095,85.593,77.502,41.772,28.101,13.671,105.698,53.505,52.193,3.757,1.909,1.848,11.868,2.078,9.790,0,0,0
BİLECİK,2010,BİLECİK,184.672,107.562,77.110,62.918,48.990,13.928,106.357,54.633,51.724,3.570,1.839,1.731,11.827,2.100,9.727,0,0,0
BİLECİK,2009,BİLECİK,161.094,84.828,76.266,41.701,28.218,13.483,104.487,52.916,51.571,3.251,1.630,1.621,11.655,2.064,9.591,0,0,0
BİLECİK,2008,BİLECİK,152.131,76.489,75.642,34.224,21.020,13.204,103.407,51.947,51.460,2.964,1.453,1.511,11.536,2.069,9.467,0,0,0
BİNGÖL,2025,BİNGÖL,214.986,107.163,107.823,73.954,39.886,34.068,127.049,63.896,63.153,3.749,1.703,2.046,10.234,1.678,8.556,0,0,0
BİNGÖL,2024,BİNGÖL,213.911,106.915,106.996,73.120,39.676,33.444,127.139,63.976,63.163,3.541,1.596,1.945,10.111,1.667,8.444,0,0,0
BİNGÖL,2023,BİNGÖL,214.336,107.474,106.862,73.828,40.244,33.584,127.290,64.137,63.153,3.248,1.464,1.784,9.970,1.629,8.341,0,0,0
BİNGÖL,2022,BİNGÖL,210.326,105.575,104.751,73.022,39.923,33.099,124.673,62.766,61.907,2.912,1.332,1.580,9.719,1.554,8.165,0,0,0
BİNGÖL,2021,BİNGÖL,209.291,105.244,104.047,73.259,40.207,33.052,123.882,62.337,61.545,2.584,1.175,1.409,9.566,1.525,8.041,0,0,0
BİNGÖL,2020,BİNGÖL,206.875,104.330,102.545,72.718,40.111,32.607,122.508,61.669,60.839,2.324,1.040,1.284,9.325,1.510,7.815,0,0,0
BİNGÖL,2019,BİNGÖL,204.669,103.385,101.284,72.308,39.959,32.349,121.170,61.000,60.170,2.156,936,1.220,9.035,1.490,7.545,0,0,0
BİNGÖL,2018,BİNGÖL,205.247,104.714,100.533,73.611,41.563,32.048,120.713,60.815,59.898,1.970,857,1.113,8.953,1.479,7.474,0,0,0
BİNGÖL,2017,BİNGÖL,198.538,101.037,97.501,72.417,40.739,31.678,115.675,58.086,57.589,1.785,765,1.020,8.661,1.447,7.214,0,0,0
BİNGÖL,2016,BİNGÖL,194.940,99.372,95.568,71.920,40.572,31.348,112.781,56.638,56.143,1.688,726,962,8.551,1.436,7.115,0,0,0
BİNGÖL,2015,BİNGÖL,192.551,98.352,94.199,72.279,40.832,31.447,110.273,55.399,54.874,1.598,689,909,8.401,1.432,6.969,0,0,0
BİNGÖL,2014,BİNGÖL,190.681,97.021,93.660,72.241,40.453,31.788,108.658,54.476,54.182,1.526,650,876,8.256,1.442,6.814,0,0,0
BİNGÖL,2013,BİNGÖL,188.795,96.521,92.274,72.559,40.925,31.634,106.768,53.602,53.166,1.405,587,818,8.063,1.407,6.656,0,0,0
BİNGÖL,2012,BİNGÖL,184.931,94.928,90.003,71.628,40.724,30.904,104.122,52.260,51.862,1.321,556,765,7.860,1.388,6.472,0,0,0
BİNGÖL,2011,BİNGÖL,183.378,94.355,89.023,71.903,40.896,31.007,102.583,51.558,51.025,1.238,498,740,7.654,1.403,6.251,0,0,0
BİNGÖL,2010,BİNGÖL,175.779,88.284,87.495,67.453,36.475,30.978,99.687,49.961,49.726,1.190,495,695,7.449,1.353,6.096,0,0,0
BİNGÖL,2009,BİNGÖL,175.317,89.356,85.961,69.351,38.478,30.873,97.626,49.104,48.522,1.109,459,650,7.231,1.315,5.916,0,0,0
BİNGÖL,2008,BİNGÖL,174.701,89.517,85.184,70.702,39.647,31.055,95.890,48.160,47.730,1.089,441,648,7.020,1.269,5.751,0,0,0
BİTLİS,2025,BİTLİS,256.129,132.743,123.386,91.827,53.071,38.756,150.979,76.276,74.703,3.082,1.531,1.551,10.241,1.865,8.376,0,0,0
BİTLİS,2024,BİTLİS,252.966,130.987,121.979,90.187,52.027,38.160,149.965,75.791,74.174,2.795,1.377,1.418,10.019,1.792,8.227,0,0,0
BİTLİS,2023,BİTLİS,250.448,129.630,120.818,89.653,51.791,37.862,148.583,74.972,73.611,2.359,1.119,1.240,9.853,1.748,8.105,0,0,0
BİTLİS,2022,BİTLİS,244.522,126.627,117.895,87.125,50.389,36.736,145.708,73.520,72.188,2.085,1.038,1.047,9.604,1.680,7.924,0,0,0
BİTLİS,2021,BİTLİS,241.115,124.623,116.492,86.466,50.162,36.304,143.450,71.945,71.505,1.753,833,920,9.446,1.683,7.763,0,0,0
BİTLİS,2020,BİTLİS,237.977,122.625,115.352,85.841,49.504,36.337,141.453,70.825,70.628,1.485,695,790,9.198,1.601,7.597,0,0,0
BİTLİS,2019,BİTLİS,234.327,121.045,113.282,83.883,48.504,35.379,140.207,70.367,69.840,1.347,645,702,8.890,1.529,7.361,0,0,0
BİTLİS,2018,BİTLİS,234.410,122.617,111.793,85.085,50.275,34.810,139.297,70.244,69.053,1.247,602,645,8.781,1.496,7.285,0,0,0
BİTLİS,2017,BİTLİS,226.185,116.931,109.254,82.357,47.789,34.568,134.127,67.181,66.946,1.062,483,579,8.639,1.478,7.161,0,0,0
BİTLİS,2016,BİTLİS,224.151,116.543,107.608,83.176,48.662,34.514,131.487,65.997,65.490,1.025,468,557,8.463,1.416,7.047,0,0,0
BİTLİS,2015,BİTLİS,221.435,115.383,106.052,82.920,48.743,34.177,129.226,64.814,64.412,947,438,509,8.342,1.388,6.954,0,0,0
BİTLİS,2014,BİTLİS,217.214,112.226,104.988,81.587,47.350,34.237,126.516,63.134,63.382,885,391,494,8.226,1.351,6.875,0,0,0
BİTLİS,2013,BİTLİS,213.967,110.767,103.200,81.029,47.136,33.893,124.016,61.928,62.088,830,363,467,8.092,1.340,6.752,0,0,0
BİTLİS,2012,BİTLİS,212.233,111.047,101.186,81.994,48.617,33.377,121.552,60.772,60.780,776,343,433,7.911,1.315,6.596,0,0,0
BİTLİS,2011,BİTLİS,209.152,109.561,99.591,81.029,48.006,33.023,119.683,59.947,59.736,718,317,401,7.722,1.291,6.431,0,0,0
BİTLİS,2010,BİTLİS,200.199,101.952,98.247,74.987,42.063,32.924,117.059,58.381,58.678,650,293,357,7.503,1.215,6.288,0,0,0
BİTLİS,2009,BİTLİS,198.885,102.698,96.187,76.263,43.810,32.453,114.758,57.454,57.304,607,285,322,7.257,1.149,6.108,0,0,0
BİTLİS,2008,BİTLİS,195.914,100.993,94.921,75.058,42.889,32.169,113.210,56.734,56.476,556,274,282,7.090,1.096,5.994,0,0,0
BOLU,2025,BOLU,275.933,136.669,139.264,74.355,41.059,33.296,169.498,85.934,83.564,12.954,6.438,6.516,19.126,3.238,15.888,0,0,0
BOLU,2024,BOLU,274.059,135.926,138.133,73.790,40.944,32.846,168.952,85.559,83.393,12.327,6.168,6.159,18.990,3.255,15.735,0,0,0
BOLU,2023,BOLU,271.235,133.815,137.420,72.437,39.986,32.451,168.618,85.076,83.542,11.297,5.523,5.774,18.883,3.230,15.653,0,0,0
BOLU,2022,BOLU,266.432,130.695,135.737,70.517,38.538,31.979,166.628,83.953,82.675,10.506,5.015,5.491,18.781,3.189,15.592,0,0,0
BOLU,2021,BOLU,264.715,130.090,134.625,70.122,38.669,31.453,165.977,83.550,82.427,9.890,4.650,5.240,18.726,3.221,15.505,0,0,0
BOLU,2020,BOLU,251.530,123.630,127.900,62.875,34.859,28.016,161.422,81.297,80.125,9.045,4.301,4.744,18.188,3.173,15.015,0,0,0
BOLU,2019,BOLU,252.495,123.967,128.528,65.207,35.685,29.522,160.819,81.021,79.798,8.578,4.088,4.490,17.891,3.173,14.718,0,0,0
BOLU,2018,BOLU,250.748,123.292,127.456,64.832,35.570,29.262,160.248,80.801,79.447,7.993,3.798,4.195,17.675,3.123,14.552,0,0,0
BOLU,2017,BOLU,245.436,120.699,124.737,63.016,34.720,28.296,157.586,79.418,78.168,7.396,3.485,3.911,17.438,3.076,14.362,0,0,0
BOLU,2016,BOLU,242.566,118.950,123.616,62.040,33.973,28.067,156.244,78.701,77.543,6.966,3.270,3.696,17.316,3.006,14.310,0,0,0
BOLU,2015,BOLU,234.680,115.503,119.177,57.025,32.105,24.920,153.836,77.235,76.601,6.677,3.168,3.509,17.142,2.995,14.147,0,0,0
BOLU,2014,BOLU,229.370,111.924,117.446,53.647,29.662,23.985,152.520,76.476,76.044,6.285,2.895,3.390,16.918,2.891,14.027,0,0,0
BOLU,2013,BOLU,228.965,112.668,116.297,54.110,30.397,23.713,152.011,76.524,75.487,6.157,2.895,3.262,16.687,2.852,13.835,0,0,0
BOLU,2012,BOLU,226.874,112.053,114.821,54.788,31.026,23.762,149.950,75.534,74.416,5.737,2.653,3.084,16.399,2.840,13.559,0,0,0
BOLU,2011,BOLU,222.280,109.652,112.628,52.598,30.069,22.529,148.173,74.379,73.794,5.279,2.390,2.889,16.230,2.814,13.416,0,0,0
BOLU,2010,BOLU,217.183,106.313,110.870,49.244,27.680,21.564,146.863,73.598,73.265,4.983,2.230,2.753,16.093,2.805,13.288,0,0,0
BOLU,2009,BOLU,217.182,107.484,109.698,50.533,29.237,21.296,146.197,73.378,72.819,4.629,2.096,2.533,15.823,2.773,13.050,0,0,0
BOLU,2008,BOLU,214.072,106.009,108.063,49.332,28.692,20.640,144.782,72.586,72.196,4.397,1.980,2.417,15.561,2.751,12.810,0,0,0
BURDUR,2025,BURDUR,235.051,118.024,117.027,60.805,36.060,24.745,144.693,73.551,71.142,11.303,5.746,5.557,18.250,2.667,15.583,0,0,0
BURDUR,2024,BURDUR,232.583,115.709,116.874,58.089,33.762,24.327,145.702,73.934,71.768,10.691,5.369,5.322,18.101,2.644,15.457,0,0,0
BURDUR,2023,BURDUR,233.087,115.638,117.449,58.793,34.283,24.510,146.243,73.767,72.476,10.031,4.963,5.068,18.020,2.625,15.395,0,0,0
BURDUR,2022,BURDUR,229.711,113.848,115.863,57.797,33.657,24.140,144.887,73.150,71.737,9.197,4.486,4.711,17.830,2.555,15.275,0,0,0
BURDUR,2021,BURDUR,229.036,114.330,114.706,58.239,34.685,23.554,144.418,72.875,71.543,8.679,4.246,4.433,17.700,2.524,15.176,0,0,0
BURDUR,2020,BURDUR,218.467,108.793,109.674,51.246,30.994,20.252,141.822,71.407,70.415,7.998,3.893,4.105,17.401,2.499,14.902,0,0,0
BURDUR,2019,BURDUR,221.748,110.914,110.834,54.314,32.650,21.664,142.664,72.097,70.567,7.689,3.721,3.968,17.081,2.446,14.635,0,0,0
BURDUR,2018,BURDUR,220.688,109.711,110.977,53.493,31.688,21.805,142.794,72.016,70.778,7.409,3.562,3.847,16.992,2.445,14.547,0,0,0
BURDUR,2017,BURDUR,217.048,108.360,108.688,52.108,31.429,20.679,141.056,71.138,69.918,7.058,3.393,3.665,16.826,2.400,14.426,0,0,0
BURDUR,2016,BURDUR,212.987,104.994,107.993,48.783,28.449,20.334,140.653,70.829,69.824,6.870,3.305,3.565,16.681,2.411,14.270,0,0,0
BURDUR,2015,BURDUR,209.933,103.019,106.914,46.665,27.055,19.610,139.975,70.349,69.626,6.695,3.209,3.486,16.598,2.406,14.192,0,0,0
BURDUR,2014,BURDUR,208.228,102.029,106.199,45.034,26.110,18.924,140.301,70.514,69.787,6.387,3.015,3.372,16.506,2.390,14.116,0,0,0
BURDUR,2013,BURDUR,208.261,101.853,106.408,45.464,26.230,19.234,140.233,70.443,69.790,6.191,2.868,3.323,16.373,2.312,14.061,0,0,0
BURDUR,2012,BURDUR,205.058,100.000,105.058,43.209,24.892,18.317,139.671,70.079,69.592,5.985,2.753,3.232,16.193,2.276,13.917,0,0,0
BURDUR,2011,BURDUR,200.936,98.560,102.376,39.667,23.636,16.031,139.472,69.959,69.513,5.783,2.666,3.117,16.014,2.299,13.715,0,0,0
BURDUR,2010,BURDUR,208.676,106.600,102.076,47.585,31.472,16.113,139.758,70.370,69.388,5.536,2.510,3.026,15.797,2.248,13.549,0,0,0
BURDUR,2009,BURDUR,201.021,100.004,101.017,41.538,25.894,15.644,138.768,69.601,69.167,5.195,2.335,2.860,15.520,2.174,13.346,0,0,0
BURDUR,2008,BURDUR,196.406,95.931,100.475,38.229,22.620,15.609,137.993,69.034,68.959,4.989,2.173,2.816,15.195,2.104,13.091,0,0,0
BURSA,2025,BURSA,2.629.091,1.302.395,1.326.696,674.302,391.202,283.100,1.659.108,827.962,831.146,137.767,59.823,77.944,157.914,23.408,134.506,0,0,0
BURSA,2024,BURSA,2.593.898,1.285.286,1.308.612,661.707,384.429,277.278,1.647.247,821.758,825.489,129.772,56.177,73.595,155.172,22.922,132.250,0,0,0
BURSA,2023,BURSA,2.558.788,1.268.496,1.290.292,648.877,378.050,270.827,1.633.937,814.695,819.242,123.467,53.386,70.081,152.507,22.365,130.142,0,0,0
BURSA,2022,BURSA,2.530.248,1.254.002,1.276.246,640.608,372.094,268.514,1.622.844,809.511,813.333,117.045,50.496,66.549,149.751,21.901,127.850,0,0,0
BURSA,2021,BURSA,2.483.101,1.231.827,1.251.274,624.386,363.056,261.330,1.601.309,799.425,801.884,110.286,47.728,62.558,147.120,21.618,125.502,0,0,0
BURSA,2020,BURSA,2.403.119,1.192.376,1.210.743,597.052,346.573,250.479,1.561.560,780.973,780.587,102.529,44.264,58.265,141.978,20.566,121.412,0,0,0
BURSA,2019,BURSA,2.355.278,1.171.027,1.184.251,568.064,333.563,234.501,1.551.526,775.507,776.019,97.496,41.800,55.696,138.192,20.157,118.035,0,0,0
BURSA,2018,BURSA,2.303.469,1.143.465,1.160.004,548.025,320.705,227.320,1.528.028,763.674,764.354,92.142,39.395,52.747,135.274,19.691,115.583,0,0,0
BURSA,2017,BURSA,2.274.016,1.129.699,1.144.317,540.757,316.692,224.065,1.513.130,756.449,756.681,87.055,37.140,49.915,133.074,19.418,113.656,0,0,0
BURSA,2016,BURSA,2.237.380,1.113.016,1.124.364,534.478,314.076,220.402,1.488.944,744.524,744.420,83.048,35.320,47.728,130.910,19.096,111.814,0,0,0
BURSA,2015,BURSA,2.194.481,1.090.660,1.103.821,522.797,306.224,216.573,1.464.569,732.283,732.286,78.567,33.290,45.277,128.548,18.863,109.685,0,0,0
BURSA,2014,BURSA,2.151.552,1.067.689,1.083.863,512.798,298.566,214.232,1.438.966,719.448,719.518,73.832,31.165,42.667,125.956,18.510,107.446,0,0,0
BURSA,2013,BURSA,2.114.116,1.049.633,1.064.483,506.321,295.325,210.996,1.414.874,707.155,707.719,68.752,28.888,39.864,124.169,18.265,105.904,0,0,0
BURSA,2012,BURSA,2.074.845,1.028.429,1.046.416,495.740,287.272,208.468,1.392.648,696.132,696.516,64.362,26.979,37.383,122.095,18.046,104.049,0,0,0
BURSA,2011,BURSA,2.043.659,1.012.934,1.030.725,494.529,285.716,208.813,1.369.951,684.811,685.140,59.385,24.675,34.710,119.794,17.732,102.062,0,0,0
BURSA,2010,BURSA,1.999.865,988.993,1.010.872,485.195,277.952,207.243,1.343.625,671.540,672.085,54.333,22.210,32.123,116.712,17.291,99.421,0,0,0
BURSA,2009,BURSA,1.951.303,965.550,985.753,473.541,271.533,202.008,1.314.742,657.160,657.582,49.459,19.951,29.508,113.561,16.906,96.655,0,0,0
BURSA,2008,BURSA,1.914.474,948.153,966.321,465.796,267.347,198.449,1.291.140,645.458,645.682,46.582,18.907,27.675,110.951,16.440,94.511,5,1,4
ÇANAKKALE,2025,ÇANAKKALE,489.397,240.999,248.398,116.038,67.262,48.776,304.067,153.251,150.816,29.421,14.250,15.171,39.871,6.236,33.635,0,0,0
ÇANAKKALE,2024,ÇANAKKALE,483.258,237.870,245.388,112.845,65.466,47.379,303.135,152.709,150.426,27.887,13.522,14.365,39.391,6.173,33.218,0,0,0
ÇANAKKALE,2023,ÇANAKKALE,483.824,240.844,242.980,116.633,69.978,46.655,301.774,151.921,149.853,26.546,12.883,13.663,38.871,6.062,32.809,0,0,0
ÇANAKKALE,2022,ÇANAKKALE,472.766,234.962,237.804,112.220,66.820,45.400,297.725,150.117,147.608,24.793,12.118,12.675,38.028,5.907,32.121,0,0,0
ÇANAKKALE,2021,ÇANAKKALE,470.356,235.597,234.759,114.212,69.396,44.816,295.867,149.258,146.609,22.773,11.090,11.683,37.504,5.853,31.651,0,0,0
ÇANAKKALE,2020,ÇANAKKALE,450.254,224.734,225.520,101.130,61.596,39.534,291.621,147.185,144.436,20.955,10.229,10.726,36.548,5.724,30.824,0,0,0
ÇANAKKALE,2019,ÇANAKKALE,449.436,224.306,225.130,104.523,63.079,41.444,289.252,145.957,143.295,19.876,9.729,10.147,35.785,5.541,30.244,0,0,0
ÇANAKKALE,2018,ÇANAKKALE,449.213,225.985,223.228,106.513,65.708,40.805,288.557,145.561,142.996,18.684,9.155,9.529,35.459,5.561,29.898,0,0,0
ÇANAKKALE,2017,ÇANAKKALE,441.952,223.424,218.528,105.844,66.098,39.746,283.732,143.145,140.587,17.504,8.636,8.868,34.872,5.545,29.327,0,0,0
ÇANAKKALE,2016,ÇANAKKALE,432.655,216.894,215.761,100.934,61.860,39.074,280.564,141.291,139.273,16.599,8.175,8.424,34.558,5.568,28.990,0,0,0
ÇANAKKALE,2015,ÇANAKKALE,429.092,216.437,212.655,101.546,63.360,38.186,277.769,139.845,137.924,15.561,7.729,7.832,34.216,5.503,28.713,0,0,0
ÇANAKKALE,2014,ÇANAKKALE,428.542,216.920,211.622,102.768,64.629,38.139,277.388,139.636,137.752,14.453,7.203,7.250,33.933,5.452,28.481,0,0,0
ÇANAKKALE,2013,ÇANAKKALE,419.389,212.227,207.162,99.882,62.625,37.257,272.950,137.523,135.427,13.402,6.715,6.687,33.155,5.364,27.791,0,0,0
ÇANAKKALE,2012,ÇANAKKALE,411.499,208.493,203.006,96.216,60.809,35.407,269.939,135.925,134.014,12.735,6.389,6.346,32.609,5.370,27.239,0,0,0
ÇANAKKALE,2011,ÇANAKKALE,403.915,206.823,197.092,92.181,60.665,31.516,267.615,134.802,132.813,12.012,5.998,6.014,32.107,5.358,26.749,0,0,0
ÇANAKKALE,2010,ÇANAKKALE,407.745,212.192,195.553,98.742,67.035,31.707,266.259,134.264,131.995,11.153,5.544,5.609,31.591,5.349,26.242,0,0,0
ÇANAKKALE,2009,ÇANAKKALE,394.608,201.012,193.596,89.845,57.982,31.863,263.538,132.654,130.884,10.260,5.090,5.170,30.965,5.286,25.679,0,0,0
ÇANAKKALE,2008,ÇANAKKALE,391.793,199.738,192.055,90.264,58.226,32.038,261.453,131.495,129.958,9.618,4.794,4.824,30.458,5.223,25.235,0,0,0
ÇANKIRI,2025,ÇANKIRI,168.351,84.057,84.294,40.187,22.346,17.841,108.391,55.941,52.450,6.195,3.283,2.912,13.578,2.487,11.091,0,0,0
ÇANKIRI,2024,ÇANKIRI,167.490,83.688,83.802,39.545,22.212,17.333,108.546,55.977,52.569,5.835,3.082,2.753,13.564,2.417,11.147,0,0,0
ÇANKIRI,2023,ÇANKIRI,171.406,85.515,85.891,40.023,22.553,17.470,112.123,57.573,54.550,5.587,2.933,2.654,13.673,2.456,11.217,0,0,0
ÇANKIRI,2022,ÇANKIRI,162.288,81.347,80.941,38.552,22.014,16.538,105.273,54.239,51.034,5.199,2.739,2.460,13.264,2.355,10.909,0,0,0
ÇANKIRI,2021,ÇANKIRI,162.211,81.670,80.541,38.675,22.464,16.211,105.279,54.128,51.151,4.991,2.672,2.319,13.266,2.406,10.860,0,0,0
ÇANKIRI,2020,ÇANKIRI,154.149,77.209,76.940,33.827,19.618,14.209,102.673,52.762,49.911,4.626,2.482,2.144,13.023,2.347,10.676,0,0,0
ÇANKIRI,2019,ÇANKIRI,156.878,78.490,78.388,34.887,20.108,14.779,104.549,53.597,50.952,4.568,2.433,2.135,12.874,2.352,10.522,0,0,0
ÇANKIRI,2018,ÇANKIRI,173.771,87.600,86.171,39.064,22.922,16.142,116.903,59.895,57.008,4.589,2.365,2.224,13.215,2.418,10.797,0,0,0
ÇANKIRI,2017,ÇANKIRI,148.962,74.459,74.503,34.013,19.625,14.388,98.990,50.616,48.374,3.785,1.927,1.858,12.174,2.291,9.883,0,0,0
ÇANKIRI,2016,ÇANKIRI,147.015,72.884,74.131,32.799,18.572,14.227,98.476,50.177,48.299,3.604,1.832,1.772,12.136,2.303,9.833,0,0,0
ÇANKIRI,2015,ÇANKIRI,145.765,72.266,73.499,32.303,18.567,13.736,97.881,49.636,48.245,3.495,1.771,1.724,12.086,2.292,9.794,0,0,0
ÇANKIRI,2014,ÇANKIRI,148.650,73.943,74.707,32.874,19.156,13.718,100.243,50.742,49.501,3.398,1.740,1.658,12.135,2.305,9.830,0,0,0
ÇANKIRI,2013,ÇANKIRI,154.032,76.680,77.352,34.482,20.149,14.333,103.991,52.505,51.486,3.396,1.676,1.720,12.163,2.350,9.813,0,0,0
ÇANKIRI,2012,ÇANKIRI,147.687,73.596,74.091,32.924,19.387,13.537,99.920,50.435,49.485,3.097,1.508,1.589,11.746,2.266,9.480,0,0,0
ÇANKIRI,2011,ÇANKIRI,141.207,70.075,71.132,30.481,17.898,12.583,96.278,48.480,47.798,2.970,1.437,1.533,11.478,2.260,9.218,0,0,0
ÇANKIRI,2010,ÇANKIRI,141.779,70.189,71.590,29.836,17.482,12.354,97.574,49.044,48.530,2.888,1.375,1.513,11.481,2.288,9.193,0,0,0
ÇANKIRI,2009,ÇANKIRI,146.050,72.770,73.280,30.804,18.223,12.581,100.882,50.865,50.017,2.861,1.352,1.509,11.503,2.330,9.173,0,0,0
ÇANKIRI,2008,ÇANKIRI,138.185,68.564,69.621,29.679,17.739,11.940,94.849,47.433,47.416,2.632,1.177,1.455,11.025,2.215,8.810,0,0,0
ÇORUM,2025,ÇORUM,433.483,213.862,219.621,97.513,56.276,41.237,280.606,141.816,138.790,19.708,10.127,9.581,35.656,5.643,30.013,0,0,0
ÇORUM,2024,ÇORUM,432.527,213.414,219.113,95.846,55.498,40.348,282.419,142.619,139.800,18.837,9.592,9.245,35.425,5.705,29.720,0,0,0
ÇORUM,2023,ÇORUM,435.108,213.945,221.163,95.302,54.901,40.401,286.776,144.516,142.260,17.562,8.771,8.791,35.468,5.757,29.711,0,0,0
ÇORUM,2022,ÇORUM,429.025,211.470,217.555,94.725,54.879,39.846,282.814,142.687,140.127,16.299,8.157,8.142,35.187,5.747,29.440,0,0,0
ÇORUM,2021,ÇORUM,428.396,211.018,217.378,94.897,55.081,39.816,283.197,142.667,140.530,15.121,7.449,7.672,35.181,5.821,29.360,0,0,0
ÇORUM,2020,ÇORUM,422.058,207.321,214.737,93.264,53.582,39.682,280.435,141.299,139.136,13.685,6.650,7.035,34.674,5.790,28.884,0,0,0
ÇORUM,2019,ÇORUM,420.099,206.791,213.308,90.601,52.523,38.078,282.254,142.139,140.115,13.140,6.400,6.740,34.104,5.729,28.375,0,0,0
ÇORUM,2018,ÇORUM,421.978,206.955,215.023,90.678,52.135,38.543,285.064,143.241,141.823,12.380,5.908,6.472,33.856,5.671,28.185,0,0,0
ÇORUM,2017,ÇORUM,415.070,203.404,211.666,89.157,51.200,37.957,280.609,140.916,139.693,11.792,5.604,6.188,33.512,5.684,27.828,0,0,0
ÇORUM,2016,ÇORUM,415.439,203.895,211.544,89.394,51.691,37.703,281.231,141.092,140.139,11.411,5.418,5.993,33.403,5.694,27.709,0,0,0
ÇORUM,2015,ÇORUM,414.384,203.237,211.147,88.764,51.335,37.429,281.418,140.999,140.419,11.086,5.212,5.874,33.116,5.691,27.425,0,0,0
ÇORUM,2014,ÇORUM,415.841,204.199,211.642,89.290,51.777,37.513,283.157,141.813,141.344,10.513,4.871,5.642,32.881,5.738,27.143,0,0,0
ÇORUM,2013,ÇORUM,417.216,205.164,212.052,89.044,51.927,37.117,285.355,142.771,142.584,10.236,4.709,5.527,32.581,5.757,26.824,0,0,0
ÇORUM,2012,ÇORUM,412.971,202.384,210.587,86.089,49.752,36.337,285.151,142.533,142.618,9.613,4.421,5.192,32.118,5.678,26.440,0,0,0
ÇORUM,2011,ÇORUM,414.463,203.732,210.731,87.622,51.002,36.620,285.648,142.745,142.903,9.489,4.303,5.186,31.704,5.682,26.022,0,0,0
ÇORUM,2010,ÇORUM,412.281,201.784,210.497,86.033,49.381,36.652,286.061,142.749,143.312,8.940,3.985,4.955,31.247,5.669,25.578,0,0,0
ÇORUM,2009,ÇORUM,413.983,203.642,210.341,88.203,51.332,36.871,286.783,143.029,143.754,8.338,3.636,4.702,30.659,5.645,25.014,0,0,0
ÇORUM,2008,ÇORUM,415.408,203.553,211.855,89.143,51.175,37.968,288.017,143.302,144.715,8.157,3.534,4.623,30.090,5.541,24.549,1,1,0
DENİZLİ,2025,DENİZLİ,872.780,430.250,442.530,211.088,123.028,88.060,547.857,273.587,274.270,55.425,25.314,30.111,58.410,8.321,50.089,0,0,0
DENİZLİ,2024,DENİZLİ,868.067,428.271,439.796,209.305,122.295,87.010,548.818,274.034,274.784,52.253,23.743,28.510,57.691,8.199,49.492,0,0,0
DENİZLİ,2023,DENİZLİ,861.333,425.397,435.936,206.116,121.117,84.999,548.494,273.737,274.757,49.854,22.558,27.296,56.869,7.985,48.884,0,0,0
DENİZLİ,2022,DENİZLİ,855.246,422.260,432.986,204.865,120.248,84.617,546.253,272.629,273.624,48.052,21.566,26.486,56.076,7.817,48.259,0,0,0
DENİZLİ,2021,DENİZLİ,847.373,419.139,428.234,202.713,119.318,83.395,544.288,271.854,272.434,45.116,20.263,24.853,55.256,7.704,47.552,0,0,0
DENİZLİ,2020,DENİZLİ,825.320,408.465,416.855,194.587,114.690,79.897,534.851,267.489,267.362,42.014,18.865,23.149,53.868,7.421,46.447,0,0,0
DENİZLİ,2019,DENİZLİ,819.254,406.122,413.132,190.317,112.813,77.504,536.185,268.089,268.096,40.230,18.038,22.192,52.522,7.182,45.340,0,0,0
DENİZLİ,2018,DENİZLİ,812.023,401.467,410.556,187.796,110.579,77.217,534.733,267.194,267.539,37.684,16.722,20.962,51.810,6.972,44.838,0,0,0
DENİZLİ,2017,DENİZLİ,804.889,397.741,407.148,186.142,109.447,76.695,531.606,265.628,265.978,36.065,15.872,20.193,51.076,6.794,44.282,0,0,0
DENİZLİ,2016,DENİZLİ,793.136,391.266,401.870,181.955,106.753,75.202,526.603,262.942,263.661,34.334,14.945,19.389,50.244,6.626,43.618,0,0,0
DENİZLİ,2015,DENİZLİ,781.936,386.468,395.468,178.385,105.614,72.771,521.374,260.255,261.119,32.767,14.145,18.622,49.410,6.454,42.956,0,0,0
DENİZLİ,2014,DENİZLİ,768.889,380.346,388.543,173.555,102.957,70.598,515.500,257.547,257.953,31.264,13.542,17.722,48.570,6.300,42.270,0,0,0
DENİZLİ,2013,DENİZLİ,755.338,373.493,381.845,169.282,100.476,68.806,508.697,254.179,254.518,29.638,12.721,16.917,47.721,6.117,41.604,0,0,0
DENİZLİ,2012,DENİZLİ,743.142,366.716,376.426,164.243,97.003,67.240,503.847,251.764,252.083,28.102,12.015,16.087,46.950,5.934,41.016,0,0,0
DENİZLİ,2011,DENİZLİ,734.010,363.362,370.648,160.552,95.942,64.610,500.832,250.412,250.420,26.463,11.227,15.236,46.163,5.781,40.382,0,0,0
DENİZLİ,2010,DENİZLİ,722.159,356.430,365.729,156.141,92.528,63.613,496.033,247.830,248.203,24.826,10.419,14.407,45.159,5.653,39.506,0,0,0
DENİZLİ,2009,DENİZLİ,715.297,354.688,360.609,156.032,93.552,62.480,492.213,246.080,246.133,22.947,9.592,13.355,44.105,5.464,38.641,0,0,0
DENİZLİ,2008,DENİZLİ,705.986,350.068,355.918,152.029,91.346,60.683,489.184,244.466,244.718,21.485,8.929,12.556,43.288,5.327,37.961,0,0,0
DİYARBAKIR,2025,DİYARBAKIR,1.301.312,653.491,647.821,478.793,261.120,217.673,748.487,373.402,375.085,26.490,11.545,14.945,47.542,7.424,40.118,0,0,0
DİYARBAKIR,2024,DİYARBAKIR,1.275.839,640.642,635.197,468.281,255.562,212.719,736.856,367.463,369.393,24.135,10.377,13.758,46.567,7.240,39.327,0,0,0
DİYARBAKIR,2023,DİYARBAKIR,1.254.800,630.394,624.406,461.909,251.861,210.048,725.654,362.209,363.445,21.818,9.322,12.496,45.419,7.002,38.417,0,0,0
DİYARBAKIR,2022,DİYARBAKIR,1.233.198,617.731,615.467,452.438,245.503,206.935,716.298,357.026,359.272,19.892,8.389,11.503,44.570,6.813,37.757,0,0,0
DİYARBAKIR,2021,DİYARBAKIR,1.214.847,608.935,605.912,448.717,243.695,205.022,704.576,351.118,353.458,17.743,7.408,10.335,43.811,6.714,37.097,0,0,0
DİYARBAKIR,2020,DİYARBAKIR,1.202.902,601.933,600.969,449.694,242.765,206.929,694.841,346.360,348.481,15.662,6.455,9.207,42.705,6.353,36.352,0,0,0
DİYARBAKIR,2019,DİYARBAKIR,1.174.221,587.935,586.286,432.008,234.029,197.979,686.499,341.993,344.506,14.531,5.926,8.605,41.183,5.987,35.196,0,0,0
DİYARBAKIR,2018,DİYARBAKIR,1.152.283,578.172,574.111,426.402,232.151,194.251,672.543,334.907,337.636,13.062,5.296,7.766,40.276,5.818,34.458,0,0,0
DİYARBAKIR,2017,DİYARBAKIR,1.124.887,562.695,562.192,417.998,226.148,191.850,655.566,326.137,329.429,11.925,4.756,7.169,39.398,5.654,33.744,0,0,0
DİYARBAKIR,2016,DİYARBAKIR,1.103.358,552.335,551.023,415.937,224.987,190.950,637.621,317.437,320.184,11.139,4.413,6.726,38.661,5.498,33.163,0,0,0
DİYARBAKIR,2015,DİYARBAKIR,1.084.089,542.514,541.575,412.718,222.746,189.972,622.551,310.098,312.453,10.829,4.319,6.510,37.991,5.351,32.640,0,0,0
DİYARBAKIR,2014,DİYARBAKIR,1.064.084,531.869,532.215,406.625,218.933,187.692,609.986,303.673,306.313,10.230,4.081,6.149,37.243,5.182,32.061,0,0,0
DİYARBAKIR,2013,DİYARBAKIR,1.038.217,518.381,519.836,399.359,214.461,184.898,593.210,295.236,297.974,9.418,3.733,5.685,36.230,4.951,31.279,0,0,0
DİYARBAKIR,2012,DİYARBAKIR,1.022.918,513.544,509.374,400.879,217.466,183.413,577.850,287.801,290.049,8.795,3.502,5.293,35.394,4.775,30.619,0,0,0
DİYARBAKIR,2011,DİYARBAKIR,1.002.976,505.000,497.976,398.569,216.870,181.699,562.103,280.264,281.839,8.033,3.213,4.820,34.271,4.653,29.618,0,0,0
DİYARBAKIR,2010,DİYARBAKIR,963.369,477.630,485.739,378.459,199.139,179.320,544.258,271.029,273.229,7.506,3.018,4.488,33.146,4.444,28.702,0,0,0
DİYARBAKIR,2009,DİYARBAKIR,950.407,478.363,472.044,383.125,207.254,175.871,528.540,264.106,264.434,6.863,2.764,4.099,31.879,4.239,27.640,0,0,0
DİYARBAKIR,2008,DİYARBAKIR,934.218,470.505,463.713,384.925,207.857,177.068,512.193,256.014,256.179,6.496,2.652,3.844,30.604,3.982,26.622,0,0,0
DÜZCE,2025,DÜZCE,337.746,167.765,169.981,89.618,50.995,38.623,209.135,105.244,103.891,16.810,8.189,8.621,22.183,3.337,18.846,0,0,0
DÜZCE,2024,DÜZCE,333.409,165.564,167.845,88.600,50.386,38.214,207.338,104.300,103.038,15.733,7.636,8.097,21.738,3.242,18.496,0,0,0
DÜZCE,2023,DÜZCE,329.659,163.708,165.951,87.679,49.919,37.760,205.622,103.374,102.248,14.944,7.271,7.673,21.414,3.144,18.270,0,0,0
DÜZCE,2022,DÜZCE,324.415,161.666,162.749,86.775,49.856,36.919,202.704,101.996,100.708,14.037,6.810,7.227,20.899,3.004,17.895,0,0,0
DÜZCE,2021,DÜZCE,319.448,158.864,160.584,85.160,48.666,36.494,200.778,100.957,99.821,13.005,6.277,6.728,20.505,2.964,17.541,0,0,0
DÜZCE,2020,DÜZCE,309.824,153.978,155.846,82.584,47.077,35.507,195.454,98.311,97.143,11.848,5.707,6.141,19.938,2.883,17.055,0,0,0
DÜZCE,2019,DÜZCE,306.298,152.446,153.852,81.976,46.851,35.125,193.462,97.270,96.192,11.369,5.507,5.862,19.491,2.818,16.673,0,0,0
DÜZCE,2018,DÜZCE,302.399,150.296,152.103,80.619,45.864,34.755,192.070,96.557,95.513,10.540,5.086,5.454,19.170,2.789,16.381,0,0,0
DÜZCE,2017,DÜZCE,295.282,146.852,148.430,78.263,44.715,33.548,188.392,94.652,93.740,9.883,4.719,5.164,18.744,2.766,15.978,0,0,0
DÜZCE,2016,DÜZCE,289.091,144.295,144.796,76.145,44.133,32.012,185.187,92.959,92.228,9.325,4.472,4.853,18.434,2.731,15.703,0,0,0
DÜZCE,2015,DÜZCE,280.714,140.574,140.140,71.771,42.404,29.367,181.743,91.093,90.650,9.111,4.369,4.742,18.089,2.708,15.381,0,0,0
DÜZCE,2014,DÜZCE,275.623,137.620,138.003,69.792,40.998,28.794,179.598,89.952,89.646,8.441,3.995,4.446,17.792,2.675,15.117,0,0,0
DÜZCE,2013,DÜZCE,271.394,135.215,136.179,68.434,40.209,28.225,177.841,88.894,88.947,7.672,3.538,4.134,17.447,2.574,14.873,0,0,0
DÜZCE,2012,DÜZCE,266.558,132.501,134.057,66.894,39.086,27.808,175.327,87.596,87.731,7.122,3.272,3.850,17.215,2.547,14.668,0,0,0
DÜZCE,2011,DÜZCE,261.644,129.340,132.304,64.611,37.216,27.395,173.270,86.511,86.759,6.794,3.072,3.722,16.969,2.541,14.428,0,0,0
DÜZCE,2010,DÜZCE,257.073,126.726,130.347,62.926,35.911,27.015,171.215,85.457,85.758,6.351,2.871,3.480,16.581,2.487,14.094,0,0,0
DÜZCE,2009,DÜZCE,253.764,126.198,127.566,63.221,36.901,26.320,168.499,84.222,84.277,5.869,2.626,3.243,16.175,2.449,13.726,0,0,0
DÜZCE,2008,DÜZCE,247.571,122.397,125.174,60.733,34.880,25.853,165.470,82.633,82.837,5.559,2.476,3.083,15.807,2.408,13.399,2,0,2
EDİRNE,2025,EDİRNE,363.574,182.054,181.520,92.210,54.864,37.346,219.906,111.392,108.514,20.270,10.516,9.754,31.188,5.282,25.906,0,0,0
EDİRNE,2024,EDİRNE,361.496,180.847,180.649,91.502,54.489,37.013,219.856,111.254,108.602,19.257,9.921,9.336,30.881,5.183,25.698,0,0,0
EDİRNE,2023,EDİRNE,359.441,179.524,179.917,90.725,54.059,36.666,220.050,111.081,108.969,18.219,9.325,8.894,30.447,5.059,25.388,0,0,0
EDİRNE,2022,EDİRNE,354.102,177.086,177.016,88.809,53.092,35.717,218.135,110.202,107.933,17.160,8.800,8.360,29.998,4.992,25.006,0,0,0
EDİRNE,2021,EDİRNE,351.276,176.483,174.793,88.737,53.998,34.739,216.802,109.407,107.395,16.056,8.185,7.871,29.681,4.893,24.788,0,0,0
EDİRNE,2020,EDİRNE,341.364,171.854,169.510,81.947,50.969,30.978,215.386,108.627,106.759,14.911,7.509,7.402,29.120,4.749,24.371,0,0,0
EDİRNE,2019,EDİRNE,347.375,176.424,170.951,87.634,54.726,32.908,216.610,109.598,107.012,14.492,7.436,7.056,28.639,4.664,23.975,0,0,0
EDİRNE,2018,EDİRNE,346.715,176.364,170.351,86.902,54.570,32.332,217.672,110.093,107.579,13.770,7.066,6.704,28.371,4.635,23.736,0,0,0
EDİRNE,2017,EDİRNE,343.062,173.775,169.287,85.942,53.534,32.408,216.048,109.038,107.010,13.004,6.610,6.394,28.068,4.593,23.475,0,0,0
EDİRNE,2016,EDİRNE,337.508,171.011,166.497,82.034,51.814,30.220,215.445,108.488,106.957,12.262,6.187,6.075,27.767,4.522,23.245,0,0,0
EDİRNE,2015,EDİRNE,337.930,170.399,167.531,83.524,51.716,31.808,215.298,108.344,106.954,11.613,5.844,5.769,27.495,4.495,23.000,0,0,0
EDİRNE,2014,EDİRNE,335.834,169.968,165.866,81.874,51.314,30.560,215.821,108.639,107.182,10.924,5.540,5.384,27.215,4.475,22.740,0,0,0
EDİRNE,2013,EDİRNE,333.416,168.157,165.259,80.920,50.102,30.818,215.343,108.394,106.949,10.326,5.257,5.069,26.827,4.404,22.423,0,0,0
EDİRNE,2012,EDİRNE,333.866,169.861,164.005,82.335,52.249,30.086,215.159,108.280,106.879,9.883,5.000,4.883,26.489,4.332,22.157,0,0,0
EDİRNE,2011,EDİRNE,332.477,170.019,162.458,81.527,52.575,28.952,215.001,108.171,106.830,9.701,4.921,4.780,26.248,4.352,21.896,0,0,0
EDİRNE,2010,EDİRNE,323.268,161.791,161.477,74.432,45.577,28.855,213.719,107.248,106.471,9.218,4.641,4.577,25.899,4.325,21.574,0,0,0
EDİRNE,2009,EDİRNE,326.991,166.287,160.704,79.574,50.455,29.119,213.389,107.257,106.132,8.618,4.318,4.300,25.410,4.257,21.153,0,0,0
EDİRNE,2008,EDİRNE,325.579,167.153,158.426,80.607,52.523,28.084,211.801,106.380,105.421,8.149,4.060,4.089,25.021,4.189,20.832,1,1,0
ELAZIĞ,2025,ELAZIĞ,486.510,237.785,248.725,148.974,80.352,68.622,290.091,145.193,144.898,18.099,7.813,10.286,29.346,4.427,24.919,0,0,0
ELAZIĞ,2024,ELAZIĞ,481.647,235.473,246.174,146.675,79.236,67.439,289.148,144.603,144.545,16.896,7.294,9.602,28.928,4.340,24.588,0,0,0
ELAZIĞ,2023,ELAZIĞ,478.805,234.237,244.568,145.753,78.922,66.831,288.822,144.316,144.506,15.696,6.775,8.921,28.534,4.224,24.310,0,0,0
ELAZIĞ,2022,ELAZIĞ,466.025,227.844,238.181,142.507,76.924,65.583,280.938,140.488,140.450,14.570,6.296,8.274,28.010,4.136,23.874,0,0,0
ELAZIĞ,2021,ELAZIĞ,461.469,226.183,235.286,142.607,77.370,65.237,278.108,139.068,139.040,13.133,5.640,7.493,27.621,4.105,23.516,0,0,0
ELAZIĞ,2020,ELAZIĞ,457.180,223.870,233.310,141.238,76.388,64.850,277.150,138.563,138.587,11.820,4.970,6.850,26.972,3.949,23.023,0,0,0
ELAZIĞ,2019,ELAZIĞ,457.129,224.187,232.942,140.564,76.340,64.224,278.749,139.257,139.492,11.241,4.643,6.598,26.575,3.947,22.628,0,0,0
ELAZIĞ,2018,ELAZIĞ,458.924,225.964,232.960,141.471,77.503,63.968,280.729,140.300,140.429,10.454,4.266,6.188,26.270,3.895,22.375,0,0,0
ELAZIĞ,2017,ELAZIĞ,448.993,221.109,227.884,139.946,76.730,63.216,273.488,136.684,136.804,9.668,3.850,5.818,25.891,3.845,22.046,0,0,0
ELAZIĞ,2016,ELAZIĞ,444.642,218.741,225.901,139.978,76.819,63.159,269.944,134.543,135.401,9.204,3.605,5.599,25.516,3.774,21.742,0,0,0
ELAZIĞ,2015,ELAZIĞ,439.900,216.305,223.595,139.088,76.172,62.916,266.796,132.924,133.872,8.904,3.467,5.437,25.112,3.742,21.370,0,0,0
ELAZIĞ,2014,ELAZIĞ,433.145,211.897,221.248,134.988,72.974,62.014,264.893,131.892,133.001,8.546,3.349,5.197,24.718,3.682,21.036,0,0,0
ELAZIĞ,2013,ELAZIĞ,430.538,211.379,219.159,134.895,73.501,61.394,263.132,131.114,132.018,8.090,3.143,4.947,24.421,3.621,20.800,0,0,0
ELAZIĞ,2012,ELAZIĞ,424.178,208.416,215.762,134.534,73.339,61.195,258.175,128.628,129.547,7.610,2.943,4.667,23.859,3.506,20.353,0,0,0
ELAZIĞ,2011,ELAZIĞ,417.796,204.851,212.945,131.629,71.274,60.355,255.740,127.371,128.369,7.107,2.720,4.387,23.320,3.486,19.834,0,0,0
ELAZIĞ,2010,ELAZIĞ,410.869,199.738,211.131,129.354,68.451,60.903,252.202,125.388,126.814,6.702,2.535,4.167,22.611,3.364,19.247,0,0,0
ELAZIĞ,2009,ELAZIĞ,407.653,199.739,207.914,131.336,70.721,60.615,248.164,123.416,124.748,6.267,2.335,3.932,21.886,3.267,18.619,0,0,0
ELAZIĞ,2008,ELAZIĞ,403.057,197.187,205.870,131.282,70.256,61.026,244.390,121.521,122.869,5.940,2.207,3.733,21.445,3.203,18.242,0,0,0
ERZİNCAN,2025,ERZİNCAN,197.694,100.410,97.284,59.412,34.131,25.281,116.313,59.621,56.692,8.488,4.419,4.069,13.481,2.239,11.242,0,0,0
ERZİNCAN,2024,ERZİNCAN,198.332,100.969,97.363,59.566,34.330,25.236,117.266,60.269,56.997,8.019,4.141,3.878,13.481,2.229,11.252,0,0,0
ERZİNCAN,2023,ERZİNCAN,199.441,101.717,97.724,60.336,35.068,25.268,118.493,60.837,57.656,7.225,3.629,3.596,13.387,2.183,11.204,0,0,0
ERZİNCAN,2022,ERZİNCAN,194.862,98.360,96.502,59.094,34.059,25.035,116.047,58.939,57.108,6.562,3.244,3.318,13.159,2.118,11.041,0,0,0
ERZİNCAN,2021,ERZİNCAN,192.252,97.201,95.051,58.927,34.218,24.709,114.350,58.064,56.286,5.934,2.873,3.061,13.041,2.046,10.995,0,0,0
ERZİNCAN,2020,ERZİNCAN,186.502,94.623,91.879,55.577,32.688,22.889,112.529,57.191,55.338,5.583,2.722,2.861,12.813,2.022,10.791,0,0,0
ERZİNCAN,2019,ERZİNCAN,186.842,95.272,91.570,56.351,32.874,23.477,112.408,57.708,54.700,5.433,2.682,2.751,12.650,2.008,10.642,0,0,0
ERZİNCAN,2018,ERZİNCAN,188.397,95.801,92.596,57.846,34.066,23.780,112.788,57.263,55.525,5.050,2.447,2.603,12.713,2.025,10.688,0,0,0
ERZİNCAN,2017,ERZİNCAN,183.287,93.790,89.497,58.331,34.897,23.434,108.181,54.792,53.389,4.576,2.197,2.379,12.199,1.904,10.295,0,0,0
ERZİNCAN,2016,ERZİNCAN,177.996,89.463,88.533,53.800,31.020,22.780,107.638,54.399,53.239,4.323,2.080,2.243,12.235,1.964,10.271,0,0,0
ERZİNCAN,2015,ERZİNCAN,176.872,89.577,87.295,54.031,31.707,22.324,106.764,54.033,52.731,3.996,1.895,2.101,12.081,1.942,10.139,0,0,0
ERZİNCAN,2014,ERZİNCAN,177.140,89.094,88.046,53.442,30.915,22.527,107.817,54.423,53.394,3.808,1.796,2.012,12.073,1.960,10.113,0,0,0
ERZİNCAN,2013,ERZİNCAN,172.841,87.456,85.385,52.581,30.917,21.664,104.952,53.025,51.927,3.613,1.675,1.938,11.695,1.839,9.856,0,0,0
ERZİNCAN,2012,ERZİNCAN,170.433,86.301,84.132,51.310,30.373,20.937,104.128,52.538,51.590,3.431,1.583,1.848,11.564,1.807,9.757,0,0,0
ERZİNCAN,2011,ERZİNCAN,167.396,85.117,82.279,49.217,29.573,19.644,103.411,52.189,51.222,3.327,1.537,1.790,11.441,1.818,9.623,0,0,0
ERZİNCAN,2010,ERZİNCAN,175.645,93.585,82.060,57.481,37.833,19.648,103.727,52.490,51.237,3.195,1.475,1.720,11.242,1.787,9.455,0,0,0
ERZİNCAN,2009,ERZİNCAN,163.134,83.258,79.876,48.180,29.361,18.819,101.085,50.872,50.213,2.968,1.359,1.609,10.901,1.666,9.235,0,0,0
ERZİNCAN,2008,ERZİNCAN,159.480,81.330,78.150,45.843,28.068,17.775,100.174,50.347,49.827,2.785,1.275,1.510,10.678,1.640,9.038,0,0,0
ERZURUM,2025,ERZURUM,570.958,281.749,289.209,187.869,101.325,86.544,335.344,168.569,166.775,13.178,6.346,6.832,34.567,5.509,29.058,0,0,0
ERZURUM,2024,ERZURUM,573.190,283.572,289.618,188.375,102.132,86.243,338.319,170.180,168.139,12.085,5.743,6.342,34.411,5.517,28.894,0,0,0
ERZURUM,2023,ERZURUM,572.103,281.370,290.733,187.669,100.702,86.967,339.161,169.985,169.176,11.120,5.185,5.935,34.153,5.498,28.655,0,0,0
ERZURUM,2022,ERZURUM,567.971,279.955,288.016,186.273,100.727,85.546,337.495,169.049,168.446,10.165,4.672,5.493,34.038,5.507,28.531,0,0,0
ERZURUM,2021,ERZURUM,569.238,280.992,288.246,187.792,102.189,85.603,338.322,169.188,169.134,9.232,4.179,5.053,33.892,5.436,28.456,0,0,0
ERZURUM,2020,ERZURUM,562.769,278.171,284.598,183.837,100.508,83.329,337.118,168.554,168.564,8.381,3.733,4.648,33.433,5.376,28.057,0,0,0
ERZURUM,2019,ERZURUM,563.257,277.951,285.306,185.636,100.731,84.905,336.819,168.376,168.443,7.952,3.514,4.438,32.850,5.330,27.520,0,0,0
ERZURUM,2018,ERZURUM,565.601,279.710,285.891,185.954,101.794,84.160,339.246,169.289,169.957,7.397,3.238,4.159,33.004,5.389,27.615,0,0,0
ERZURUM,2017,ERZURUM,556.834,274.927,281.907,183.812,100.514,83.298,333.584,166.170,167.414,6.894,2.967,3.927,32.544,5.276,27.268,0,0,0
ERZURUM,2016,ERZURUM,555.056,274.997,280.059,182.479,100.743,81.736,333.457,166.171,167.286,6.607,2.819,3.788,32.513,5.264,27.249,0,0,0
ERZURUM,2015,ERZURUM,551.654,274.147,277.507,180.246,100.373,79.873,332.724,165.872,166.852,6.384,2.704,3.680,32.300,5.198,27.102,0,0,0
ERZURUM,2014,ERZURUM,547.221,273.546,273.675,174.748,99.372,75.376,334.355,166.473,167.882,5.932,2.492,3.440,32.186,5.209,26.977,0,0,0
ERZURUM,2013,ERZURUM,544.929,270.459,274.470,177.051,98.068,78.983,330.823,164.968,165.855,5.601,2.341,3.260,31.454,5.082,26.372,0,0,0
ERZURUM,2012,ERZURUM,550.424,274.589,275.835,182.238,101.974,80.264,331.633,165.263,166.370,5.411,2.272,3.139,31.142,5.080,26.062,0,0,0
ERZURUM,2011,ERZURUM,547.764,273.841,273.923,181.424,101.641,79.783,330.512,164.887,165.625,5.110,2.132,2.978,30.718,5.181,25.537,0,0,0
ERZURUM,2010,ERZURUM,534.042,264.388,269.654,172.973,94.814,78.159,326.271,162.589,163.682,4.769,1.971,2.798,30.029,5.014,25.015,0,0,0
ERZURUM,2009,ERZURUM,535.076,267.325,267.751,179.091,99.904,79.187,322.140,160.687,161.453,4.413,1.812,2.601,29.432,4.922,24.510,0,0,0
ERZURUM,2008,ERZURUM,532.159,267.375,264.784,178.560,101.180,77.380,320.523,159.722,160.801,4.244,1.729,2.515,28.831,4.744,24.087,1,0,1
ESKİŞEHİR,2025,ESKİŞEHİR,778.475,384.118,394.357,214.897,123.574,91.323,458.547,229.510,229.037,51.658,23.212,28.446,53.373,7.822,45.551,0,0,0
ESKİŞEHİR,2024,ESKİŞEHİR,768.954,378.761,390.193,210.631,120.700,89.931,456.962,228.557,228.405,48.737,21.867,26.870,52.624,7.637,44.987,0,0,0
ESKİŞEHİR,2023,ESKİŞEHİR,759.724,374.245,385.479,206.848,118.769,88.079,454.883,227.428,227.455,45.995,20.516,25.479,51.998,7.532,44.466,0,0,0
ESKİŞEHİR,2022,ESKİŞEHİR,749.285,370.188,379.097,202.804,117.070,85.734,451.898,226.457,225.441,43.299,19.299,24.000,51.284,7.362,43.922,0,0,0
ESKİŞEHİR,2021,ESKİŞEHİR,739.970,366.060,373.910,198.079,114.809,83.270,450.172,225.670,224.502,40.853,18.248,22.605,50.866,7.333,43.533,0,0,0
ESKİŞEHİR,2020,ESKİŞEHİR,713.886,353.120,360.766,186.876,108.386,78.490,439.530,220.643,218.887,37.826,16.910,20.916,49.654,7.181,42.473,0,0,0
ESKİŞEHİR,2019,ESKİŞEHİR,710.889,352.712,358.177,186.002,108.756,77.246,439.804,220.609,219.195,36.363,16.289,20.074,48.720,7.058,41.662,0,0,0
ESKİŞEHİR,2018,ESKİŞEHİR,700.497,346.330,354.167,182.880,106.148,76.732,435.520,218.079,217.441,34.151,15.161,18.990,47.946,6.942,41.004,0,0,0
ESKİŞEHİR,2017,ESKİŞEHİR,695.518,343.956,351.562,182.028,105.467,76.561,433.761,217.308,216.453,32.303,14.298,18.005,47.426,6.883,40.543,0,0,0
ESKİŞEHİR,2016,ESKİŞEHİR,684.678,339.053,345.625,179.177,104.220,74.957,428.221,214.550,213.671,30.535,13.492,17.043,46.745,6.791,39.954,0,0,0
ESKİŞEHİR,2015,ESKİŞEHİR,671.378,332.240,339.138,175.504,101.823,73.681,420.930,210.935,209.995,29.012,12.803,16.209,45.932,6.679,39.253,0,0,0
ESKİŞEHİR,2014,ESKİŞEHİR,661.091,327.254,333.837,173.704,100.565,73.139,414.816,207.973,206.843,27.502,12.122,15.380,45.069,6.594,38.475,0,0,0
ESKİŞEHİR,2013,ESKİŞEHİR,651.168,322.729,328.439,171.746,99.975,71.771,408.938,204.883,204.055,25.947,11.379,14.568,44.537,6.492,38.045,0,0,0
ESKİŞEHİR,2012,ESKİŞEHİR,642.954,318.275,324.679,170.552,98.813,71.739,403.955,202.382,201.573,24.546,10.743,13.803,43.901,6.337,37.564,0,0,0
ESKİŞEHİR,2011,ESKİŞEHİR,633.949,313.327,320.622,167.930,96.845,71.085,399.757,200.267,199.490,23.009,9.941,13.068,43.253,6.274,36.979,0,0,0
ESKİŞEHİR,2010,ESKİŞEHİR,618.559,303.451,315.108,161.505,91.357,70.148,393.394,196.859,196.535,21.434,9.140,12.294,42.226,6.095,36.131,0,0,0
ESKİŞEHİR,2009,ESKİŞEHİR,610.126,300.599,309.527,161.529,92.297,69.232,387.716,194.067,193.649,19.711,8.295,11.416,41.170,5.940,35.230,0,0,0
ESKİŞEHİR,2008,ESKİŞEHİR,597.306,294.410,302.896,156.082,89.456,66.626,382.401,191.281,191.120,18.470,7.803,10.667,40.353,5.870,34.483,0,0,0
GAZİANTEP,2025,GAZİANTEP,1.585.663,793.513,792.150,477.440,267.783,209.657,983.509,491.171,492.338,58.993,24.953,34.040,65.721,9.606,56.115,0,0,0
GAZİANTEP,2024,GAZİANTEP,1.549.687,776.949,772.738,463.980,261.988,201.992,967.080,482.737,484.343,54.741,22.977,31.764,63.886,9.247,54.639,0,0,0
GAZİANTEP,2023,GAZİANTEP,1.513.996,759.491,754.505,449.834,254.736,195.098,951.392,474.809,476.583,50.520,21.020,29.500,62.250,8.926,53.324,0,0,0
GAZİANTEP,2022,GAZİANTEP,1.490.588,748.778,741.810,437.781,249.010,188.771,944.279,471.755,472.524,47.765,19.675,28.090,60.763,8.338,52.425,0,0,0
GAZİANTEP,2021,GAZİANTEP,1.462.007,734.216,727.791,426.632,242.117,184.515,932.297,466.313,465.984,43.460,17.659,25.801,59.618,8.127,51.491,0,0,0
GAZİANTEP,2020,GAZİANTEP,1.421.471,712.961,708.510,416.087,235.737,180.350,907.654,453.564,454.090,39.977,15.944,24.033,57.753,7.716,50.037,0,0,0
GAZİANTEP,2019,GAZİANTEP,1.385.606,694.278,691.328,393.567,223.186,170.381,899.269,449.149,450.120,37.541,14.751,22.790,55.229,7.192,48.037,0,0,0
GAZİANTEP,2018,GAZİANTEP,1.352.125,676.991,675.134,381.802,216.369,165.433,881.731,440.264,441.467,34.788,13.433,21.355,53.804,6.925,46.879,0,0,0
GAZİANTEP,2017,GAZİANTEP,1.335.100,669.049,666.051,378.361,214.700,163.661,871.216,435.229,435.987,32.658,12.432,20.226,52.865,6.688,46.177,0,0,0
GAZİANTEP,2016,GAZİANTEP,1.309.353,657.374,651.979,371.062,211.671,159.391,855.410,427.491,427.919,31.169,11.793,19.376,51.712,6.419,45.293,0,0,0
GAZİANTEP,2015,GAZİANTEP,1.276.335,639.442,636.893,359.529,204.541,154.988,836.231,417.465,418.766,30.003,11.254,18.749,50.572,6.182,44.390,0,0,0
GAZİANTEP,2014,GAZİANTEP,1.245.751,624.013,621.738,349.809,199.004,150.805,818.194,408.466,409.728,28.375,10.606,17.769,49.373,5.937,43.436,0,0,0
GAZİANTEP,2013,GAZİANTEP,1.209.627,605.942,603.685,335.955,191.402,144.553,798.528,398.795,399.733,26.842,10.011,16.831,48.302,5.734,42.568,0,0,0
GAZİANTEP,2012,GAZİANTEP,1.176.660,588.626,588.034,326.214,185.217,140.997,778.059,388.576,389.483,25.138,9.267,15.871,47.249,5.566,41.683,0,0,0
GAZİANTEP,2011,GAZİANTEP,1.141.912,570.407,571.505,317.998,179.332,138.666,754.243,376.806,377.437,23.749,8.754,14.995,45.922,5.515,40.407,0,0,0
GAZİANTEP,2010,GAZİANTEP,1.103.256,549.751,553.505,309.619,173.344,136.275,727.582,363.233,364.349,21.785,7.907,13.878,44.270,5.267,39.003,0,0,0
GAZİANTEP,2009,GAZİANTEP,1.067.786,531.997,535.789,302.218,169.165,133.053,703.078,350.738,352.340,19.788,7.055,12.733,42.702,5.039,37.663,0,0,0
GAZİANTEP,2008,GAZİANTEP,1.042.767,519.097,523.670,300.391,167.593,132.798,682.205,339.973,342.232,18.821,6.731,12.090,41.349,4.800,36.549,1,0,1
GİRESUN,2025,GİRESUN,388.326,193.146,195.180,95.423,55.361,40.062,240.242,122.777,117.465,18.234,9.796,8.438,34.427,5.212,29.215,0,0,0
GİRESUN,2024,GİRESUN,387.569,192.875,194.694,95.510,55.546,39.964,240.572,122.946,117.626,17.281,9.235,8.046,34.206,5.148,29.058,0,0,0
GİRESUN,2023,GİRESUN,391.177,194.466,196.711,96.132,55.747,40.385,244.407,124.758,119.649,16.539,8.798,7.741,34.099,5.163,28.936,0,0,0
GİRESUN,2022,GİRESUN,380.775,189.146,191.629,95.881,55.534,40.347,235.859,120.289,115.570,15.472,8.288,7.184,33.563,5.035,28.528,0,0,0
GİRESUN,2021,GİRESUN,378.210,187.316,190.894,95.686,55.003,40.683,234.486,119.415,115.071,14.632,7.778,6.854,33.406,5.120,28.286,0,0,0
GİRESUN,2020,GİRESUN,371.616,184.056,187.560,92.830,53.531,39.299,232.355,118.316,114.039,13.483,7.158,6.325,32.948,5.051,27.897,0,0,0
GİRESUN,2019,GİRESUN,370.711,183.426,187.285,93.002,53.382,39.620,232.387,118.297,114.090,12.801,6.802,5.999,32.521,4.945,27.576,0,0,0
GİRESUN,2018,GİRESUN,374.697,185.158,189.539,93.277,53.300,39.977,237.193,120.742,116.451,11.779,6.146,5.633,32.448,4.970,27.478,0,0,0
GİRESUN,2017,GİRESUN,358.881,176.788,182.093,91.497,52.286,39.211,225.258,114.138,111.120,10.862,5.618,5.244,31.264,4.746,26.518,0,0,0
GİRESUN,2016,GİRESUN,364.182,179.145,185.037,93.646,53.235,40.411,229.065,115.923,113.142,10.258,5.259,4.999,31.213,4.728,26.485,0,0,0
GİRESUN,2015,GİRESUN,348.827,170.972,177.855,88.797,50.436,38.361,219.913,111.081,108.832,9.704,4.924,4.780,30.413,4.531,25.882,0,0,0
GİRESUN,2014,GİRESUN,350.579,171.719,178.860,88.358,50.179,38.179,222.702,112.338,110.364,9.245,4.693,4.552,30.274,4.509,25.765,0,0,0
GİRESUN,2013,GİRESUN,344.310,168.571,175.739,87.141,49.330,37.811,218.804,110.415,108.389,8.748,4.416,4.332,29.617,4.410,25.207,0,0,0
GİRESUN,2012,GİRESUN,337.667,165.295,172.372,86.055,48.916,37.139,214.561,107.909,106.652,8.267,4.116,4.151,28.784,4.354,24.430,0,0,0
GİRESUN,2011,GİRESUN,334.670,164.146,170.524,84.914,48.654,36.260,213.580,107.235,106.345,8.002,3.994,4.008,28.174,4.263,23.911,0,0,0
GİRESUN,2010,GİRESUN,331.686,161.927,169.759,83.809,47.449,36.360,212.487,106.505,105.982,7.717,3.794,3.923,27.673,4.179,23.494,0,0,0
GİRESUN,2009,GİRESUN,331.610,163.156,168.454,85.516,49.372,36.144,211.793,106.135,105.658,7.382,3.580,3.802,26.919,4.069,22.850,0,0,0
GİRESUN,2008,GİRESUN,329.322,161.763,167.559,84.725,48.624,36.101,211.245,105.631,105.614,7.309,3.574,3.735,26.043,3.934,22.109,0,0,0
GÜMÜŞHANE,2025,GÜMÜŞHANE,116.886,58.444,58.442,37.256,20.046,17.210,68.312,35.168,33.144,3.285,1.903,1.382,8.033,1.327,6.706,0,0,0
GÜMÜŞHANE,2024,GÜMÜŞHANE,120.021,59.994,60.027,38.729,20.851,17.878,69.929,35.987,33.942,3.170,1.832,1.338,8.193,1.324,6.869,0,0,0
GÜMÜŞHANE,2023,GÜMÜŞHANE,124.642,62.437,62.205,40.121,21.760,18.361,73.076,37.590,35.486,3.091,1.743,1.348,8.354,1.344,7.010,0,0,0
GÜMÜŞHANE,2022,GÜMÜŞHANE,120.390,60.192,60.198,39.654,21.502,18.152,69.838,35.793,34.045,2.808,1.571,1.237,8.090,1.326,6.764,0,0,0
GÜMÜŞHANE,2021,GÜMÜŞHANE,123.960,62.167,61.793,41.101,22.474,18.627,72.109,36.897,35.212,2.618,1.442,1.176,8.132,1.354,6.778,0,0,0
GÜMÜŞHANE,2020,GÜMÜŞHANE,114.426,57.954,56.472,34.968,19.941,15.027,69.079,35.371,33.708,2.354,1.332,1.022,8.025,1.310,6.715,0,0,0
GÜMÜŞHANE,2019,GÜMÜŞHANE,133.046,67.033,66.013,44.106,24.427,19.679,78.369,39.888,38.481,2.416,1.379,1.037,8.155,1.339,6.816,0,0,0
GÜMÜŞHANE,2018,GÜMÜŞHANE,131.586,66.409,65.177,42.527,23.766,18.761,78.510,40.050,38.460,2.254,1.213,1.041,8.295,1.380,6.915,0,0,0
GÜMÜŞHANE,2017,GÜMÜŞHANE,135.639,68.376,67.263,46.272,25.642,20.630,79.447,40.265,39.182,2.114,1.172,942,7.806,1.297,6.509,0,0,0
GÜMÜŞHANE,2016,GÜMÜŞHANE,136.238,69.193,67.045,45.785,25.905,19.880,80.698,40.890,39.808,1.968,1.105,863,7.787,1.293,6.494,0,0,0
GÜMÜŞHANE,2015,GÜMÜŞHANE,120.565,60.983,59.582,40.236,22.858,17.378,70.976,35.947,35.029,1.712,906,806,7.641,1.272,6.369,0,0,0
GÜMÜŞHANE,2014,GÜMÜŞHANE,117.053,59.183,57.870,38.735,22.187,16.548,68.913,34.841,34.072,1.640,841,799,7.765,1.314,6.451,0,0,0
GÜMÜŞHANE,2013,GÜMÜŞHANE,111.881,56.498,55.383,35.662,20.487,15.175,67.012,33.943,33.069,1.619,803,816,7.588,1.265,6.323,0,0,0
GÜMÜŞHANE,2012,GÜMÜŞHANE,105.431,53.133,52.298,32.577,18.740,13.837,64.142,32.454,31.688,1.482,728,754,7.230,1.211,6.019,0,0,0
GÜMÜŞHANE,2011,GÜMÜŞHANE,101.972,51.411,50.561,30.378,17.681,12.697,63.110,31.843,31.267,1.433,699,734,7.051,1.188,5.863,0,0,0
GÜMÜŞHANE,2010,GÜMÜŞHANE,98.609,49.265,49.344,28.353,16.321,12.032,61.916,31.108,30.808,1.418,672,746,6.922,1.164,5.758,0,0,0
GÜMÜŞHANE,2009,GÜMÜŞHANE,98.924,49.505,49.419,28.479,16.449,12.030,62.385,31.351,31.034,1.340,610,730,6.720,1.095,5.625,0,0,0
GÜMÜŞHANE,2008,GÜMÜŞHANE,98.479,48.939,49.540,27.842,15.828,12.014,62.820,31.470,31.350,1.348,605,743,6.469,1.036,5.433,0,0,0
HAKKARİ,2025,HAKKARİ,207.422,109.116,98.306,92.060,52.436,39.624,107.668,54.837,52.831,1.687,958,729,6.007,885,5.122,0,0,0
HAKKARİ,2024,HAKKARİ,208.725,111.488,97.237,93.992,54.479,39.513,107.224,55.217,52.007,1.580,932,648,5.929,860,5.069,0,0,0
HAKKARİ,2023,HAKKARİ,212.216,115.498,96.718,97.223,57.393,39.830,107.670,56.361,51.309,1.503,908,595,5.820,836,4.984,0,0,0
HAKKARİ,2022,HAKKARİ,198.924,104.345,94.579,90.232,51.055,39.177,101.751,51.811,49.940,1.224,670,554,5.717,809,4.908,0,0,0
HAKKARİ,2021,HAKKARİ,199.880,106.340,93.540,92.495,53.447,39.048,100.685,51.511,49.174,1.079,592,487,5.621,790,4.831,0,0,0
HAKKARİ,2020,HAKKARİ,199.367,107.321,92.046,94.896,55.637,39.259,97.996,50.336,47.660,968,563,405,5.507,785,4.722,0,0,0
HAKKARİ,2019,HAKKARİ,197.767,108.366,89.401,94.046,56.527,37.519,97.429,50.497,46.932,948,569,379,5.344,773,4.571,0,0,0
HAKKARİ,2018,HAKKARİ,202.462,114.220,88.242,99.292,61.966,37.326,96.957,50.946,46.011,891,541,350,5.322,767,4.555,0,0,0
HAKKARİ,2017,HAKKARİ,190.426,104.988,85.438,92.751,56.646,36.105,91.648,47.165,44.483,734,427,307,5.293,750,4.543,0,0,0
HAKKARİ,2016,HAKKARİ,181.739,98.543,83.196,87.854,52.464,35.390,88.051,45.001,43.050,632,346,286,5.202,732,4.470,0,0,0
HAKKARİ,2015,HAKKARİ,188.767,105.060,83.707,93.083,57.474,35.609,89.830,46.447,43.383,684,396,288,5.170,743,4.427,0,0,0
HAKKARİ,2014,HAKKARİ,183.605,101.116,82.489,89.603,54.709,34.894,88.307,45.365,42.942,613,334,279,5.082,708,4.374,0,0,0
HAKKARİ,2013,HAKKARİ,178.647,97.906,80.741,86.626,52.574,34.052,86.456,44.344,42.112,591,333,258,4.974,655,4.319,0,0,0
HAKKARİ,2012,HAKKARİ,183.958,105.467,78.491,94.846,61.742,33.104,83.725,42.820,40.905,495,270,225,4.892,635,4.257,0,0,0
HAKKARİ,2011,HAKKARİ,174.642,97.798,76.844,87.492,55.163,32.329,81.925,41.776,40.149,456,244,212,4.769,615,4.154,0,0,0
HAKKARİ,2010,HAKKARİ,152.782,78.701,74.081,69.578,38.643,30.935,78.158,39.264,38.894,383,187,196,4.663,607,4.056,0,0,0
HAKKARİ,2009,HAKKARİ,156.293,84.567,71.726,73.882,44.305,29.577,77.547,39.476,38.071,398,209,189,4.466,577,3.889,0,0,0
HAKKARİ,2008,HAKKARİ,157.109,86.615,70.494,75.136,46.270,28.866,77.258,39.600,37.658,369,197,172,4.346,548,3.798,0,0,0
HATAY,2025,HATAY,1.193.257,600.062,593.195,347.147,200.572,146.575,731.920,366.801,365.119,50.396,23.077,27.319,63.794,9.612,54.182,0,0,0
HATAY,2024,HATAY,1.172.960,591.935,581.025,339.174,197.991,141.183,724.744,363.368,361.376,46.586,21.149,25.437,62.456,9.427,53.029,0,0,0
HATAY,2023,HATAY,1.148.762,578.839,569.923,330.180,192.081,138.099,715.248,358.461,356.787,42.698,19.113,23.585,60.636,9.184,51.452,0,0,0
HATAY,2022,HATAY,1.240.263,618.248,622.015,357.540,204.638,152.902,775.238,385.978,389.260,45.761,19.595,26.166,61.724,8.037,53.687,0,0,0
HATAY,2021,HATAY,1.220.717,609.144,611.573,350.795,201.200,149.595,767.116,382.065,385.051,42.372,17.949,24.423,60.434,7.930,52.504,0,0,0
HATAY,2020,HATAY,1.202.664,598.893,603.771,347.869,198.209,149.660,757.338,376.755,380.583,39.120,16.372,22.748,58.337,7.557,50.780,0,0,0
HATAY,2019,HATAY,1.171.078,583.137,587.941,328.640,188.542,140.098,749.641,372.117,377.524,36.978,15.369,21.609,55.819,7.109,48.710,0,0,0
HATAY,2018,HATAY,1.152.072,574.622,577.450,322.649,185.509,137.140,740.837,368.351,372.486,34.120,13.957,20.163,54.466,6.805,47.661,0,0,0
HATAY,2017,HATAY,1.124.596,559.236,565.360,313.787,180.260,133.527,725.851,359.527,366.324,31.892,12.834,19.058,53.066,6.615,46.451,0,0,0
HATAY,2016,HATAY,1.108.691,552.170,556.521,312.225,180.159,132.066,714.502,353.640,360.862,30.045,11.941,18.104,51.919,6.430,45.489,0,0,0
HATAY,2015,HATAY,1.089.175,541.814,547.361,307.780,177.493,130.287,701.805,346.567,355.238,28.749,11.434,17.315,50.841,6.320,44.521,0,0,0
HATAY,2014,HATAY,1.076.509,536.724,539.785,308.085,178.672,129.413,691.522,341.205,350.317,27.182,10.726,16.456,49.720,6.121,43.599,0,0,0
HATAY,2013,HATAY,1.061.397,530.030,531.367,307.046,178.562,128.484,680.023,335.446,344.577,25.692,10.056,15.636,48.636,5.966,42.670,0,0,0
HATAY,2012,HATAY,1.042.943,517.790,525.153,299.997,171.608,128.389,670.777,330.869,339.908,24.474,9.479,14.995,47.695,5.834,41.861,0,0,0
HATAY,2011,HATAY,1.034.341,516.644,517.697,303.300,174.625,128.675,661.019,327.212,333.807,23.363,9.039,14.324,46.659,5.768,40.891,0,0,0
HATAY,2010,HATAY,1.042.766,532.073,510.693,322.761,193.212,129.549,652.778,324.811,327.967,21.904,8.426,13.478,45.323,5.624,39.699,0,0,0
HATAY,2009,HATAY,1.012.191,509.697,502.494,307.177,178.199,128.978,640.657,318.404,322.253,20.306,7.628,12.678,44.051,5.466,38.585,0,0,0
HATAY,2008,HATAY,984.970,489.442,495.528,299.144,167.919,131.225,623.558,308.966,314.592,19.310,7.191,12.119,42.958,5.366,37.592,0,0,0
IĞDIR,2025,IĞDIR,152.422,78.884,73.538,53.217,31.502,21.715,86.949,43.881,43.068,5.043,2.502,2.541,7.213,999,6.214,0,0,0
IĞDIR,2024,IĞDIR,152.609,79.695,72.914,53.597,32.199,21.398,87.242,44.205,43.037,4.658,2.284,2.374,7.112,1.007,6.105,0,0,0
IĞDIR,2023,IĞDIR,153.880,81.092,72.788,53.746,32.427,21.319,88.648,45.495,43.153,4.478,2.168,2.310,7.008,1.002,6.006,0,0,0
IĞDIR,2022,IĞDIR,146.761,75.773,70.988,50.142,29.716,20.426,85.738,43.161,42.577,4.032,1.932,2.100,6.849,964,5.885,0,0,0
IĞDIR,2021,IĞDIR,144.846,74.982,69.864,48.937,29.386,19.551,85.586,42.963,42.623,3.604,1.708,1.896,6.719,925,5.794,0,0,0
IĞDIR,2020,IĞDIR,141.602,72.511,69.091,48.238,28.527,19.711,83.674,41.695,41.979,3.163,1.413,1.750,6.527,876,5.651,0,0,0
IĞDIR,2019,IĞDIR,139.221,71.553,67.668,46.415,27.507,18.908,83.281,41.776,41.505,3.110,1.405,1.705,6.415,865,5.550,0,0,0
IĞDIR,2018,IĞDIR,137.615,71.438,66.177,46.542,28.186,18.356,81.827,41.092,40.735,2.884,1.300,1.584,6.362,860,5.502,0,0,0
IĞDIR,2017,IĞDIR,134.350,69.228,65.122,45.096,27.075,18.021,80.321,40.136,40.185,2.655,1.177,1.478,6.278,840,5.438,0,0,0
IĞDIR,2016,IĞDIR,131.878,67.725,64.153,44.236,26.408,17.828,78.867,39.362,39.505,2.569,1.117,1.452,6.206,838,5.368,0,0,0
IĞDIR,2015,IĞDIR,131.030,67.502,63.528,44.265,26.590,17.675,78.309,39.118,39.191,2.377,1.014,1.363,6.079,780,5.299,0,0,0
IĞDIR,2014,IĞDIR,129.917,66.877,63.040,44.393,26.464,17.929,77.255,38.668,38.587,2.315,986,1.329,5.954,759,5.195,0,0,0
IĞDIR,2013,IĞDIR,127.991,65.897,62.094,44.185,26.347,17.838,75.662,37.830,37.832,2.233,960,1.273,5.911,760,5.151,0,0,0
IĞDIR,2012,IĞDIR,127.347,66.138,61.209,44.764,27.068,17.696,74.707,37.445,37.262,2.077,896,1.181,5.799,729,5.070,0,0,0
IĞDIR,2011,IĞDIR,125.268,65.114,60.154,44.529,26.837,17.692,73.009,36.630,36.379,2.064,920,1.144,5.666,727,4.939,0,0,0
IĞDIR,2010,IĞDIR,120.884,61.828,59.056,42.338,24.644,17.694,71.066,35.592,35.474,1.961,874,1.087,5.519,718,4.801,0,0,0
IĞDIR,2009,IĞDIR,119.906,62.009,57.897,43.407,25.675,17.732,69.331,34.834,34.497,1.833,821,1.012,5.335,679,4.656,0,0,0
IĞDIR,2008,IĞDIR,120.688,62.726,57.962,45.545,27.109,18.436,68.165,34.180,33.985,1.788,814,974,5.190,623,4.567,0,0,0
ISPARTA,2025,ISPARTA,371.539,181.930,189.609,98.226,54.568,43.658,229.922,115.167,114.755,17.312,8.112,9.200,26.079,4.083,21.996,0,0,0
ISPARTA,2024,ISPARTA,370.724,181.358,189.366,98.427,54.466,43.961,230.316,115.389,114.927,16.246,7.557,8.689,25.735,3.946,21.789,0,0,0
ISPARTA,2023,ISPARTA,371.683,182.428,189.255,99.571,55.639,43.932,230.987,115.688,115.299,15.627,7.200,8.427,25.498,3.901,21.597,0,0,0
ISPARTA,2022,ISPARTA,366.341,179.275,187.066,97.117,53.804,43.313,229.609,114.965,114.644,14.438,6.653,7.785,25.177,3.853,21.324,0,0,0
ISPARTA,2021,ISPARTA,365.261,179.449,185.812,97.654,54.707,42.947,229.117,114.738,114.379,13.571,6.221,7.350,24.919,3.783,21.136,0,0,0
ISPARTA,2020,ISPARTA,351.849,173.060,178.789,90.479,51.090,39.389,224.644,112.631,112.013,12.419,5.682,6.737,24.307,3.657,20.650,0,0,0
ISPARTA,2019,ISPARTA,356.173,175.568,180.605,95.795,53.859,41.936,224.762,112.667,112.095,11.883,5.438,6.445,23.733,3.604,20.129,0,0,0
ISPARTA,2018,ISPARTA,353.945,174.333,179.612,94.776,53.355,41.421,224.492,112.357,112.135,11.110,5.013,6.097,23.567,3.608,19.959,0,0,0
ISPARTA,2017,ISPARTA,347.841,174.074,173.767,90.952,54.073,36.879,223.214,111.847,111.367,10.419,4.637,5.782,23.256,3.517,19.739,0,0,0
ISPARTA,2016,ISPARTA,340.952,168.049,172.903,85.219,48.599,36.620,222.582,111.473,111.109,10.121,4.484,5.637,23.030,3.493,19.537,0,0,0
ISPARTA,2015,ISPARTA,336.230,165.824,170.406,82.542,47.359,35.183,221.084,110.755,110.329,9.762,4.277,5.485,22.842,3.433,19.409,0,0,0
ISPARTA,2014,ISPARTA,333.815,164.868,168.947,80.918,46.741,34.177,220.937,110.605,110.332,9.435,4.105,5.330,22.525,3.417,19.108,0,0,0
ISPARTA,2013,ISPARTA,332.711,164.238,168.473,81.318,46.830,34.488,220.174,110.178,109.996,8.938,3.868,5.070,22.281,3.362,18.919,0,0,0
ISPARTA,2012,ISPARTA,331.233,163.629,167.604,80.786,46.642,34.144,219.894,110.006,109.888,8.490,3.647,4.843,22.063,3.334,18.729,0,0,0
ISPARTA,2011,ISPARTA,325.528,161.369,164.159,76.723,45.037,31.686,218.909,109.505,109.404,8.157,3.535,4.622,21.739,3.292,18.447,0,0,0
ISPARTA,2010,ISPARTA,361.942,198.036,163.906,111.773,79.569,32.204,221.137,111.950,109.187,7.746,3.316,4.430,21.286,3.201,18.085,0,0,0
ISPARTA,2009,ISPARTA,333.816,169.982,163.834,87.185,54.142,33.043,218.521,109.704,108.817,7.315,3.049,4.266,20.795,3.087,17.708,0,0,0
ISPARTA,2008,ISPARTA,320.487,159.326,161.161,77.150,45.440,31.710,215.896,107.962,107.934,7.002,2.897,4.105,20.439,3.027,17.412,0,0,0
İSTANBUL,2025,İSTANBUL,12.808.144,6.339.064,6.469.080,4.147.557,2.300.825,1.846.732,7.325.551,3.645.230,3.680.321,763.959,316.951,447.008,571.077,76.058,495.019,0,0,0
İSTANBUL,2024,İSTANBUL,12.655.214,6.256.549,6.398.665,4.061.498,2.255.556,1.805.942,7.295.689,3.622.906,3.672.783,734.688,303.706,430.982,563.339,74.381,488.958,0,0,0
İSTANBUL,2023,İSTANBUL,12.524.750,6.199.065,6.325.685,4.002.364,2.229.806,1.772.558,7.263.025,3.606.228,3.656.797,705.408,290.784,414.624,553.953,72.247,481.706,0,0,0
İSTANBUL,2022,İSTANBUL,12.644.129,6.279.582,6.364.547,4.007.324,2.242.914,1.764.410,7.398.322,3.683.748,3.714.574,686.454,281.651,404.803,552.029,71.269,480.760,0,0,0
İSTANBUL,2021,İSTANBUL,12.524.454,6.230.722,6.293.732,3.929.832,2.205.568,1.724.264,7.388.621,3.684.847,3.703.774,659.275,269.819,389.456,546.726,70.488,476.238,0,0,0
İSTANBUL,2020,İSTANBUL,11.755.384,5.852.676,5.902.708,3.516.338,1.987.078,1.529.260,7.089.437,3.544.780,3.544.657,620.120,253.473,366.647,529.489,67.345,462.144,0,0,0
İSTANBUL,2019,İSTANBUL,11.636.096,5.788.054,5.848.042,3.435.399,1.939.922,1.495.477,7.084.217,3.539.724,3.544.493,599.188,243.049,356.139,517.292,65.359,451.933,0,0,0
İSTANBUL,2018,İSTANBUL,11.363.994,5.646.939,5.717.055,3.333.524,1.878.465,1.455.059,6.959.029,3.476.970,3.482.059,566.572,228.381,338.191,504.869,63.123,441.746,0,0,0
İSTANBUL,2017,İSTANBUL,11.416.443,5.686.515,5.729.928,3.318.011,1.878.344,1.439.667,7.047.939,3.526.827,3.521.112,544.800,218.420,326.380,505.693,62.924,442.769,0,0,0
İSTANBUL,2016,İSTANBUL,11.283.522,5.629.478,5.654.044,3.279.816,1.864.350,1.415.466,6.981.769,3.494.212,3.487.557,525.898,209.823,316.075,496.039,61.093,434.946,0,0,0
İSTANBUL,2015,İSTANBUL,11.177.884,5.585.261,5.592.623,3.253.057,1.855.238,1.397.819,6.926.796,3.467.277,3.459.519,509.369,202.751,306.618,488.662,59.995,428.667,0,0,0
İSTANBUL,2014,İSTANBUL,10.953.151,5.472.078,5.481.073,3.182.488,1.813.546,1.368.942,6.803.669,3.406.617,3.397.052,489.107,193.918,295.189,477.887,57.997,419.890,0,0,0
İSTANBUL,2013,İSTANBUL,10.784.805,5.387.237,5.397.568,3.119.308,1.780.505,1.338.803,6.725.736,3.366.702,3.359.034,465.331,182.917,282.414,474.430,57.113,417.317,0,0,0
İSTANBUL,2012,İSTANBUL,10.555.290,5.268.712,5.286.578,3.037.119,1.731.099,1.306.020,6.607.736,3.308.753,3.298.983,441.478,172.642,268.836,468.957,56.218,412.739,0,0,0
İSTANBUL,2011,İSTANBUL,10.355.152,5.167.961,5.187.191,2.985.035,1.699.378,1.285.657,6.494.853,3.252.850,3.242.003,414.751,160.789,253.962,460.513,54.944,405.569,0,0,0
İSTANBUL,2010,İSTANBUL,10.042.447,5.004.330,5.038.117,2.872.256,1.629.464,1.242.792,6.338.961,3.175.162,3.163.799,384.049,146.521,237.528,447.181,53.183,393.998,0,0,0
İSTANBUL,2009,İSTANBUL,9.750.518,4.872.389,4.878.129,2.806.319,1.603.603,1.202.716,6.161.166,3.086.511,3.074.655,350.743,130.992,219.751,432.290,51.283,381.007,0,0,0
İSTANBUL,2008,İSTANBUL,9.563.384,4.775.248,4.788.136,2.752.406,1.569.294,1.183.112,6.057.526,3.032.439,3.025.087,329.930,123.508,206.422,423.504,50.002,373.502,18,5,13
İZMİR,2025,İZMİR,3.764.185,1.847.925,1.916.260,998.383,575.686,422.697,2.210.055,1.102.618,1.107.437,315.019,137.025,177.994,240.728,32.596,208.132,0,0,0
İZMİR,2024,İZMİR,3.733.186,1.834.012,1.899.174,982.338,567.932,414.406,2.211.911,1.103.435,1.108.476,301.928,130.696,171.232,237.009,31.949,205.060,0,0,0
İZMİR,2023,İZMİR,3.701.733,1.821.958,1.879.775,970.187,563.936,406.251,2.207.233,1.101.200,1.106.033,290.876,125.693,165.183,233.437,31.129,202.308,0,0,0
İZMİR,2022,İZMİR,3.668.723,1.808.490,1.860.233,953.172,555.414,397.758,2.206.539,1.101.962,1.104.577,279.279,120.572,158.707,229.733,30.542,199.191,0,0,0
İZMİR,2021,İZMİR,3.622.260,1.786.773,1.835.487,931.291,543.908,387.383,2.198.058,1.097.949,1.100.109,266.762,114.947,151.815,226.149,29.969,196.180,0,0,0
İZMİR,2020,İZMİR,3.557.841,1.760.893,1.796.948,905.716,532.824,372.892,2.178.501,1.090.509,1.087.992,252.543,108.598,143.945,221.081,28.962,192.119,0,0,0
İZMİR,2019,İZMİR,3.520.951,1.743.246,1.777.705,883.931,521.174,362.757,2.175.790,1.088.722,1.087.068,244.868,105.230,139.638,216.362,28.120,188.242,0,0,0
İZMİR,2018,İZMİR,3.479.458,1.723.114,1.756.344,870.001,512.917,357.084,2.163.991,1.083.069,1.080.922,232.704,99.691,133.013,212.762,27.437,185.325,0,0,0
İZMİR,2017,İZMİR,3.446.934,1.707.734,1.739.200,860.898,507.515,353.383,2.154.836,1.078.774,1.076.062,221.796,94.577,127.219,209.404,26.868,182.536,0,0,0
İZMİR,2016,İZMİR,3.398.503,1.682.638,1.715.865,847.331,498.530,348.801,2.132.295,1.067.082,1.065.213,213.076,90.729,122.347,205.801,26.297,179.504,0,0,0
İZMİR,2015,İZMİR,3.353.104,1.661.637,1.691.467,840.264,495.716,344.548,2.105.901,1.053.374,1.052.527,204.435,86.767,117.668,202.504,25.780,176.724,0,0,0
İZMİR,2014,İZMİR,3.306.941,1.638.092,1.668.849,831.473,489.637,341.836,2.081.572,1.041.215,1.040.357,194.651,82.053,112.598,199.245,25.187,174.058,0,0,0
İZMİR,2013,İZMİR,3.258.468,1.616.576,1.641.892,823.454,486.618,336.836,2.054.183,1.027.771,1.026.412,185.324,77.715,107.609,195.507,24.472,171.035,0,0,0
İZMİR,2012,İZMİR,3.212.690,1.592.973,1.619.717,813.967,479.703,334.264,2.028.866,1.015.220,1.013.646,177.422,74.184,103.238,192.435,23.866,168.569,0,0,0
İZMİR,2011,İZMİR,3.171.600,1.571.487,1.600.113,809.798,475.979,333.819,2.004.145,1.002.490,1.001.655,168.360,69.601,98.759,189.297,23.417,165.880,0,0,0
İZMİR,2010,İZMİR,3.157.613,1.578.894,1.578.719,833.011,499.291,333.720,1.981.002,992.067,988.935,158.367,64.864,93.503,185.233,22.672,162.561,0,0,0
İZMİR,2009,İZMİR,3.076.853,1.526.804,1.550.049,797.740,468.943,328.797,1.952.034,976.852,975.182,146.320,58.946,87.374,180.759,22.063,158.696,0,0,0
İZMİR,2008,İZMİR,3.011.095,1.494.038,1.517.057,780.269,457.183,323.086,1.917.373,959.496,957.877,137.935,55.924,82.011,175.516,21.435,154.081,2,0,2
KAHRAMANMARAŞ,2025,KAHRAMANMARAŞ,874.026,444.434,429.592,243.896,142.349,101.547,554.983,279.318,275.665,32.442,15.417,17.025,42.705,7.350,35.355,0,0,0
KAHRAMANMARAŞ,2024,KAHRAMANMARAŞ,856.249,435.417,420.832,236.591,138.886,97.705,547.960,275.341,272.619,29.692,13.872,15.820,42.006,7.318,34.688,0,0,0
KAHRAMANMARAŞ,2023,KAHRAMANMARAŞ,833.767,423.076,410.691,226.675,133.047,93.628,538.828,270.359,268.469,27.326,12.522,14.804,40.938,7.148,33.790,0,0,0
KAHRAMANMARAŞ,2022,KAHRAMANMARAŞ,869.455,440.115,429.340,238.234,139.407,98.827,562.171,281.412,280.759,28.247,12.851,15.396,40.803,6.445,34.358,0,0,0
KAHRAMANMARAŞ,2021,KAHRAMANMARAŞ,857.120,433.461,423.659,234.049,136.590,97.459,557.222,278.998,278.224,25.811,11.563,14.248,40.038,6.310,33.728,0,0,0
KAHRAMANMARAŞ,2020,KAHRAMANMARAŞ,845.474,427.130,418.344,231.955,134.776,97.179,551.606,276.101,275.505,23.230,10.232,12.998,38.683,6.021,32.662,0,0,0
KAHRAMANMARAŞ,2019,KAHRAMANMARAŞ,827.972,418.894,409.078,220.358,129.309,91.049,548.597,274.369,274.228,21.809,9.440,12.369,37.208,5.776,31.432,0,0,0
KAHRAMANMARAŞ,2018,KAHRAMANMARAŞ,814.316,410.415,403.901,213.311,124.673,88.638,544.615,271.770,272.845,19.846,8.342,11.504,36.544,5.630,30.914,0,0,0
KAHRAMANMARAŞ,2017,KAHRAMANMARAŞ,795.932,401.480,394.452,207.428,121.780,85.648,534.449,266.570,267.879,18.307,7.640,10.667,35.748,5.490,30.258,0,0,0
KAHRAMANMARAŞ,2016,KAHRAMANMARAŞ,785.429,397.419,388.010,205.228,121.567,83.661,527.941,263.395,264.546,17.258,7.103,10.155,35.002,5.354,29.648,0,0,0
KAHRAMANMARAŞ,2015,KAHRAMANMARAŞ,769.539,388.321,381.218,199.762,117.551,82.211,518.946,258.827,260.119,16.541,6.767,9.774,34.290,5.176,29.114,0,0,0
KAHRAMANMARAŞ,2014,KAHRAMANMARAŞ,761.000,384.614,376.386,198.286,116.991,81.295,513.190,256.083,257.107,15.810,6.405,9.405,33.714,5.135,28.579,0,0,0
KAHRAMANMARAŞ,2013,KAHRAMANMARAŞ,747.337,377.905,369.432,193.834,114.507,79.327,505.571,252.348,253.223,15.032,6.101,8.931,32.900,4.949,27.951,0,0,0
KAHRAMANMARAŞ,2012,KAHRAMANMARAŞ,735.865,371.717,364.148,191.304,112.617,78.687,497.852,248.409,249.443,14.364,5.806,8.558,32.345,4.885,27.460,0,0,0
KAHRAMANMARAŞ,2011,KAHRAMANMARAŞ,726.608,366.257,360.351,189.253,110.401,78.852,491.683,245.418,246.265,13.842,5.581,8.261,31.830,4.857,26.973,0,0,0
KAHRAMANMARAŞ,2010,KAHRAMANMARAŞ,717.332,360.083,357.249,189.242,108.745,80.497,484.007,241.444,242.563,13.036,5.225,7.811,31.047,4.669,26.378,0,0,0
KAHRAMANMARAŞ,2009,KAHRAMANMARAŞ,710.074,357.817,352.257,191.833,111.117,80.716,476.045,237.410,238.635,11.973,4.774,7.199,30.223,4.516,25.707,0,0,0
KAHRAMANMARAŞ,2008,KAHRAMANMARAŞ,704.015,354.365,349.650,195.418,112.345,83.073,467.922,233.238,234.684,11.321,4.472,6.849,29.354,4.310,25.044,0,0,0
KARABÜK,2025,KARABÜK,213.437,107.431,106.006,63.324,37.004,26.320,124.169,62.682,61.487,10.128,5.191,4.937,15.816,2.554,13.262,0,0,0
KARABÜK,2024,KARABÜK,213.197,106.830,106.367,63.026,36.325,26.701,124.812,63.036,61.776,9.684,4.924,4.760,15.675,2.545,13.130,0,0,0
KARABÜK,2023,KARABÜK,216.794,108.571,108.223,66.147,37.861,28.286,126.054,63.625,62.429,9.069,4.539,4.530,15.524,2.546,12.978,0,0,0
KARABÜK,2022,KARABÜK,213.433,106.336,107.097,65.627,37.297,28.330,123.963,62.264,61.699,8.495,4.237,4.258,15.348,2.538,12.810,0,0,0
KARABÜK,2021,KARABÜK,209.966,104.264,105.702,63.248,35.721,27.527,123.650,62.130,61.520,7.874,3.893,3.981,15.194,2.520,12.674,0,0,0
KARABÜK,2020,KARABÜK,195.902,96.005,99.897,52.428,28.931,23.497,121.362,61.018,60.344,7.206,3.564,3.642,14.906,2.492,12.414,0,0,0
KARABÜK,2019,KARABÜK,200.335,98.308,102.027,57.139,31.233,25.906,121.481,61.139,60.342,6.992,3.445,3.547,14.723,2.491,12.232,0,0,0
KARABÜK,2018,KARABÜK,201.366,99.923,101.443,58.372,32.818,25.554,121.840,61.436,60.404,6.513,3.195,3.318,14.641,2.474,12.167,0,0,0
KARABÜK,2017,KARABÜK,199.321,99.244,100.077,59.054,33.453,25.601,119.724,60.386,59.338,6.165,2.989,3.176,14.378,2.416,11.962,0,0,0
KARABÜK,2016,KARABÜK,198.784,99.219,99.565,59.753,34.029,25.724,118.750,59.841,58.909,5.945,2.887,3.058,14.336,2.462,11.874,0,0,0
KARABÜK,2015,KARABÜK,194.569,97.334,97.235,56.646,32.698,23.948,118.077,59.448,58.629,5.657,2.720,2.937,14.189,2.468,11.721,0,0,0
KARABÜK,2014,KARABÜK,190.065,96.079,93.986,53.397,32.019,21.378,117.292,58.989,58.303,5.415,2.629,2.786,13.961,2.442,11.519,0,0,0
KARABÜK,2013,KARABÜK,189.125,95.951,93.174,52.663,31.859,20.804,117.523,59.193,58.330,5.074,2.436,2.638,13.865,2.463,11.402,0,0,0
KARABÜK,2012,KARABÜK,183.743,92.562,91.181,48.384,29.047,19.337,116.797,58.716,58.081,4.899,2.360,2.539,13.663,2.439,11.224,0,0,0
KARABÜK,2011,KARABÜK,177.605,88.798,88.807,43.265,26.048,17.217,116.222,58.194,58.028,4.561,2.127,2.434,13.557,2.429,11.128,0,0,0
KARABÜK,2010,KARABÜK,184.696,96.000,88.696,49.936,32.710,17.226,117.059,58.862,58.197,4.293,1.995,2.298,13.408,2.433,10.975,0,0,0
KARABÜK,2009,KARABÜK,174.986,86.819,88.167,41.573,24.540,17.033,116.111,58.036,58.075,4.112,1.862,2.250,13.190,2.381,10.809,0,0,0
KARABÜK,2008,KARABÜK,172.017,83.897,88.120,39.368,22.050,17.318,115.873,57.772,58.101,3.889,1.767,2.122,12.887,2.308,10.579,0,0,0
KARAMAN,2025,KARAMAN,211.322,104.693,106.629,57.008,32.118,24.890,129.829,65.248,64.581,11.413,5.340,6.073,13.072,1.987,11.085,0,0,0
KARAMAN,2024,KARAMAN,210.259,103.921,106.338,56.485,31.685,24.800,130.076,65.295,64.781,10.745,4.996,5.749,12.953,1.945,11.008,0,0,0
KARAMAN,2023,KARAMAN,209.961,103.825,106.136,56.300,31.585,24.715,130.807,65.663,65.144,10.017,4.651,5.366,12.837,1.926,10.911,0,0,0
KARAMAN,2022,KARAMAN,206.475,102.411,104.064,55.379,31.291,24.088,129.265,64.951,64.314,9.211,4.257,4.954,12.620,1.912,10.708,0,0,0
KARAMAN,2021,KARAMAN,203.686,101.328,102.358,53.924,30.834,23.090,128.710,64.666,64.044,8.466,3.889,4.577,12.586,1.939,10.647,0,0,0
KARAMAN,2020,KARAMAN,197.089,98.065,99.024,50.630,29.104,21.526,126.499,63.554,62.945,7.610,3.471,4.139,12.350,1.936,10.414,0,0,0
KARAMAN,2019,KARAMAN,195.449,96.969,98.480,50.190,28.593,21.597,125.880,63.216,62.664,7.300,3.305,3.995,12.079,1.855,10.224,0,0,0
KARAMAN,2018,KARAMAN,193.525,95.968,97.557,49.129,27.957,21.172,125.801,63.210,62.591,6.695,2.988,3.707,11.900,1.813,10.087,0,0,0
KARAMAN,2017,KARAMAN,188.974,93.675,95.299,46.777,26.818,19.959,124.196,62.323,61.873,6.371,2.789,3.582,11.630,1.745,9.885,0,0,0
KARAMAN,2016,KARAMAN,187.977,92.473,95.504,46.826,26.175,20.651,123.623,61.983,61.640,6.024,2.582,3.442,11.504,1.733,9.771,0,0,0
KARAMAN,2015,KARAMAN,185.321,91.684,93.637,45.847,26.194,19.653,122.319,61.325,60.994,5.841,2.486,3.355,11.314,1.679,9.635,0,0,0
KARAMAN,2014,KARAMAN,183.135,90.671,92.464,45.178,25.896,19.282,121.123,60.723,60.400,5.599,2.358,3.241,11.235,1.694,9.541,0,0,0
KARAMAN,2013,KARAMAN,180.054,88.780,91.274,43.888,24.986,18.902,119.922,60.043,59.879,5.214,2.124,3.090,11.030,1.627,9.403,0,0,0
KARAMAN,2012,KARAMAN,177.373,87.299,90.074,42.965,24.478,18.487,118.558,59.242,59.316,4.958,2.005,2.953,10.892,1.574,9.318,0,0,0
KARAMAN,2011,KARAMAN,175.238,86.669,88.569,42.124,24.372,17.752,117.692,58.863,58.829,4.759,1.909,2.850,10.663,1.525,9.138,0,0,0
KARAMAN,2010,KARAMAN,172.969,85.091,87.878,41.101,23.395,17.706,116.973,58.500,58.473,4.402,1.710,2.692,10.493,1.486,9.007,0,0,0
KARAMAN,2009,KARAMAN,171.291,84.245,87.046,41.086,23.460,17.626,115.994,57.870,58.124,3.943,1.472,2.471,10.268,1.443,8.825,0,0,0
KARAMAN,2008,KARAMAN,169.184,83.104,86.080,40.466,23.105,17.361,114.869,57.242,57.627,3.671,1.321,2.350,10.177,1.436,8.741,1,0,1
KARS,2025,KARS,207.012,106.292,100.720,69.170,40.370,28.800,121.811,61.528,60.283,4.521,2.380,2.141,11.510,2.014,9.496,0,0,0
KARS,2024,KARS,207.785,106.922,100.863,69.817,40.921,28.896,122.274,61.802,60.472,4.131,2.184,1.947,11.563,2.015,9.548,0,0,0
KARS,2023,KARS,211.018,109.363,101.655,71.250,42.078,29.172,124.392,63.279,61.113,3.882,2.048,1.834,11.494,1.958,9.536,0,0,0
KARS,2022,KARS,205.414,104.977,100.437,68.019,39.545,28.474,122.510,61.679,60.831,3.461,1.809,1.652,11.424,1.944,9.480,0,0,0
KARS,2021,KARS,208.318,107.029,101.289,69.567,41.130,28.437,124.144,62.345,61.799,3.144,1.613,1.531,11.463,1.941,9.522,0,0,0
KARS,2020,KARS,207.796,107.445,100.351,67.495,40.109,27.386,125.813,63.764,62.049,2.999,1.607,1.392,11.489,1.965,9.524,0,0,0
KARS,2019,KARS,206.012,105.871,100.141,66.658,39.575,27.083,125.358,62.999,62.359,2.646,1.347,1.299,11.350,1.950,9.400,0,0,0
KARS,2018,KARS,208.430,108.163,100.267,68.656,41.719,26.937,125.942,63.254,62.688,2.480,1.242,1.238,11.352,1.948,9.404,0,0,0
KARS,2017,KARS,206.117,107.628,98.489,67.516,41.878,25.638,125.151,62.722,62.429,2.167,1.084,1.083,11.283,1.944,9.339,0,0,0
KARS,2016,KARS,206.485,107.666,98.819,67.494,41.774,25.720,125.636,62.914,62.722,2.095,1.051,1.044,11.260,1.927,9.333,0,0,0
KARS,2015,KARS,207.404,108.220,99.184,67.933,42.229,25.704,126.218,63.091,63.127,2.012,996,1.016,11.241,1.904,9.337,0,0,0
KARS,2014,KARS,208.218,108.218,100.000,67.474,41.612,25.862,127.602,63.760,63.842,1.969,978,991,11.173,1.868,9.305,0,0,0
KARS,2013,KARS,209.340,108.509,100.831,67.350,41.350,26.000,128.885,64.358,64.527,1.922,937,985,11.183,1.864,9.319,0,0,0
KARS,2012,KARS,210.765,110.106,100.659,68.806,42.920,25.886,129.040,64.437,64.603,1.854,914,940,11.065,1.835,9.230,0,0,0
KARS,2011,KARS,210.588,110.361,100.227,69.421,43.450,25.971,128.384,64.161,64.223,1.883,929,954,10.900,1.821,9.079,0,0,0
KARS,2010,KARS,205.577,105.481,100.096,65.811,39.412,26.399,127.210,63.415,63.795,1.752,848,904,10.804,1.806,8.998,0,0,0
KARS,2009,KARS,209.485,109.600,99.885,70.971,43.931,27.040,126.351,63.142,63.209,1.614,776,838,10.549,1.751,8.798,0,0,0
KARS,2008,KARS,214.452,113.484,100.968,76.427,48.018,28.409,125.973,62.984,62.989,1.612,751,861,10.440,1.731,8.709,0,0,0
KASTAMONU,2025,KASTAMONU,325.286,160.345,164.941,74.479,41.884,32.595,206.786,105.502,101.284,13.518,7.062,6.456,30.503,5.897,24.606,0,0,0
KASTAMONU,2024,KASTAMONU,325.861,160.533,165.328,73.998,41.579,32.419,208.636,106.436,102.200,12.726,6.624,6.102,30.501,5.894,24.607,0,0,0
KASTAMONU,2023,KASTAMONU,330.949,162.169,168.780,75.410,41.461,33.949,212.568,108.333,104.235,12.292,6.402,5.890,30.679,5.973,24.706,0,0,0
KASTAMONU,2022,KASTAMONU,319.934,156.961,162.973,73.766,40.829,32.937,204.808,104.354,100.454,11.413,5.935,5.478,29.947,5.843,24.104,0,0,0
KASTAMONU,2021,KASTAMONU,316.535,155.777,160.758,72.892,40.908,31.984,203.222,103.393,99.829,10.683,5.552,5.131,29.738,5.924,23.814,0,0,0
KASTAMONU,2020,KASTAMONU,311.484,153.392,158.092,70.189,39.641,30.548,201.934,102.650,99.284,9.958,5.178,4.780,29.403,5.923,23.480,0,0,0
KASTAMONU,2019,KASTAMONU,312.956,154.410,158.546,71.879,40.641,31.238,202.309,102.778,99.531,9.571,4.983,4.588,29.197,6.008,23.189,0,0,0
KASTAMONU,2018,KASTAMONU,316.122,156.274,159.848,72.001,41.027,30.974,205.700,104.444,101.256,9.125,4.709,4.416,29.296,6.094,23.202,0,0,0
KASTAMONU,2017,KASTAMONU,306.185,149.975,156.210,69.881,38.766,31.115,199.153,100.881,98.272,8.493,4.365,4.128,28.658,5.963,22.695,0,0,0
KASTAMONU,2016,KASTAMONU,309.483,153.055,156.428,72.718,41.556,31.162,200.020,101.291,98.729,8.197,4.177,4.020,28.548,6.031,22.517,0,0,0
KASTAMONU,2015,KASTAMONU,303.772,148.563,155.209,68.029,37.930,30.099,199.268,100.582,98.686,7.911,3.964,3.947,28.564,6.087,22.477,0,0,0
KASTAMONU,2014,KASTAMONU,302.336,149.104,153.232,67.939,39.071,28.868,198.295,100.108,98.187,7.666,3.834,3.832,28.436,6.091,22.345,0,0,0
KASTAMONU,2013,KASTAMONU,300.921,148.583,152.338,66.370,38.419,27.951,199.062,100.446,98.616,7.334,3.663,3.671,28.155,6.055,22.100,0,0,0
KASTAMONU,2012,KASTAMONU,291.946,142.712,149.234,62.403,35.154,27.249,194.797,98.104,96.693,7.029,3.483,3.546,27.717,5.971,21.746,0,0,0
KASTAMONU,2011,KASTAMONU,291.026,142.538,148.488,61.745,35.126,26.619,194.988,98.095,96.893,6.845,3.386,3.459,27.448,5.931,21.517,0,0,0
KASTAMONU,2010,KASTAMONU,291.887,143.384,148.503,63.433,36.323,27.110,194.881,98.005,96.876,6.457,3.164,3.293,27.116,5.892,21.224,0,0,0
KASTAMONU,2009,KASTAMONU,289.287,141.150,148.137,62.153,34.758,27.395,194.171,97.524,96.647,6.204,3.015,3.189,26.759,5.853,20.906,0,0,0
KASTAMONU,2008,KASTAMONU,288.735,140.216,148.519,62.328,34.332,27.996,193.994,97.230,96.764,5.971,2.908,3.063,26.442,5.746,20.696,0,0,0
KAYSERİ,2025,KAYSERİ,1.156.891,573.739,583.152,312.508,178.094,134.414,723.039,361.250,361.789,55.614,25.137,30.477,65.730,9.258,56.472,0,0,0
KAYSERİ,2024,KAYSERİ,1.142.153,566.426,575.727,305.831,174.657,131.174,720.210,359.591,360.619,51.728,23.208,28.520,64.384,8.970,55.414,0,0,0
KAYSERİ,2023,KAYSERİ,1.127.629,559.117,568.512,300.313,171.722,128.591,715.719,357.148,358.571,48.240,21.519,26.721,63.357,8.728,54.629,0,0,0
KAYSERİ,2022,KAYSERİ,1.115.285,554.188,561.097,295.203,169.511,125.692,712.618,356.081,356.537,45.272,20.070,25.202,62.192,8.526,53.666,0,0,0
KAYSERİ,2021,KAYSERİ,1.101.623,548.130,553.493,289.679,166.842,122.837,708.443,354.270,354.173,42.242,18.569,23.673,61.259,8.449,52.810,0,0,0
KAYSERİ,2020,KAYSERİ,1.071.199,532.880,538.319,277.757,159.977,117.780,695.684,348.073,347.611,38.300,16.744,21.556,59.458,8.086,51.372,0,0,0
KAYSERİ,2019,KAYSERİ,1.052.658,523.415,529.243,266.068,153.770,112.298,692.620,346.210,346.410,36.253,15.690,20.563,57.717,7.745,49.972,0,0,0
KAYSERİ,2018,KAYSERİ,1.036.857,515.638,521.219,260.501,150.784,109.717,685.378,342.534,342.844,34.303,14.751,19.552,56.675,7.569,49.106,0,0,0
KAYSERİ,2017,KAYSERİ,1.027.599,510.200,517.399,257.491,148.584,108.907,682.421,340.715,341.706,32.030,13.532,18.498,55.657,7.369,48.288,0,0,0
KAYSERİ,2016,KAYSERİ,1.009.212,501.173,508.039,249.834,145.006,104.828,674.840,336.516,338.324,30.015,12.484,17.531,54.523,7.167,47.356,0,0,0
KAYSERİ,2015,KAYSERİ,993.139,493.519,499.620,244.712,142.451,102.261,667.094,332.623,334.471,28.022,11.543,16.479,53.311,6.902,46.409,0,0,0
KAYSERİ,2014,KAYSERİ,976.522,485.135,491.387,238.953,138.982,99.971,659.090,328.815,330.275,26.150,10.639,15.511,52.329,6.699,45.630,0,0,0
KAYSERİ,2013,KAYSERİ,953.249,473.895,479.354,230.752,134.847,95.905,647.273,322.903,324.370,24.035,9.682,14.353,51.189,6.463,44.726,0,0,0
KAYSERİ,2012,KAYSERİ,935.533,465.716,469.817,225.830,132.460,93.370,637.145,317.997,319.148,22.487,8.966,13.521,50.071,6.293,43.778,0,0,0
KAYSERİ,2011,KAYSERİ,917.626,458.226,459.400,221.004,130.945,90.059,626.624,312.817,313.807,20.967,8.278,12.689,49.031,6.186,42.845,0,0,0
KAYSERİ,2010,KAYSERİ,900.605,450.439,450.166,219.013,129.978,89.035,614.489,306.808,307.681,19.537,7.650,11.887,47.566,6.003,41.563,0,0,0
KAYSERİ,2009,KAYSERİ,875.550,437.861,437.689,212.941,126.234,86.707,599.021,299.098,299.923,17.702,6.760,10.942,45.886,5.769,40.117,0,0,0
KAYSERİ,2008,KAYSERİ,858.208,428.539,429.669,210.019,123.899,86.120,587.016,292.789,294.227,16.506,6.275,10.231,44.667,5.576,39.091,0,0,0
KIRIKKALE,2025,KIRIKKALE,236.696,118.481,118.215,64.061,36.793,27.268,142.148,72.409,69.739,13.416,6.802,6.614,17.071,2.477,14.594,0,0,0
KIRIKKALE,2024,KIRIKKALE,235.542,117.527,118.015,63.810,36.602,27.208,142.216,72.129,70.087,12.565,6.337,6.228,16.951,2.459,14.492,0,0,0
KIRIKKALE,2023,KIRIKKALE,236.387,117.216,119.171,63.379,35.979,27.400,144.422,73.036,71.386,11.708,5.767,5.941,16.878,2.434,14.444,0,0,0
KIRIKKALE,2022,KIRIKKALE,228.008,113.263,114.745,61.273,34.694,26.579,139.477,70.806,68.671,10.842,5.396,5.446,16.416,2.367,14.049,0,0,0
KIRIKKALE,2021,KIRIKKALE,225.422,111.531,113.891,59.774,33.739,26.035,139.551,70.653,68.898,9.901,4.825,5.076,16.196,2.314,13.882,0,0,0
KIRIKKALE,2020,KIRIKKALE,220.990,109.581,111.409,57.103,32.481,24.622,138.750,70.319,68.431,9.370,4.546,4.824,15.767,2.235,13.532,0,0,0
KIRIKKALE,2019,KIRIKKALE,224.589,111.876,112.713,59.381,33.969,25.412,140.979,71.387,69.592,8.936,4.351,4.585,15.293,2.169,13.124,0,0,0
KIRIKKALE,2018,KIRIKKALE,227.451,113.007,114.444,60.355,34.252,26.103,143.343,72.555,70.788,8.515,4.067,4.448,15.238,2.133,13.105,0,0,0
KIRIKKALE,2017,KIRIKKALE,220.811,109.814,110.997,58.524,33.493,25.031,139.586,70.598,68.988,7.892,3.684,4.208,14.809,2.039,12.770,0,0,0
KIRIKKALE,2016,KIRIKKALE,220.067,110.286,109.781,58.343,34.212,24.131,139.362,70.435,68.927,7.698,3.634,4.064,14.664,2.005,12.659,0,0,0
KIRIKKALE,2015,KIRIKKALE,214.567,106.399,108.168,55.518,32.085,23.433,137.198,68.949,68.249,7.375,3.381,3.994,14.476,1.984,12.492,0,0,0
KIRIKKALE,2014,KIRIKKALE,214.648,106.920,107.728,55.613,32.722,22.891,137.591,69.043,68.548,7.048,3.174,3.874,14.396,1.981,12.415,0,0,0
KIRIKKALE,2013,KIRIKKALE,216.166,107.763,108.403,54.853,32.378,22.475,140.317,70.397,69.920,6.747,3.044,3.703,14.249,1.944,12.305,0,0,0
KIRIKKALE,2012,KIRIKKALE,215.104,106.891,108.213,54.901,32.105,22.796,139.629,69.962,69.667,6.587,2.920,3.667,13.987,1.904,12.083,0,0,0
KIRIKKALE,2011,KIRIKKALE,213.954,106.489,107.465,54.237,31.941,22.296,139.407,69.797,69.610,6.431,2.843,3.588,13.879,1.908,11.971,0,0,0
KIRIKKALE,2010,KIRIKKALE,213.926,105.804,108.122,53.089,30.751,22.338,141.033,70.516,70.517,6.169,2.691,3.478,13.635,1.846,11.789,0,0,0
KIRIKKALE,2009,KIRIKKALE,215.658,106.817,108.841,53.617,31.339,22.278,142.864,71.270,71.594,5.806,2.446,3.360,13.371,1.762,11.609,0,0,0
KIRIKKALE,2008,KIRIKKALE,213.392,106.074,107.318,53.044,31.338,21.706,141.867,70.737,71.130,5.510,2.318,3.192,12.971,1.681,11.290,0,0,0
KIRKLARELİ,2025,KIRKLARELİ,324.277,163.401,160.876,79.626,48.936,30.690,199.755,100.737,99.018,18.619,9.455,9.164,26.277,4.273,22.004,0,0,0
KIRKLARELİ,2024,KIRKLARELİ,322.707,163.037,159.670,79.226,48.945,30.281,199.757,100.831,98.926,17.672,9.015,8.657,26.052,4.246,21.806,0,0,0
KIRKLARELİ,2023,KIRKLARELİ,320.106,161.291,158.815,78.148,48.057,30.091,199.214,100.370,98.844,16.983,8.687,8.296,25.761,4.177,21.584,0,0,0
KIRKLARELİ,2022,KIRKLARELİ,313.091,157.890,155.201,76.183,46.942,29.241,195.648,98.710,96.938,16.009,8.202,7.807,25.251,4.036,21.215,0,0,0
KIRKLARELİ,2021,KIRKLARELİ,310.428,157.570,152.858,76.881,48.092,28.789,193.796,97.811,95.985,14.916,7.675,7.241,24.835,3.992,20.843,0,0,0
KIRKLARELİ,2020,KIRKLARELİ,303.233,154.183,149.050,72.829,46.074,26.755,192.219,97.078,95.141,13.923,7.127,6.796,24.262,3.904,20.358,0,0,0
KIRKLARELİ,2019,KIRKLARELİ,303.348,154.985,148.363,75.102,47.664,27.438,191.158,96.671,94.487,13.302,6.839,6.463,23.786,3.811,19.975,0,0,0
KIRKLARELİ,2018,KIRKLARELİ,303.048,155.424,147.624,75.874,48.480,27.394,191.042,96.666,94.376,12.629,6.534,6.095,23.503,3.744,19.759,0,0,0
KIRKLARELİ,2017,KIRKLARELİ,299.286,152.758,146.528,74.936,47.399,27.537,189.352,95.620,93.732,11.697,5.969,5.728,23.301,3.770,19.531,0,0,0
KIRKLARELİ,2016,KIRKLARELİ,295.566,150.284,145.282,73.851,46.168,27.683,187.564,94.670,92.894,11.149,5.700,5.449,23.002,3.746,19.256,0,0,0
KIRKLARELİ,2015,KIRKLARELİ,291.292,148.679,142.613,72.416,45.949,26.467,185.529,93.589,91.940,10.541,5.430,5.111,22.806,3.711,19.095,0,0,0
KIRKLARELİ,2014,KIRKLARELİ,287.962,147.448,140.514,70.884,45.518,25.366,184.633,93.162,91.471,9.889,5.069,4.820,22.556,3.699,18.857,0,0,0
KIRKLARELİ,2013,KIRKLARELİ,284.026,144.888,139.138,68.930,44.024,24.906,183.515,92.443,91.072,9.273,4.736,4.537,22.308,3.685,18.623,0,0,0
KIRKLARELİ,2012,KIRKLARELİ,284.105,146.166,137.939,70.829,46.182,24.647,182.362,91.830,90.532,8.919,4.538,4.381,21.995,3.616,18.379,0,0,0
KIRKLARELİ,2011,KIRKLARELİ,282.343,145.965,136.378,70.513,46.561,23.952,181.579,91.496,90.083,8.443,4.319,4.124,21.808,3.589,18.219,0,0,0
KIRKLARELİ,2010,KIRKLARELİ,273.941,138.532,135.409,64.287,40.448,23.839,180.254,90.592,89.662,7.944,3.997,3.947,21.456,3.495,17.961,0,0,0
KIRKLARELİ,2009,KIRKLARELİ,273.505,139.512,133.993,65.690,42.174,23.516,179.317,90.187,89.130,7.438,3.695,3.743,21.060,3.456,17.604,0,0,0
KIRKLARELİ,2008,KIRKLARELİ,275.959,142.831,133.128,69.448,46.029,23.419,178.637,89.806,88.831,7.068,3.515,3.553,20.806,3.481,17.325,0,0,0
KIRŞEHİR,2025,KIRŞEHİR,201.396,99.660,101.736,53.113,29.588,23.525,123.663,62.853,60.810,10.049,5.209,4.840,14.571,2.010,12.561,0,0,0
KIRŞEHİR,2024,KIRŞEHİR,201.437,99.371,102.066,53.139,29.368,23.771,124.485,63.252,61.233,9.378,4.794,4.584,14.435,1.957,12.478,0,0,0
KIRŞEHİR,2023,KIRŞEHİR,201.845,99.590,102.255,53.135,29.779,23.356,125.639,63.530,62.109,8.781,4.393,4.388,14.290,1.888,12.402,0,0,0
KIRŞEHİR,2022,KIRŞEHİR,198.365,97.356,101.009,52.571,29.186,23.385,123.762,62.438,61.324,8.000,3.928,4.072,14.032,1.804,12.228,0,0,0
KIRŞEHİR,2021,KIRŞEHİR,196.050,96.313,99.737,51.670,28.919,22.751,122.904,61.945,60.959,7.500,3.659,3.841,13.976,1.790,12.186,0,0,0
KIRŞEHİR,2020,KIRŞEHİR,186.430,90.631,95.799,47.778,26.008,21.770,118.338,59.550,58.788,6.887,3.341,3.546,13.427,1.732,11.695,0,0,0
KIRŞEHİR,2019,KIRŞEHİR,186.294,91.509,94.785,47.159,25.992,21.167,119.422,60.689,58.733,6.527,3.158,3.369,13.186,1.670,11.516,0,0,0
KIRŞEHİR,2018,KIRŞEHİR,186.751,92.182,94.569,47.088,26.517,20.571,120.387,61.098,59.289,6.118,2.919,3.199,13.158,1.648,11.510,0,0,0
KIRŞEHİR,2017,KIRŞEHİR,181.733,90.037,91.696,45.282,25.838,19.444,117.780,59.830,57.950,5.801,2.735,3.066,12.870,1.634,11.236,0,0,0
KIRŞEHİR,2016,KIRŞEHİR,181.037,89.775,91.262,45.833,26.363,19.470,116.794,59.131,57.663,5.690,2.663,3.027,12.720,1.618,11.102,0,0,0
KIRŞEHİR,2015,KIRŞEHİR,178.100,87.899,90.201,44.868,25.685,19.183,115.019,57.991,57.028,5.601,2.608,2.993,12.612,1.615,10.997,0,0,0
KIRŞEHİR,2014,KIRŞEHİR,175.601,86.907,88.694,43.539,25.359,18.180,114.144,57.447,56.697,5.428,2.528,2.900,12.490,1.573,10.917,0,0,0
KIRŞEHİR,2013,KIRŞEHİR,175.143,86.737,88.406,43.721,25.584,18.137,113.878,57.226,56.652,5.272,2.427,2.845,12.272,1.500,10.772,0,0,0
KIRŞEHİR,2012,KIRŞEHİR,172.925,85.352,87.573,42.299,24.618,17.681,113.374,56.945,56.429,5.154,2.331,2.823,12.098,1.458,10.640,0,0,0
KIRŞEHİR,2011,KIRŞEHİR,171.969,84.784,87.185,41.294,24.021,17.273,113.761,57.111,56.650,4.935,2.219,2.716,11.979,1.433,10.546,0,0,0
KIRŞEHİR,2010,KIRŞEHİR,171.737,84.459,87.278,41.524,23.980,17.544,113.647,56.961,56.686,4.769,2.132,2.637,11.797,1.386,10.411,0,0,0
KIRŞEHİR,2009,KIRŞEHİR,171.850,84.245,87.605,41.611,23.796,17.815,113.906,57.017,56.889,4.674,2.070,2.604,11.659,1.362,10.297,0,0,0
KIRŞEHİR,2008,KIRŞEHİR,170.598,83.702,86.896,41.195,23.787,17.408,113.391,56.586,56.805,4.628,2.017,2.611,11.384,1.312,10.072,0,0,0
KİLİS,2025,KİLİS,116.314,58.688,57.626,35.890,19.711,16.179,70.095,36.108,33.987,3.961,1.945,2.016,6.368,924,5.444,0,0,0
KİLİS,2024,KİLİS,115.100,57.785,57.315,35.093,19.053,16.040,70.090,36.058,34.032,3.673,1.786,1.887,6.244,888,5.356,0,0,0
KİLİS,2023,KİLİS,113.315,56.723,56.592,34.456,18.767,15.689,69.536,35.616,33.920,3.152,1.473,1.679,6.171,867,5.304,0,0,0
KİLİS,2022,KİLİS,107.038,53.466,53.572,31.964,17.449,14.515,66.226,33.888,32.338,2.875,1.308,1.567,5.973,821,5.152,0,0,0
KİLİS,2021,KİLİS,104.986,52.806,52.180,31.254,17.429,13.825,65.254,33.403,31.851,2.584,1.150,1.434,5.894,824,5.070,0,0,0
KİLİS,2020,KİLİS,101.036,51.001,50.035,29.642,16.860,12.782,63.191,32.260,30.931,2.425,1.069,1.356,5.778,812,4.966,0,0,0
KİLİS,2019,KİLİS,100.635,50.839,49.796,29.575,16.814,12.761,63.096,32.209,30.887,2.337,1.033,1.304,5.627,783,4.844,0,0,0
KİLİS,2018,KİLİS,101.064,51.340,49.724,29.878,17.090,12.788,63.355,32.487,30.868,2.255,1.000,1.255,5.576,763,4.813,0,0,0
KİLİS,2017,KİLİS,96.679,48.804,47.875,28.721,16.281,12.440,60.317,30.819,29.498,2.089,920,1.169,5.552,784,4.768,0,0,0
KİLİS,2016,KİLİS,92.807,46.193,46.614,27.710,15.449,12.261,57.836,29.225,28.611,1.855,757,1.098,5.406,762,4.644,0,0,0
KİLİS,2015,KİLİS,92.163,45.662,46.501,27.757,15.402,12.355,57.275,28.783,28.492,1.778,711,1.067,5.353,766,4.587,0,0,0
KİLİS,2014,KİLİS,90.320,44.893,45.427,26.846,15.173,11.673,56.563,28.322,28.241,1.669,659,1.010,5.242,739,4.503,0,0,0
KİLİS,2013,KİLİS,89.159,44.088,45.071,26.435,14.758,11.677,55.945,27.963,27.982,1.594,619,975,5.185,748,4.437,0,0,0
KİLİS,2012,KİLİS,85.659,42.656,43.003,23.601,13.750,9.851,55.479,27.626,27.853,1.516,581,935,5.063,699,4.364,0,0,0
KİLİS,2011,KİLİS,85.346,42.205,43.141,23.874,13.600,10.274,54.992,27.386,27.606,1.428,537,891,5.052,682,4.370,0,0,0
KİLİS,2010,KİLİS,83.980,40.997,42.983,23.168,12.753,10.415,54.440,27.065,27.375,1.376,506,870,4.996,673,4.323,0,0,0
KİLİS,2009,KİLİS,82.946,40.719,42.227,23.272,13.006,10.266,53.426,26.567,26.859,1.347,489,858,4.901,657,4.244,0,0,0
KİLİS,2008,KİLİS,81.974,40.062,41.912,22.995,12.582,10.413,52.810,26.327,26.483,1.342,499,843,4.827,654,4.173,0,0,0
KOCAELİ,2025,KOCAELİ,1.708.954,856.373,852.581,469.185,272.729,196.456,1.070.298,533.819,536.479,85.298,37.449,47.849,84.173,12.376,71.797,0,0,0
KOCAELİ,2024,KOCAELİ,1.672.499,837.938,834.561,455.712,265.322,190.390,1.054.642,525.616,529.026,79.936,34.918,45.018,82.209,12.082,70.127,0,0,0
KOCAELİ,2023,KOCAELİ,1.640.832,823.809,817.023,447.345,262.189,185.156,1.037.635,516.965,520.670,75.459,32.932,42.527,80.393,11.723,68.670,0,0,0
KOCAELİ,2022,KOCAELİ,1.611.987,810.653,801.334,435.919,255.660,180.259,1.026.588,512.575,514.013,70.889,30.998,39.891,78.591,11.420,67.171,0,0,0
KOCAELİ,2021,KOCAELİ,1.568.761,788.882,779.879,419.188,245.624,173.564,1.007.418,503.464,503.954,65.652,28.623,37.029,76.503,11.171,65.332,0,0,0
KOCAELİ,2020,KOCAELİ,1.524.695,767.102,757.593,406.318,238.009,168.309,984.978,492.465,492.513,59.757,25.964,33.793,73.642,10.664,62.978,0,0,0
KOCAELİ,2019,KOCAELİ,1.485.321,748.185,737.136,387.231,228.458,158.773,970.999,485.198,485.801,56.009,24.193,31.816,71.082,10.336,60.746,0,0,0
KOCAELİ,2018,KOCAELİ,1.448.925,728.591,720.334,375.715,220.660,155.055,952.170,475.684,476.486,51.806,22.186,29.620,69.234,10.061,59.173,0,0,0
KOCAELİ,2017,KOCAELİ,1.433.817,722.418,711.399,370.976,218.504,152.472,945.659,472.981,472.678,49.039,20.973,28.066,68.143,9.960,58.183,0,0,0
KOCAELİ,2016,KOCAELİ,1.393.230,702.648,690.582,361.941,213.718,148.223,918.925,459.532,459.393,46.333,19.755,26.578,66.031,9.643,56.388,0,0,0
KOCAELİ,2015,KOCAELİ,1.351.905,681.928,669.977,351.075,207.405,143.670,893.019,446.583,446.436,43.547,18.564,24.983,64.264,9.376,54.888,0,0,0
KOCAELİ,2014,KOCAELİ,1.306.813,658.616,648.197,340.097,200.049,140.048,864.262,432.418,431.844,40.246,17.180,23.066,62.208,8.969,53.239,0,0,0
KOCAELİ,2013,KOCAELİ,1.269.476,640.704,628.772,330.613,195.245,135.368,840.475,420.766,419.709,37.632,16.024,21.608,60.756,8.669,52.087,0,0,0
KOCAELİ,2012,KOCAELİ,1.237.317,624.095,613.222,323.910,190.561,133.349,819.123,410.262,408.861,34.741,14.763,19.978,59.543,8.509,51.034,0,0,0
KOCAELİ,2011,KOCAELİ,1.209.202,610.442,598.760,317.700,186.842,130.858,801.250,401.479,399.771,32.333,13.774,18.559,57.919,8.347,49.572,0,0,0
KOCAELİ,2010,KOCAELİ,1.172.418,588.967,583.451,305.808,177.118,128.690,780.870,391.188,389.682,29.674,12.570,17.104,56.066,8.091,47.975,0,0,0
KOCAELİ,2009,KOCAELİ,1.140.701,575.142,565.559,301.466,176.329,125.137,758.826,380.122,378.704,26.501,10.891,15.610,53.908,7.800,46.108,0,0,0
KOCAELİ,2008,KOCAELİ,1.115.725,563.414,552.311,297.837,174.658,123.179,741.112,371.120,369.992,24.437,10.038,14.399,52.338,7.598,44.740,1,0,1
KONYA,2025,KONYA,1.842.446,907.645,934.801,487.675,272.473,215.202,1.167.229,584.388,582.841,81.623,35.491,46.132,105.919,15.293,90.626,0,0,0
KONYA,2024,KONYA,1.820.696,896.109,924.587,479.216,267.431,211.785,1.160.864,580.740,580.124,76.479,33.015,43.464,104.137,14.923,89.214,0,0,0
KONYA,2023,KONYA,1.801.628,886.222,915.406,473.033,264.148,208.885,1.153.931,576.715,577.216,71.861,30.634,41.227,102.803,14.725,88.078,0,0,0
KONYA,2022,KONYA,1.773.482,872.984,900.498,465.049,260.454,204.595,1.140.261,569.843,570.418,67.225,28.286,38.939,100.947,14.401,86.546,0,0,0
KONYA,2021,KONYA,1.747.833,860.705,887.128,453.654,254.615,199.039,1.131.627,565.624,566.003,62.960,26.221,36.739,99.592,14.245,85.347,0,0,0
KONYA,2020,KONYA,1.698.762,835.310,863.452,432.341,242.643,189.698,1.111.733,555.317,556.416,57.642,23.637,34.005,97.046,13.713,83.333,0,0,0
KONYA,2019,KONYA,1.680.400,825.151,855.249,424.295,237.144,187.151,1.107.288,552.635,554.653,54.677,22.198,32.479,94.140,13.174,80.966,0,0,0
KONYA,2018,KONYA,1.656.036,811.670,844.366,413.544,230.057,183.487,1.098.212,547.872,550.340,51.869,20.858,31.011,92.411,12.883,79.528,0,0,0
KONYA,2017,KONYA,1.635.933,801.425,834.508,408.662,227.041,181.621,1.087.047,542.208,544.839,49.307,19.539,29.768,90.917,12.637,78.280,0,0,0
KONYA,2016,KONYA,1.617.259,793.379,823.880,404.558,225.821,178.737,1.076.317,536.676,539.641,47.061,18.475,28.586,89.323,12.407,76.916,0,0,0
KONYA,2015,KONYA,1.589.041,777.633,811.408,395.179,219.375,175.804,1.061.138,528.752,532.386,44.814,17.350,27.464,87.910,12.156,75.754,0,0,0
KONYA,2014,KONYA,1.564.902,766.063,798.839,385.531,214.598,170.933,1.050.166,523.145,527.021,42.660,16.413,26.247,86.545,11.907,74.638,0,0,0
KONYA,2013,KONYA,1.537.456,753.116,784.340,375.086,209.516,165.570,1.036.900,516.631,520.269,40.303,15.327,24.976,85.167,11.642,73.525,0,0,0
KONYA,2012,KONYA,1.513.345,737.790,775.555,364.522,200.632,163.890,1.026.614,511.194,515.420,38.277,14.527,23.750,83.932,11.437,72.495,0,0,0
KONYA,2011,KONYA,1.494.155,730.696,763.459,356.821,198.381,158.440,1.018.404,507.394,511.010,35.935,13.519,22.416,82.995,11.402,71.593,0,0,0
KONYA,2010,KONYA,1.469.520,717.168,752.352,349.241,192.771,156.470,1.005.385,500.822,504.563,33.394,12.384,21.010,81.500,11.191,70.309,0,0,0
KONYA,2009,KONYA,1.448.530,706.646,741.884,347.639,191.483,156.156,990.148,492.986,497.162,31.002,11.288,19.714,79.741,10.889,68.852,0,0,0
KONYA,2008,KONYA,1.428.000,697.213,730.787,346.172,190.901,155.271,974.494,485.292,489.202,28.977,10.347,18.630,78.356,10.673,67.683,1,0,1
KÜTAHYA,2025,KÜTAHYA,481.887,236.024,245.863,115.251,65.056,50.195,307.161,154.398,152.763,20.589,10.194,10.395,38.886,6.376,32.510,0,0,0
KÜTAHYA,2024,KÜTAHYA,479.726,234.818,244.908,113.675,64.238,49.437,307.778,154.636,153.142,19.615,9.635,9.980,38.658,6.309,32.349,0,0,0
KÜTAHYA,2023,KÜTAHYA,481.772,236.579,245.193,115.517,65.940,49.577,309.460,155.418,154.042,18.512,9.012,9.500,38.283,6.209,32.074,0,0,0
KÜTAHYA,2022,KÜTAHYA,484.920,237.937,246.983,117.410,67.314,50.096,311.807,155.811,155.996,17.728,8.632,9.096,37.975,6.180,31.795,0,0,0
KÜTAHYA,2021,KÜTAHYA,480.826,234.710,246.116,114.837,65.251,49.586,311.806,155.486,156.320,16.330,7.785,8.545,37.853,6.188,31.665,0,0,0
KÜTAHYA,2020,KÜTAHYA,469.147,229.549,239.598,106.934,61.507,45.427,309.839,154.734,155.105,15.187,7.249,7.938,37.187,6.059,31.128,0,0,0
KÜTAHYA,2019,KÜTAHYA,470.797,229.520,241.277,107.770,60.775,46.995,311.732,155.696,156.036,14.668,7.016,7.652,36.627,6.033,30.594,0,0,0
KÜTAHYA,2018,KÜTAHYA,467.141,227.982,239.159,104.062,58.892,45.170,312.556,156.248,156.308,14.077,6.739,7.338,36.446,6.103,30.343,0,0,0
KÜTAHYA,2017,KÜTAHYA,462.144,226.090,236.054,101.383,58.107,43.276,311.508,155.653,155.855,13.224,6.271,6.953,36.029,6.059,29.970,0,0,0
KÜTAHYA,2016,KÜTAHYA,464.279,227.563,236.716,103.878,59.675,44.203,311.871,155.932,155.939,12.672,5.947,6.725,35.858,6.009,29.849,0,0,0
KÜTAHYA,2015,KÜTAHYA,463.227,226.987,236.240,104.048,59.712,44.336,311.444,155.659,155.785,12.223,5.676,6.547,35.512,5.940,29.572,0,0,0
KÜTAHYA,2014,KÜTAHYA,463.427,226.925,236.502,104.963,59.977,44.986,311.538,155.654,155.884,11.640,5.385,6.255,35.286,5.909,29.377,0,0,0
KÜTAHYA,2013,KÜTAHYA,463.262,227.453,235.809,104.768,60.152,44.616,312.371,156.210,156.161,11.276,5.187,6.089,34.847,5.904,28.943,0,0,0
KÜTAHYA,2012,KÜTAHYA,463.216,228.196,235.020,104.257,60.402,43.855,313.455,156.901,156.554,10.961,5.041,5.920,34.543,5.852,28.691,0,0,0
KÜTAHYA,2011,KÜTAHYA,452.515,221.752,230.763,93.995,54.259,39.736,313.808,156.886,156.922,10.419,4.760,5.659,34.293,5.847,28.446,0,0,0
KÜTAHYA,2010,KÜTAHYA,476.942,247.268,229.674,116.072,77.547,38.525,316.988,159.372,157.616,9.917,4.577,5.340,33.965,5.772,28.193,0,0,0
KÜTAHYA,2009,KÜTAHYA,456.400,226.491,229.909,97.449,58.591,38.858,316.153,158.043,158.110,9.236,4.156,5.080,33.562,5.701,27.861,0,0,0
KÜTAHYA,2008,KÜTAHYA,448.876,220.134,228.742,92.082,53.502,38.580,314.777,157.050,157.727,8.758,3.873,4.885,33.259,5.709,27.550,0,0,0
MALATYA,2025,MALATYA,607.832,302.859,304.973,181.941,100.886,81.055,366.944,185.542,181.402,22.289,10.549,11.740,36.658,5.882,30.776,0,0,0
MALATYA,2024,MALATYA,599.418,298.976,300.442,178.227,98.807,79.420,364.076,184.474,179.602,21.048,9.949,11.099,36.067,5.746,30.321,0,0,0
MALATYA,2023,MALATYA,589.150,294.928,294.222,173.858,97.182,76.676,360.095,182.835,177.260,19.846,9.359,10.487,35.351,5.552,29.799,0,0,0
MALATYA,2022,MALATYA,635.852,314.843,321.009,187.667,104.220,83.447,389.222,195.220,194.002,21.421,9.635,11.786,37.542,5.768,31.774,0,0,0
MALATYA,2021,MALATYA,629.156,311.593,317.563,186.334,103.508,82.826,385.798,193.489,192.309,20.009,8.918,11.091,37.015,5.678,31.337,0,0,0
MALATYA,2020,MALATYA,620.357,306.378,313.979,183.175,101.072,82.103,382.647,191.771,190.876,18.240,8.030,10.210,36.295,5.505,30.790,0,0,0
MALATYA,2019,MALATYA,611.870,301.750,310.120,177.832,97.886,79.946,381.426,190.947,190.479,17.262,7.534,9.728,35.350,5.383,29.967,0,0,0
MALATYA,2018,MALATYA,608.133,300.119,308.014,176.732,97.313,79.419,380.575,190.595,189.980,15.959,6.949,9.010,34.867,5.262,29.605,0,0,0
MALATYA,2017,MALATYA,597.576,294.794,302.782,174.124,95.868,78.256,374.443,187.420,187.023,14.866,6.409,8.457,34.143,5.097,29.046,0,0,0
MALATYA,2016,MALATYA,591.345,292.026,299.319,172.630,95.273,77.357,370.998,185.739,185.259,14.170,6.068,8.102,33.547,4.946,28.601,0,0,0
MALATYA,2015,MALATYA,582.520,287.763,294.757,169.446,93.560,75.886,366.922,183.687,183.235,13.096,5.579,7.517,33.056,4.937,28.119,0,0,0
MALATYA,2014,MALATYA,578.314,285.767,292.547,170.009,93.722,76.287,363.360,181.867,181.493,12.411,5.298,7.113,32.534,4.880,27.654,0,0,0
MALATYA,2013,MALATYA,571.013,282.403,288.610,169.506,93.304,76.202,358.220,179.522,178.698,11.426,4.837,6.589,31.861,4.740,27.121,0,0,0
MALATYA,2012,MALATYA,568.865,281.541,287.324,170.807,94.098,76.709,355.753,178.148,177.605,10.921,4.579,6.342,31.384,4.716,26.668,0,0,0
MALATYA,2011,MALATYA,563.980,280.109,283.871,171.775,95.207,76.568,351.057,175.847,175.210,10.238,4.330,5.908,30.910,4.725,26.185,0,0,0
MALATYA,2010,MALATYA,545.649,268.877,276.772,161.244,87.783,73.461,344.755,172.474,172.281,9.599,4.066,5.533,30.051,4.554,25.497,0,0,0
MALATYA,2009,MALATYA,540.316,267.313,273.003,162.440,89.173,73.267,339.829,169.937,169.892,8.927,3.776,5.151,29.120,4.427,24.693,0,0,0
MALATYA,2008,MALATYA,535.880,265.274,270.606,164.340,90.287,74.053,335.094,167.193,167.901,8.439,3.566,4.873,28.007,4.228,23.779,0,0,0
MANİSA,2025,MANİSA,1.203.270,600.257,603.013,281.477,169.796,111.681,772.959,387.100,385.859,62.380,29.940,32.440,86.454,13.421,73.033,0,0,0
MANİSA,2024,MANİSA,1.194.862,595.140,599.722,276.106,165.831,110.275,774.618,387.914,386.704,58.719,28.094,30.625,85.419,13.301,72.118,0,0,0
MANİSA,2023,MANİSA,1.190.365,594.617,595.748,276.946,167.952,108.994,773.479,387.063,386.416,55.639,26.567,29.072,84.301,13.035,71.266,0,0,0
MANİSA,2022,MANİSA,1.179.152,589.302,589.850,273.942,165.919,108.023,769.181,385.347,383.834,52.933,25.213,27.720,83.096,12.823,70.273,0,0,0
MANİSA,2021,MANİSA,1.165.184,581.355,583.829,268.024,161.411,106.613,765.534,383.590,381.944,49.592,23.620,25.972,82.034,12.734,69.300,0,0,0
MANİSA,2020,MANİSA,1.151.896,575.376,576.520,266.902,160.997,105.905,758.984,380.311,378.673,45.873,21.792,24.081,80.137,12.276,67.861,0,0,0
MANİSA,2019,MANİSA,1.140.693,571.018,569.675,259.104,157.928,101.176,758.847,380.259,378.588,44.173,20.893,23.280,78.569,11.938,66.631,0,0,0
MANİSA,2018,MANİSA,1.130.232,566.063,564.169,256.835,156.793,100.042,754.427,377.900,376.527,41.503,19.582,21.921,77.467,11.788,65.679,0,0,0
MANİSA,2017,MANİSA,1.116.800,557.688,559.112,251.228,152.290,98.938,749.786,375.355,374.431,39.118,18.365,20.753,76.668,11.678,64.990,0,0,0
MANİSA,2016,MANİSA,1.104.358,550.244,554.114,248.168,149.487,98.681,742.549,371.501,371.048,37.831,17.731,20.100,75.810,11.525,64.285,0,0,0
MANİSA,2015,MANİSA,1.090.755,542.589,548.166,244.244,146.484,97.760,735.075,367.715,367.360,36.566,17.098,19.468,74.870,11.292,63.578,0,0,0
MANİSA,2014,MANİSA,1.080.184,537.920,542.264,243.273,146.460,96.813,728.284,364.230,364.054,34.577,16.077,18.500,74.050,11.153,62.897,0,0,0
MANİSA,2013,MANİSA,1.071.179,533.465,537.714,241.038,145.204,95.834,724.053,362.106,361.947,32.911,15.180,17.731,73.177,10.975,62.202,0,0,0
MANİSA,2012,MANİSA,1.057.981,525.293,532.688,236.530,141.227,95.303,717.488,358.656,358.832,31.732,14.608,17.124,72.231,10.802,61.429,0,0,0
MANİSA,2011,MANİSA,1.049.792,521.890,527.902,236.560,141.564,94.996,711.867,355.928,355.939,30.071,13.763,16.308,71.294,10.635,60.659,0,0,0
MANİSA,2010,MANİSA,1.087.805,563.988,523.817,279.146,183.849,95.297,709.418,356.430,352.988,28.851,13.243,15.608,70.390,10.466,59.924,0,0,0
MANİSA,2009,MANİSA,1.037.350,518.380,518.970,240.106,145.202,94.904,700.810,350.564,350.246,27.132,12.317,14.815,69.302,10.297,59.005,0,0,0
MANİSA,2008,MANİSA,1.019.797,503.641,516.156,230.561,134.753,95.808,695.158,347.076,348.082,25.640,11.611,14.029,68.438,10.201,58.237,0,0,0
MARDİN,2025,MARDİN,624.883,311.092,313.791,233.258,123.997,109.261,358.489,179.606,178.883,9.946,4.122,5.824,23.190,3.367,19.823,0,0,0
MARDİN,2024,MARDİN,614.337,306.121,308.216,229.052,121.989,107.063,353.567,177.103,176.464,9.013,3.751,5.262,22.705,3.278,19.427,0,0,0
MARDİN,2023,MARDİN,605.289,301.348,303.941,226.824,120.556,106.268,347.838,174.187,173.651,8.286,3.444,4.842,22.341,3.161,19.180,0,0,0
MARDİN,2022,MARDİN,587.744,291.869,295.875,221.173,116.962,104.211,337.405,168.842,168.563,7.377,3.060,4.317,21.789,3.005,18.784,0,0,0
MARDİN,2021,MARDİN,578.867,287.121,291.746,220.042,116.078,103.964,330.743,165.346,165.397,6.625,2.718,3.907,21.457,2.979,18.478,0,0,0
MARDİN,2020,MARDİN,568.288,282.223,286.065,218.668,115.260,103.408,322.885,161.737,161.148,5.824,2.356,3.468,20.911,2.870,18.041,0,0,0
MARDİN,2019,MARDİN,552.341,274.533,277.808,210.646,111.426,99.220,316.074,158.218,157.856,5.321,2.115,3.206,20.300,2.774,17.526,0,0,0
MARDİN,2018,MARDİN,542.751,270.612,272.139,208.919,111.308,97.611,308.864,154.633,154.231,4.877,1.932,2.945,20.091,2.739,17.352,0,0,0
MARDİN,2017,MARDİN,526.521,261.590,264.931,203.966,108.004,95.962,298.329,149.167,149.162,4.517,1.781,2.736,19.709,2.638,17.071,0,0,0
MARDİN,2016,MARDİN,514.819,256.749,258.070,202.661,107.946,94.715,288.674,144.546,144.128,4.207,1.669,2.538,19.277,2.588,16.689,0,0,0
MARDİN,2015,MARDİN,510.814,254.538,256.276,202.582,107.761,94.821,285.115,142.651,142.464,4.023,1.603,2.420,19.094,2.523,16.571,0,0,0
MARDİN,2014,MARDİN,502.149,249.661,252.488,200.389,106.113,94.276,279.084,139.526,139.558,3.860,1.562,2.298,18.816,2.460,16.356,0,0,0
MARDİN,2013,MARDİN,491.849,244.928,246.921,197.634,104.970,92.664,272.193,136.142,136.051,3.618,1.444,2.174,18.404,2.372,16.032,0,0,0
MARDİN,2012,MARDİN,485.036,242.288,242.748,197.540,105.438,92.102,266.254,133.202,133.052,3.362,1.342,2.020,17.880,2.306,15.574,0,0,0
MARDİN,2011,MARDİN,474.685,237.579,237.106,194.851,104.137,90.714,259.427,129.916,129.511,3.034,1.227,1.807,17.373,2.299,15.074,0,0,0
MARDİN,2010,MARDİN,455.015,223.968,231.047,184.251,95.080,89.171,251.050,125.481,125.569,2.856,1.161,1.695,16.858,2.246,14.612,0,0,0
MARDİN,2009,MARDİN,448.348,223.710,224.638,184.731,97.808,86.923,244.695,122.631,122.064,2.648,1.095,1.553,16.274,2.176,14.098,0,0,0
MARDİN,2008,MARDİN,458.594,229.950,228.644,193.337,103.200,90.137,246.639,123.572,123.067,2.621,1.069,1.552,15.996,2.109,13.887,1,0,1
MERSİN,2025,MERSİN,1.553.128,769.770,783.358,437.924,248.178,189.746,928.318,465.258,463.060,100.005,43.639,56.366,86.881,12.695,74.186,0,0,0
MERSİN,2024,MERSİN,1.540.953,767.473,773.480,432.110,246.606,185.504,929.505,467.656,461.849,94.368,40.899,53.469,84.970,12.312,72.658,0,0,0
MERSİN,2023,MERSİN,1.516.543,752.706,763.837,421.986,240.661,181.325,921.586,461.430,460.156,89.491,38.593,50.898,83.480,12.022,71.458,0,0,0
MERSİN,2022,MERSİN,1.491.564,740.393,751.171,414.451,236.003,178.448,910.335,455.990,454.345,85.455,36.797,48.658,81.323,11.603,69.720,0,0,0
MERSİN,2021,MERSİN,1.463.303,724.526,738.777,401.734,227.413,174.321,901.158,451.201,449.957,80.662,34.498,46.164,79.749,11.414,68.335,0,0,0
MERSİN,2020,MERSİN,1.418.226,701.740,716.486,390.395,220.483,169.912,876.216,438.531,437.685,74.901,31.784,43.117,76.714,10.942,65.772,0,0,0
MERSİN,2019,MERSİN,1.387.559,686.551,701.008,372.282,210.961,161.321,870.403,435.305,435.098,70.732,29.816,40.916,74.142,10.469,63.673,0,0,0
MERSİN,2018,MERSİN,1.368.943,676.368,692.575,366.289,206.722,159.567,863.530,431.542,431.988,66.375,27.810,38.565,72.749,10.294,62.455,0,0,0
MERSİN,2017,MERSİN,1.354.288,669.291,684.997,362.572,204.901,157.671,857.548,428.438,429.110,62.694,26.003,36.691,71.474,9.949,61.525,0,0,0
MERSİN,2016,MERSİN,1.336.742,660.568,676.174,361.346,204.272,157.074,845.811,422.043,423.768,59.623,24.561,35.062,69.962,9.692,60.270,0,0,0
MERSİN,2015,MERSİN,1.315.452,648.867,666.585,354.687,199.122,155.565,835.059,416.809,418.250,57.176,23.451,33.725,68.530,9.485,59.045,0,0,0
MERSİN,2014,MERSİN,1.298.555,640.093,658.462,352.448,197.132,155.316,824.787,411.634,413.153,54.064,22.070,31.994,67.256,9.257,57.999,0,0,0
MERSİN,2013,MERSİN,1.276.729,629.479,647.250,347.824,194.532,153.292,812.366,405.322,407.044,50.865,20.637,30.228,65.674,8.988,56.686,0,0,0
MERSİN,2012,MERSİN,1.260.286,621.440,638.846,344.890,192.514,152.376,802.750,400.634,402.116,48.131,19.504,28.627,64.515,8.788,55.727,0,0,0
MERSİN,2011,MERSİN,1.244.984,614.420,630.564,344.851,192.221,152.630,791.078,394.900,396.178,45.967,18.594,27.373,63.088,8.705,54.383,0,0,0
MERSİN,2010,MERSİN,1.225.329,603.028,622.301,342.934,189.243,153.691,777.635,387.991,389.644,43.171,17.297,25.874,61.589,8.497,53.092,0,0,0
MERSİN,2009,MERSİN,1.218.031,606.604,611.427,352.097,199.905,152.192,765.902,382.674,383.228,40.281,15.912,24.369,59.751,8.113,51.638,0,0,0
MERSİN,2008,MERSİN,1.184.509,582.372,602.137,340.548,186.495,154.053,748.193,373.107,375.086,37.835,14.950,22.885,57.932,7.820,50.112,1,0,1
MUĞLA,2025,MUĞLA,923.391,467.969,455.422,232.463,139.688,92.775,560.933,283.838,277.095,77.133,36.624,40.509,52.862,7.819,45.043,0,0,0
MUĞLA,2024,MUĞLA,903.849,457.415,446.434,225.907,135.735,90.172,553.500,279.711,273.789,72.646,34.404,38.242,51.796,7.565,44.231,0,0,0
MUĞLA,2023,MUĞLA,887.189,449.436,437.753,220.144,133.080,87.064,547.215,276.358,270.857,69.039,32.580,36.459,50.791,7.418,43.373,0,0,0
MUĞLA,2022,MUĞLA,868.376,440.812,427.564,214.630,129.382,85.248,538.451,272.961,265.490,65.865,31.246,34.619,49.430,7.223,42.207,0,0,0
MUĞLA,2021,MUĞLA,841.589,425.399,416.190,203.591,122.345,81.246,528.018,267.032,260.986,61.667,28.955,32.712,48.313,7.067,41.246,0,0,0
MUĞLA,2020,MUĞLA,803.231,408.680,394.551,190.360,116.203,74.157,509.565,258.761,250.804,56.882,26.910,29.972,46.424,6.806,39.618,0,0,0
MUĞLA,2019,MUĞLA,785.799,401.011,384.788,183.426,113.060,70.366,503.452,255.694,247.758,54.052,25.706,28.346,44.869,6.551,38.318,0,0,0
MUĞLA,2018,MUĞLA,774.307,395.316,378.991,179.702,111.316,68.386,499.769,253.690,246.079,50.758,23.963,26.795,44.078,6.347,37.731,0,0,0
MUĞLA,2017,MUĞLA,749.907,383.370,366.537,172.771,107.503,65.268,488.242,247.772,240.470,46.454,21.934,24.520,42.440,6.161,36.279,0,0,0
MUĞLA,2016,MUĞLA,734.879,375.329,359.550,168.847,104.997,63.850,481.094,243.849,237.245,43.413,20.499,22.914,41.525,5.984,35.541,0,0,0
MUĞLA,2015,MUĞLA,721.577,369.014,352.563,165.292,103.117,62.175,475.012,240.899,234.113,40.793,19.248,21.545,40.480,5.750,34.730,0,0,0
MUĞLA,2014,MUĞLA,708.793,360.903,347.890,160.565,99.845,60.720,470.345,237.906,232.439,37.975,17.555,20.420,39.908,5.597,34.311,0,0,0
MUĞLA,2013,MUĞLA,682.116,348.456,333.660,155.085,96.830,58.255,454.289,230.116,224.173,34.764,16.132,18.632,37.978,5.378,32.600,0,0,0
MUĞLA,2012,MUĞLA,672.389,343.808,328.581,152.885,95.563,57.322,449.307,227.698,221.609,32.952,15.319,17.633,37.245,5.228,32.017,0,0,0
MUĞLA,2011,MUĞLA,660.062,337.156,322.906,150.013,93.560,56.453,442.985,224.352,218.633,30.632,14.111,16.521,36.432,5.133,31.299,0,0,0
MUĞLA,2010,MUĞLA,642.332,326.426,315.906,144.702,88.999,55.703,434.284,219.643,214.641,28.022,12.807,15.215,35.324,4.977,30.347,0,0,0
MUĞLA,2009,MUĞLA,629.644,321.488,308.156,144.265,89.913,54.352,425.717,215.291,210.426,25.308,11.491,13.817,34.354,4.793,29.561,0,0,0
MUĞLA,2008,MUĞLA,620.661,317.658,303.003,144.130,90.453,53.677,419.763,212.091,207.672,23.223,10.490,12.733,33.545,4.624,28.921,0,0,0
MUŞ,2025,MUŞ,271.785,138.209,133.576,99.673,56.011,43.662,158.274,78.854,79.420,2.979,1.395,1.584,10.859,1.949,8.910,0,0,0
MUŞ,2024,MUŞ,270.718,137.722,132.996,98.798,55.528,43.270,158.564,79.036,79.528,2.727,1.277,1.450,10.629,1.881,8.748,0,0,0
MUŞ,2023,MUŞ,273.308,139.037,134.271,100.207,56.254,43.953,160.109,79.852,80.257,2.472,1.149,1.323,10.520,1.782,8.738,0,0,0
MUŞ,2022,MUŞ,269.865,137.504,132.361,99.077,56.119,42.958,158.281,78.665,79.616,2.167,997,1.170,10.340,1.723,8.617,0,0,0
MUŞ,2021,MUŞ,271.226,138.132,133.094,99.567,56.504,43.063,159.419,79.068,80.351,1.943,852,1.091,10.297,1.708,8.589,0,0,0
MUŞ,2020,MUŞ,271.675,138.453,133.222,99.755,56.653,43.102,159.939,79.334,80.605,1.762,789,973,10.219,1.677,8.542,0,0,0
MUŞ,2019,MUŞ,266.974,136.166,130.808,96.815,55.271,41.544,158.534,78.555,79.979,1.692,747,945,9.933,1.593,8.340,0,0,0
MUŞ,2018,MUŞ,264.542,135.191,129.351,96.220,55.112,41.108,156.956,77.847,79.109,1.529,688,841,9.837,1.544,8.293,0,0,0
MUŞ,2017,MUŞ,259.679,131.625,128.054,95.370,53.692,41.678,153.093,75.795,77.298,1.402,616,786,9.814,1.522,8.292,0,0,0
MUŞ,2016,MUŞ,258.755,131.763,126.992,96.286,54.553,41.733,151.304,75.100,76.204,1.349,587,762,9.816,1.523,8.293,0,0,0
MUŞ,2015,MUŞ,257.424,130.971,126.453,96.879,54.722,42.157,149.536,74.197,75.339,1.271,563,708,9.738,1.489,8.249,0,0,0
MUŞ,2014,MUŞ,256.705,130.656,126.049,97.318,55.065,42.253,148.475,73.595,74.880,1.223,524,699,9.689,1.472,8.217,0,0,0
MUŞ,2013,MUŞ,253.892,129.375,124.517,96.324,54.651,41.673,146.947,72.823,74.124,1.145,486,659,9.476,1.415,8.061,0,0,0
MUŞ,2012,MUŞ,251.642,128.722,122.920,96.289,54.889,41.400,145.071,71.983,73.088,1.043,465,578,9.239,1.385,7.854,0,0,0
MUŞ,2011,MUŞ,250.689,128.421,122.268,97.314,55.377,41.937,143.331,71.270,72.061,1.019,442,577,9.025,1.332,7.693,0,0,0
MUŞ,2010,MUŞ,241.719,122.111,119.608,92.451,51.096,41.355,139.556,69.345,70.211,918,403,515,8.794,1.267,7.527,0,0,0
MUŞ,2009,MUŞ,239.101,122.163,116.938,93.910,52.864,41.046,135.885,67.694,68.191,824,365,459,8.482,1.240,7.242,0,0,0
MUŞ,2008,MUŞ,238.333,121.818,116.515,95.103,53.559,41.544,134.280,66.703,67.577,835,367,468,8.115,1.189,6.926,0,0,0
NEVŞEHİR,2025,NEVŞEHİR,261.119,127.298,133.821,67.162,36.090,31.072,163.042,82.235,80.807,13.447,6.282,7.165,17.468,2.691,14.777,0,0,0
NEVŞEHİR,2024,NEVŞEHİR,257.756,125.480,132.276,65.735,35.412,30.323,162.394,81.762,80.632,12.388,5.657,6.731,17.239,2.649,14.590,0,0,0
NEVŞEHİR,2023,NEVŞEHİR,254.507,124.182,130.325,63.320,34.552,28.768,162.264,81.635,80.629,11.737,5.384,6.353,17.186,2.611,14.575,0,0,0
NEVŞEHİR,2022,NEVŞEHİR,248.558,121.127,127.431,61.664,33.761,27.903,159.030,79.854,79.176,10.942,4.951,5.991,16.922,2.561,14.361,0,0,0
NEVŞEHİR,2021,NEVŞEHİR,245.455,119.806,125.649,60.331,33.243,27.088,158.251,79.462,78.789,10.100,4.603,5.497,16.773,2.498,14.275,0,0,0
NEVŞEHİR,2020,NEVŞEHİR,235.740,115.165,120.575,56.094,31.162,24.932,154.105,77.426,76.679,9.181,4.168,5.013,16.360,2.409,13.951,0,0,0
NEVŞEHİR,2019,NEVŞEHİR,233.347,113.877,119.470,54.994,30.503,24.491,153.659,77.146,76.513,8.748,3.897,4.851,15.946,2.331,13.615,0,0,0
NEVŞEHİR,2018,NEVŞEHİR,229.803,112.031,117.772,52.683,29.254,23.429,153.138,76.850,76.288,8.255,3.648,4.607,15.727,2.279,13.448,0,0,0
NEVŞEHİR,2017,NEVŞEHİR,226.188,110.213,115.975,51.672,28.714,22.958,151.272,75.894,75.378,7.865,3.410,4.455,15.379,2.195,13.184,0,0,0
NEVŞEHİR,2016,NEVŞEHİR,224.870,109.778,115.092,50.294,28.144,22.150,151.761,76.278,75.483,7.503,3.233,4.270,15.312,2.123,13.189,0,0,0
NEVŞEHİR,2015,NEVŞEHİR,221.112,108.176,112.936,47.839,27.335,20.504,150.795,75.600,75.195,7.339,3.157,4.182,15.139,2.084,13.055,0,0,0
NEVŞEHİR,2014,NEVŞEHİR,219.105,107.887,111.218,46.510,27.420,19.090,150.362,75.320,75.042,7.223,3.104,4.119,15.010,2.043,12.967,0,0,0
NEVŞEHİR,2013,NEVŞEHİR,218.134,106.836,111.298,46.905,27.052,19.853,149.451,74.853,74.598,6.964,2.966,3.998,14.814,1.965,12.849,0,0,0
NEVŞEHİR,2012,NEVŞEHİR,216.595,105.917,110.678,45.908,26.523,19.385,149.199,74.605,74.594,6.823,2.870,3.953,14.665,1.919,12.746,0,0,0
NEVŞEHİR,2011,NEVŞEHİR,213.275,104.247,109.028,43.322,25.149,18.173,148.806,74.397,74.409,6.568,2.773,3.795,14.579,1.928,12.651,0,0,0
NEVŞEHİR,2010,NEVŞEHİR,211.475,103.002,108.473,42.559,24.457,18.102,148.392,74.132,74.260,6.117,2.514,3.603,14.407,1.899,12.508,0,0,0
NEVŞEHİR,2009,NEVŞEHİR,211.641,103.477,108.164,42.922,25.085,17.837,148.723,74.247,74.476,5.782,2.334,3.448,14.214,1.811,12.403,0,0,0
NEVŞEHİR,2008,NEVŞEHİR,209.092,102.093,106.999,42.601,24.745,17.856,147.161,73.432,73.729,5.376,2.131,3.245,13.954,1.785,12.169,0,0,0
NİĞDE,2025,NİĞDE,297.754,148.202,149.552,81.902,46.534,35.368,183.652,92.660,90.992,13.232,6.267,6.965,18.968,2.741,16.227,0,0,0
NİĞDE,2024,NİĞDE,293.954,145.878,148.076,79.341,44.917,34.424,183.570,92.522,91.048,12.312,5.741,6.571,18.731,2.698,16.033,0,0,0
NİĞDE,2023,NİĞDE,295.371,147.020,148.351,79.409,45.243,34.166,185.869,93.727,92.142,11.639,5.421,6.218,18.454,2.629,15.825,0,0,0
NİĞDE,2022,NİĞDE,284.457,141.454,143.003,76.876,43.933,32.943,178.896,90.055,88.841,10.640,4.933,5.707,18.045,2.533,15.512,0,0,0
NİĞDE,2021,NİĞDE,281.417,140.162,141.255,76.120,43.704,32.416,177.779,89.493,88.286,9.823,4.508,5.315,17.695,2.457,15.238,0,0,0
NİĞDE,2020,NİĞDE,275.184,137.004,138.180,72.965,41.864,31.101,175.934,88.607,87.327,8.926,4.139,4.787,17.359,2.394,14.965,0,0,0
NİĞDE,2019,NİĞDE,274.987,136.880,138.107,73.280,41.851,31.429,176.233,88.749,87.484,8.453,3.931,4.522,17.021,2.349,14.672,0,0,0
NİĞDE,2018,NİĞDE,275.613,137.196,138.417,72.514,41.432,31.082,178.065,89.714,88.351,8.035,3.665,4.370,16.999,2.385,14.614,0,0,0
NİĞDE,2017,NİĞDE,264.966,131.021,133.945,69.427,39.296,30.131,171.583,86.120,85.463,7.420,3.321,4.099,16.536,2.284,14.252,0,0,0
NİĞDE,2016,NİĞDE,262.640,129.826,132.814,68.282,38.810,29.472,170.888,85.629,85.259,7.069,3.122,3.947,16.401,2.265,14.136,0,0,0
NİĞDE,2015,NİĞDE,257.426,127.039,130.387,65.663,37.241,28.422,168.841,84.548,84.293,6.764,3.012,3.752,16.158,2.238,13.920,0,0,0
NİĞDE,2014,NİĞDE,254.813,126.191,128.622,63.963,36.947,27.016,168.601,84.298,84.303,6.324,2.796,3.528,15.925,2.150,13.775,0,0,0
NİĞDE,2013,NİĞDE,252.329,124.915,127.414,63.000,36.359,26.641,167.523,83.775,83.748,6.088,2.666,3.422,15.718,2.115,13.603,0,0,0
NİĞDE,2012,NİĞDE,248.351,122.943,125.408,61.594,35.649,25.945,165.736,82.808,82.928,5.680,2.451,3.229,15.341,2.035,13.306,0,0,0
NİĞDE,2011,NİĞDE,244.482,120.491,123.991,60.100,34.369,25.731,163.913,81.833,82.080,5.337,2.276,3.061,15.132,2.013,13.119,0,0,0
NİĞDE,2010,NİĞDE,243.362,119.153,124.209,59.460,33.272,26.188,163.879,81.769,82.110,5.059,2.100,2.959,14.964,2.012,12.952,0,0,0
NİĞDE,2009,NİĞDE,244.059,120.588,123.471,61.087,35.110,25.977,163.593,81.617,81.976,4.657,1.903,2.754,14.722,1.958,12.764,0,0,0
NİĞDE,2008,NİĞDE,241.579,119.721,121.858,60.115,35.042,25.073,162.615,80.972,81.643,4.461,1.797,2.664,14.388,1.910,12.478,0,0,0
ORDU,2025,ORDU,640.627,317.162,323.465,146.988,84.467,62.521,416.274,210.249,206.025,26.326,13.512,12.814,51.039,8.934,42.105,0,0,0
ORDU,2024,ORDU,639.344,316.981,322.363,145.658,83.924,61.734,418.383,211.407,206.976,24.724,12.707,12.017,50.579,8.943,41.636,0,0,0
ORDU,2023,ORDU,640.027,316.811,323.216,145.058,83.319,61.739,421.237,212.621,208.616,23.469,11.955,11.514,50.263,8.916,41.347,0,0,0
ORDU,2022,ORDU,625.703,310.261,315.442,143.308,82.750,60.558,411.504,207.716,203.788,21.561,10.959,10.602,49.330,8.836,40.494,0,0,0
ORDU,2021,ORDU,620.998,307.625,313.373,143.166,82.366,60.800,409.397,206.572,202.825,19.714,9.977,9.737,48.721,8.710,40.011,0,0,0
ORDU,2020,ORDU,613.955,304.420,309.535,143.275,82.100,61.175,405.264,204.643,200.621,18.115,9.182,8.933,47.301,8.495,38.806,0,0,0
ORDU,2019,ORDU,605.980,300.833,305.147,138.020,79.621,58.399,404.558,204.229,200.329,17.055,8.622,8.433,46.347,8.361,37.986,0,0,0
ORDU,2018,ORDU,619.268,308.190,311.078,142.450,82.270,60.180,414.519,209.438,205.081,16.242,8.183,8.059,46.057,8.299,37.758,0,0,0
ORDU,2017,ORDU,593.065,294.576,298.489,137.657,79.720,57.937,395.806,199.301,196.505,14.923,7.419,7.504,44.679,8.136,36.543,0,0,0
ORDU,2016,ORDU,598.419,298.337,300.082,139.856,81.538,58.318,400.095,201.605,198.490,14.256,7.086,7.170,44.212,8.108,36.104,0,0,0
ORDU,2015,ORDU,579.354,287.636,291.718,135.327,78.445,56.882,387.425,194.623,192.802,13.483,6.672,6.811,43.119,7.896,35.223,0,0,0
ORDU,2014,ORDU,574.076,284.759,289.317,134.390,77.645,56.745,384.611,193.050,191.561,12.752,6.269,6.483,42.323,7.795,34.528,0,0,0
ORDU,2013,ORDU,575.632,286.222,289.410,134.830,78.216,56.614,387.124,194.331,192.793,12.150,5.979,6.171,41.528,7.696,33.832,0,0,0
ORDU,2012,ORDU,577.422,286.626,290.796,134.012,77.203,56.809,391.356,196.202,195.154,11.512,5.664,5.848,40.542,7.557,32.985,0,0,0
ORDU,2011,ORDU,551.987,273.462,278.525,128.702,73.970,54.732,373.436,186.837,186.599,10.752,5.267,5.485,39.097,7.388,31.709,0,0,0
ORDU,2010,ORDU,551.017,272.213,278.804,128.787,73.183,55.604,373.709,186.756,186.953,10.206,4.978,5.228,38.315,7.296,31.019,0,0,0
ORDU,2009,ORDU,550.084,272.638,277.446,129.619,73.990,55.629,373.481,186.815,186.666,9.810,4.746,5.064,37.174,7.087,30.087,0,0,0
ORDU,2008,ORDU,544.142,269.350,274.792,130.233,74.077,56.156,368.059,183.655,184.404,9.571,4.653,4.918,36.279,6.965,29.314,0,0,0
OSMANİYE,2025,OSMANİYE,433.729,216.919,216.810,122.928,69.968,52.960,270.133,135.075,135.058,17.048,8.224,8.824,23.620,3.652,19.968,0,0,0
OSMANİYE,2024,OSMANİYE,427.595,213.837,213.758,120.205,68.436,51.769,268.441,134.231,134.210,15.899,7.622,8.277,23.050,3.548,19.502,0,0,0
OSMANİYE,2023,OSMANİYE,421.026,210.220,210.806,117.420,66.953,50.467,266.383,132.896,133.487,14.624,6.895,7.729,22.599,3.476,19.123,0,0,0
OSMANİYE,2022,OSMANİYE,418.895,209.714,209.181,116.846,66.860,49.986,265.864,132.926,132.938,14.110,6.622,7.488,22.075,3.306,18.769,0,0,0
OSMANİYE,2021,OSMANİYE,411.430,206.114,205.316,114.850,65.808,49.042,262.284,131.175,131.109,12.831,5.954,6.877,21.465,3.177,18.288,0,0,0
OSMANİYE,2020,OSMANİYE,405.666,203.335,202.331,114.011,65.179,48.832,259.549,129.862,129.687,11.614,5.299,6.315,20.492,2.995,17.497,0,0,0
OSMANİYE,2019,OSMANİYE,395.054,198.367,196.687,107.107,61.965,45.142,257.354,128.607,128.747,10.975,4.990,5.985,19.618,2.805,16.813,0,0,0
OSMANİYE,2018,OSMANİYE,390.602,195.795,194.807,106.123,61.075,45.048,255.077,127.462,127.615,10.194,4.601,5.593,19.208,2.657,16.551,0,0,0
OSMANİYE,2017,OSMANİYE,384.320,192.652,191.668,104.695,60.083,44.612,251.636,125.909,125.727,9.280,4.109,5.171,18.709,2.551,16.158,0,0,0
OSMANİYE,2016,OSMANİYE,379.398,190.801,188.597,104.596,60.467,44.129,247.443,123.806,123.637,8.981,3.982,4.999,18.378,2.546,15.832,0,0,0
OSMANİYE,2015,OSMANİYE,370.534,185.885,184.649,101.390,58.358,43.032,242.926,121.373,121.553,8.294,3.684,4.610,17.924,2.470,15.454,0,0,0
OSMANİYE,2014,OSMANİYE,364.338,182.661,181.677,99.781,57.342,42.439,239.289,119.587,119.702,7.788,3.373,4.415,17.480,2.359,15.121,0,0,0
OSMANİYE,2013,OSMANİYE,356.715,178.353,178.362,97.354,55.723,41.631,234.938,117.248,117.690,7.366,3.128,4.238,17.057,2.254,14.803,0,0,0
OSMANİYE,2012,OSMANİYE,350.486,175.342,175.144,96.678,55.281,41.397,230.265,114.950,115.315,6.978,2.949,4.029,16.565,2.162,14.403,0,0,0
OSMANİYE,2011,OSMANİYE,344.093,171.762,172.331,95.865,54.350,41.515,225.697,112.583,113.114,6.410,2.688,3.722,16.121,2.141,13.980,0,0,0
OSMANİYE,2010,OSMANİYE,338.030,167.801,170.229,94.721,52.828,41.893,221.669,110.458,111.211,5.992,2.454,3.538,15.648,2.061,13.587,0,0,0
OSMANİYE,2009,OSMANİYE,331.419,164.669,166.750,94.296,52.727,41.569,216.532,107.754,108.778,5.457,2.190,3.267,15.134,1.998,13.136,0,0,0
OSMANİYE,2008,OSMANİYE,325.559,160.718,164.841,94.846,51.996,42.850,210.720,104.708,106.012,5.177,2.080,3.097,14.816,1.934,12.882,0,0,0
RİZE,2025,RİZE,289.799,144.377,145.422,83.014,47.448,35.566,173.479,88.624,84.855,9.973,5.283,4.690,23.333,3.022,20.311,0,0,0
RİZE,2024,RİZE,288.547,143.654,144.893,81.887,46.745,35.142,174.035,88.883,85.152,9.503,5.043,4.460,23.122,2.983,20.139,0,0,0
RİZE,2023,RİZE,290.364,144.403,145.961,82.222,46.953,35.269,176.014,89.772,86.242,9.030,4.727,4.303,23.098,2.951,20.147,0,0,0
RİZE,2022,RİZE,283.582,141.227,142.355,81.371,46.580,34.791,171.192,87.396,83.796,8.378,4.409,3.969,22.641,2.842,19.799,0,0,0
RİZE,2021,RİZE,283.449,141.347,142.102,82.228,47.271,34.957,171.031,87.218,83.813,7.785,4.073,3.712,22.405,2.785,19.620,0,0,0
RİZE,2020,RİZE,280.369,139.743,140.626,80.696,46.228,34.468,170.606,87.081,83.525,7.194,3.750,3.444,21.873,2.684,19.189,0,0,0
RİZE,2019,RİZE,279.114,138.825,140.289,80.458,45.828,34.630,170.136,86.692,83.444,6.955,3.636,3.319,21.565,2.669,18.896,0,0,0
RİZE,2018,RİZE,283.353,140.718,142.635,81.014,45.844,35.170,174.024,88.731,85.293,6.676,3.452,3.224,21.639,2.691,18.948,0,0,0
RİZE,2017,RİZE,267.197,132.359,134.838,77.430,44.118,33.312,163.488,82.790,80.698,5.837,2.938,2.899,20.442,2.513,17.929,0,0,0
RİZE,2016,RİZE,266.487,131.717,134.770,77.137,43.856,33.281,163.554,82.640,80.914,5.536,2.740,2.796,20.260,2.481,17.779,0,0,0
RİZE,2015,RİZE,263.637,130.015,133.622,75.844,43.034,32.810,162.480,81.939,80.541,5.236,2.569,2.667,20.077,2.473,17.604,0,0,0
RİZE,2014,RİZE,263.509,129.217,134.292,75.587,42.363,33.224,163.062,82.060,81.002,4.919,2.374,2.545,19.941,2.420,17.521,0,0,0
RİZE,2013,RİZE,260.802,128.477,132.325,75.880,43.046,32.834,160.874,80.963,79.911,4.580,2.172,2.408,19.468,2.296,17.172,0,0,0
RİZE,2012,RİZE,255.819,125.422,130.397,74.629,41.975,32.654,158.041,79.266,78.775,4.171,1.959,2.212,18.978,2.222,16.756,0,0,0
RİZE,2011,RİZE,253.293,123.591,129.702,73.162,40.661,32.501,157.435,78.865,78.570,4.003,1.879,2.124,18.693,2.186,16.507,0,0,0
RİZE,2010,RİZE,248.598,120.766,127.832,71.440,39.357,32.083,155.073,77.565,77.508,3.764,1.713,2.051,18.321,2.131,16.190,0,0,0
RİZE,2009,RİZE,246.854,120.537,126.317,71.683,39.982,31.701,153.783,76.879,76.904,3.608,1.615,1.993,17.780,2.061,15.719,0,0,0
RİZE,2008,RİZE,244.849,119.631,125.218,70.913,39.571,31.342,153.072,76.491,76.581,3.509,1.565,1.944,17.355,2.004,15.351,0,0,0
SAKARYA,2025,SAKARYA,907.038,452.306,454.732,247.241,142.387,104.854,559.035,280.703,278.332,44.540,20.673,23.867,56.222,8.543,47.679,0,0,0
SAKARYA,2024,SAKARYA,891.911,444.491,447.420,242.813,139.813,103.000,552.533,277.226,275.307,41.447,19.123,22.324,55.118,8.329,46.789,0,0,0
SAKARYA,2023,SAKARYA,877.025,436.963,440.062,238.779,137.501,101.278,545.531,273.493,272.038,38.502,17.749,20.753,54.213,8.220,45.993,0,0,0
SAKARYA,2022,SAKARYA,858.020,427.340,430.680,233.346,134.551,98.795,535.894,268.512,267.382,35.745,16.260,19.485,53.035,8.017,45.018,0,0,0
SAKARYA,2021,SAKARYA,838.321,417.028,421.293,227.538,131.128,96.410,526.128,263.293,262.835,32.688,14.744,17.944,51.967,7.863,44.104,0,0,0
SAKARYA,2020,SAKARYA,801.965,398.784,403.181,212.307,122.392,89.915,509.643,255.417,254.226,29.993,13.531,16.462,50.022,7.444,42.578,0,0,0
SAKARYA,2019,SAKARYA,790.385,393.124,397.261,208.795,120.602,88.193,504.613,252.599,252.014,28.371,12.698,15.673,48.606,7.225,41.381,0,0,0
SAKARYA,2018,SAKARYA,775.293,384.701,390.592,201.902,116.061,85.841,499.075,249.676,249.399,26.575,11.847,14.728,47.741,7.117,40.624,0,0,0
SAKARYA,2017,SAKARYA,762.491,379.402,383.089,199.416,115.252,84.164,491.393,246.017,245.376,24.917,11.168,13.749,46.765,6.965,39.800,0,0,0
SAKARYA,2016,SAKARYA,747.855,372.645,375.210,196.101,113.797,82.304,482.185,241.427,240.758,23.689,10.599,13.090,45.880,6.822,39.058,0,0,0
SAKARYA,2015,SAKARYA,732.459,364.229,368.230,192.018,110.742,81.276,472.994,236.781,236.213,22.385,10.016,12.369,45.062,6.690,38.372,0,0,0
SAKARYA,2014,SAKARYA,717.910,356.645,361.265,188.389,108.270,80.119,464.262,232.388,231.874,21.023,9.387,11.636,44.236,6.600,37.636,0,0,0
SAKARYA,2013,SAKARYA,704.880,349.820,355.060,185.993,106.371,79.622,455.854,228.239,227.615,19.589,8.752,10.837,43.444,6.458,36.986,0,0,0
SAKARYA,2012,SAKARYA,691.992,343.283,348.709,182.841,104.487,78.354,448.369,224.379,223.990,18.180,8.130,10.050,42.602,6.287,36.315,0,0,0
SAKARYA,2011,SAKARYA,678.433,337.830,340.603,177.157,102.688,74.469,442.139,221.175,220.964,17.282,7.695,9.587,41.855,6.272,35.583,0,0,0
SAKARYA,2010,SAKARYA,662.473,328.291,334.182,170.647,97.609,73.038,434.744,217.391,217.353,16.116,7.117,8.999,40.966,6.174,34.792,0,0,0
SAKARYA,2009,SAKARYA,651.311,323.276,328.035,168.751,96.873,71.878,427.779,213.910,213.869,14.903,6.476,8.427,39.878,6.017,33.861,0,0,0
SAKARYA,2008,SAKARYA,641.736,318.723,323.013,166.567,95.844,70.723,422.222,210.894,211.328,13.929,6.044,7.885,39.017,5.941,33.076,1,0,1
SAMSUN,2025,SAMSUN,1.147.830,563.951,583.879,297.220,166.272,130.948,715.799,358.487,357.312,55.208,25.478,29.730,79.603,13.714,65.889,0,0,0
SAMSUN,2024,SAMSUN,1.132.529,556.057,576.472,291.062,162.773,128.289,711.736,356.234,355.502,51.438,23.559,27.879,78.293,13.491,64.802,0,0,0
SAMSUN,2023,SAMSUN,1.121.269,550.163,571.106,287.046,160.709,126.337,708.392,353.963,354.429,48.486,22.073,26.413,77.345,13.418,63.927,0,0,0
SAMSUN,2022,SAMSUN,1.107.991,543.273,564.718,284.832,159.041,125.791,701.752,350.599,351.153,45.211,20.451,24.760,76.196,13.182,63.014,0,0,0
SAMSUN,2021,SAMSUN,1.104.191,541.165,563.026,285.133,158.871,126.262,701.514,350.193,351.321,42.098,19.021,23.077,75.446,13.080,62.366,0,0,0
SAMSUN,2020,SAMSUN,1.066.608,522.398,544.210,272.332,151.199,121.133,682.595,341.206,341.389,38.758,17.552,21.206,72.923,12.441,60.482,0,0,0
SAMSUN,2019,SAMSUN,1.052.949,517.502,535.447,265.279,148.355,116.924,679.488,340.226,339.262,37.034,16.741,20.293,71.148,12.180,58.968,0,0,0
SAMSUN,2018,SAMSUN,1.041.574,511.211,530.363,261.411,145.622,115.789,675.452,338.054,337.398,34.614,15.482,19.132,70.097,12.053,58.044,0,0,0
SAMSUN,2017,SAMSUN,1.026.975,502.872,524.103,258.898,143.400,115.498,667.219,333.426,333.793,32.103,14.230,17.873,68.755,11.816,56.939,0,0,0
SAMSUN,2016,SAMSUN,1.015.016,496.669,518.347,256.936,141.820,115.116,659.798,329.602,330.196,30.683,13.564,17.119,67.599,11.683,55.916,0,0,0
SAMSUN,2015,SAMSUN,1.000.708,488.751,511.957,253.384,139.056,114.328,651.618,325.378,326.240,29.194,12.839,16.355,66.512,11.478,55.034,0,0,0
SAMSUN,2014,SAMSUN,991.183,484.277,506.906,252.362,138.525,113.837,646.056,322.477,323.579,27.544,12.070,15.474,65.221,11.205,54.016,0,0,0
SAMSUN,2013,SAMSUN,979.467,478.695,500.772,249.300,137.013,112.287,640.080,319.370,320.710,26.006,11.362,14.644,64.081,10.950,53.131,0,0,0
SAMSUN,2012,SAMSUN,966.717,471.202,495.515,245.124,133.632,111.492,633.834,315.984,317.850,24.779,10.758,14.021,62.980,10.828,52.152,0,0,0
SAMSUN,2011,SAMSUN,960.317,468.534,491.783,243.800,132.851,110.949,631.255,314.888,316.367,23.272,10.015,13.257,61.990,10.780,51.210,0,0,0
SAMSUN,2010,SAMSUN,955.566,467.842,487.724,246.801,135.751,111.050,626.275,312.181,314.094,21.811,9.326,12.485,60.679,10.584,50.095,0,0,0
SAMSUN,2009,SAMSUN,946.236,463.497,482.739,244.621,134.614,110.007,622.284,310.154,312.130,20.111,8.435,11.676,59.220,10.294,48.926,0,0,0
SAMSUN,2008,SAMSUN,926.867,450.919,475.948,237.789,127.950,109.839,612.287,304.804,307.483,19.450,8.193,11.257,57.340,9.972,47.368,1,0,1
SİİRT,2025,SİİRT,232.244,117.971,114.273,90.610,49.900,40.710,130.378,65.645,64.733,2.695,1.216,1.479,8.561,1.210,7.351,0,0,0
SİİRT,2024,SİİRT,233.304,119.427,113.877,91.464,51.023,40.441,130.975,66.161,64.814,2.377,1.051,1.326,8.488,1.192,7.296,0,0,0
SİİRT,2023,SİİRT,240.611,126.228,114.383,95.934,54.986,40.948,134.008,69.054,64.954,2.239,1.010,1.229,8.430,1.178,7.252,0,0,0
SİİRT,2022,SİİRT,223.850,113.046,110.804,87.616,47.924,39.692,126.171,63.210,62.961,1.849,789,1.060,8.214,1.123,7.091,0,0,0
SİİRT,2021,SİİRT,222.293,112.784,109.509,87.950,48.582,39.368,124.567,62.397,62.170,1.662,711,951,8.114,1.094,7.020,0,0,0
SİİRT,2020,SİİRT,218.701,111.463,107.238,86.092,47.871,38.221,123.163,61.877,61.286,1.521,666,855,7.925,1.049,6.876,0,0,0
SİİRT,2019,SİİRT,216.459,110.917,105.542,85.050,47.716,37.334,122.205,61.532,60.673,1.432,638,794,7.772,1.031,6.741,0,0,0
SİİRT,2018,SİİRT,216.176,111.992,104.184,85.764,49.073,36.691,121.337,61.283,60.054,1.381,603,778,7.694,1.033,6.661,0,0,0
SİİRT,2017,SİİRT,208.793,107.194,101.599,82.562,46.703,35.859,117.482,58.967,58.515,1.232,517,715,7.517,1.007,6.510,0,0,0
SİİRT,2016,SİİRT,205.575,106.453,99.122,81.618,47.075,34.543,115.296,57.896,57.400,1.148,473,675,7.513,1.009,6.504,0,0,0
SİİRT,2015,SİİRT,201.777,104.331,97.446,79.764,45.885,33.879,113.428,56.948,56.480,1.107,483,624,7.478,1.015,6.463,0,0,0
SİİRT,2014,SİİRT,198.064,102.490,95.574,78.011,44.989,33.022,111.648,56.052,55.596,1.038,458,580,7.367,991,6.376,0,0,0
SİİRT,2013,SİİRT,192.962,99.707,93.255,75.951,43.721,32.230,108.817,54.595,54.222,985,432,553,7.209,959,6.250,0,0,0
SİİRT,2012,SİİRT,188.746,98.193,90.553,74.637,43.653,30.984,106.207,53.227,52.980,857,366,491,7.045,947,6.098,0,0,0
SİİRT,2011,SİİRT,186.477,97.569,88.908,73.628,43.500,30.128,105.110,52.777,52.333,769,328,441,6.970,964,6.006,0,0,0
SİİRT,2010,SİİRT,175.872,89.004,86.868,65.899,36.568,29.331,102.414,51.202,51.212,706,289,417,6.853,945,5.908,0,0,0
SİİRT,2009,SİİRT,177.809,92.879,84.930,69.391,40.904,28.487,101.058,50.752,50.306,684,299,385,6.676,924,5.752,0,0,0
SİİRT,2008,SİİRT,174.325,91.048,83.277,68.500,40.384,28.116,98.691,49.512,49.179,631,267,364,6.503,885,5.618,0,0,0
SİNOP,2025,SİNOP,192.730,95.193,97.537,44.164,24.729,19.435,121.368,62.221,59.147,9.307,4.912,4.395,17.891,3.331,14.560,0,0,0
SİNOP,2024,SİNOP,192.774,95.239,97.535,43.750,24.510,19.240,122.371,62.687,59.684,8.878,4.696,4.182,17.775,3.346,14.429,0,0,0
SİNOP,2023,SİNOP,194.398,96.111,98.287,44.159,24.872,19.287,124.109,63.480,60.629,8.416,4.404,4.012,17.714,3.355,14.359,0,0,0
SİNOP,2022,SİNOP,186.311,92.247,94.064,42.252,23.983,18.269,119.191,60.933,58.258,7.661,4.051,3.610,17.207,3.280,13.927,0,0,0
SİNOP,2021,SİNOP,183.284,90.512,92.772,41.625,23.629,17.996,117.681,59.961,57.720,7.043,3.661,3.382,16.935,3.261,13.674,0,0,0
SİNOP,2020,SİNOP,178.702,88.350,90.352,39.290,22.562,16.728,116.293,59.214,57.079,6.514,3.368,3.146,16.605,3.206,13.399,0,0,0
SİNOP,2019,SİNOP,180.007,89.300,90.707,40.357,23.305,17.052,117.006,59.572,57.434,6.271,3.275,2.996,16.373,3.148,13.225,0,0,0
SİNOP,2018,SİNOP,181.198,89.466,91.732,40.148,22.868,17.280,118.864,60.365,58.499,5.811,3.027,2.784,16.375,3.206,13.169,0,0,0
SİNOP,2017,SİNOP,170.067,83.853,86.214,37.868,21.706,16.162,111.160,56.283,54.877,5.353,2.783,2.570,15.686,3.081,12.605,0,0,0
SİNOP,2016,SİNOP,168.003,82.763,85.240,36.767,21.234,15.533,110.670,55.895,54.775,5.026,2.581,2.445,15.540,3.053,12.487,0,0,0
SİNOP,2015,SİNOP,166.586,81.947,84.639,36.273,20.882,15.391,109.952,55.471,54.481,4.888,2.513,2.375,15.473,3.081,12.392,0,0,0
SİNOP,2014,SİNOP,167.308,82.356,84.952,37.023,21.350,15.673,110.306,55.574,54.732,4.620,2.344,2.276,15.359,3.088,12.271,0,0,0
SİNOP,2013,SİNOP,166.348,81.753,84.595,36.914,21.153,15.761,110.017,55.436,54.581,4.292,2.134,2.158,15.125,3.030,12.095,0,0,0
SİNOP,2012,SİNOP,162.838,79.852,82.986,36.220,20.636,15.584,107.758,54.196,53.562,4.116,2.048,2.068,14.744,2.972,11.772,0,0,0
SİNOP,2011,SİNOP,163.282,80.251,83.031,36.548,20.861,15.687,108.109,54.363,53.746,4.035,1.994,2.041,14.590,3.033,11.557,0,0,0
SİNOP,2010,SİNOP,162.089,79.273,82.816,36.732,20.628,16.104,107.007,53.693,53.314,4.011,1.982,2.029,14.339,2.970,11.369,0,0,0
SİNOP,2009,SİNOP,159.906,78.090,81.816,36.576,20.459,16.117,105.397,52.840,52.557,3.862,1.877,1.985,14.071,2.914,11.157,0,0,0
SİNOP,2008,SİNOP,159.039,77.555,81.484,37.335,20.781,16.554,104.033,52.068,51.965,3.844,1.851,1.993,13.827,2.855,10.972,0,0,0
SİVAS,2025,SİVAS,517.705,256.877,260.828,146.840,81.545,65.295,314.346,159.534,154.812,19.286,9.672,9.614,37.233,6.126,31.107,0,0,0
SİVAS,2024,SİVAS,519.339,257.213,262.126,146.616,80.979,65.637,317.242,160.966,156.276,18.195,9.101,9.094,37.286,6.167,31.119,0,0,0
SİVAS,2023,SİVAS,527.924,262.235,265.689,148.422,82.852,65.570,324.649,164.470,160.179,17.377,8.650,8.727,37.476,6.263,31.213,0,0,0
SİVAS,2022,SİVAS,511.456,254.737,256.719,144.501,81.723,62.778,314.226,159.000,155.226,16.009,7.863,8.146,36.720,6.151,30.569,0,0,0
SİVAS,2021,SİVAS,509.030,253.738,255.292,143.564,81.284,62.280,314.025,158.896,155.129,14.878,7.343,7.535,36.563,6.215,30.348,0,0,0
SİVAS,2020,SİVAS,501.772,249.864,251.908,140.186,79.283,60.903,312.170,157.862,154.308,13.563,6.664,6.899,35.853,6.055,29.798,0,0,0
SİVAS,2019,SİVAS,502.534,249.691,252.843,140.561,78.757,61.804,313.977,158.695,155.282,12.770,6.212,6.558,35.226,6.027,29.199,0,0,0
SİVAS,2018,SİVAS,507.714,252.364,255.350,140.689,79.088,61.601,319.583,161.388,158.195,11.965,5.762,6.203,35.477,6.126,29.351,0,0,0
SİVAS,2017,SİVAS,483.154,240.329,242.825,134.111,75.881,58.230,304.283,153.389,150.894,10.878,5.157,5.721,33.882,5.902,27.980,0,0,0
SİVAS,2016,SİVAS,482.075,238.243,243.832,131.604,73.367,58.237,305.903,153.976,151.927,10.506,4.938,5.568,34.062,5.962,28.100,0,0,0
SİVAS,2015,SİVAS,478.292,235.734,242.558,129.818,72.127,57.691,304.515,152.907,151.608,10.170,4.756,5.414,33.789,5.944,27.845,0,0,0
SİVAS,2014,SİVAS,480.000,236.741,243.259,127.360,71.217,56.143,309.135,155.021,154.114,9.645,4.488,5.157,33.860,6.015,27.845,0,0,0
SİVAS,2013,SİVAS,476.335,236.322,240.013,128.317,72.676,55.641,306.083,153.613,152.470,9.102,4.258,4.844,32.833,5.775,27.058,0,0,0
SİVAS,2012,SİVAS,472.994,234.715,238.279,128.262,72.621,55.641,303.757,152.216,151.541,8.838,4.159,4.679,32.137,5.719,26.418,0,0,0
SİVAS,2011,SİVAS,472.342,235.141,237.201,127.664,72.787,54.877,304.317,152.571,151.746,8.608,4.032,4.576,31.753,5.751,26.002,0,0,0
SİVAS,2010,SİVAS,484.208,247.510,236.698,140.032,84.817,55.215,304.749,153.235,151.514,8.289,3.845,4.444,31.138,5.613,25.525,0,0,0
SİVAS,2009,SİVAS,471.657,236.177,235.480,130.079,75.114,54.965,303.235,151.980,151.255,7.896,3.603,4.293,30.447,5.480,24.967,0,0,0
SİVAS,2008,SİVAS,466.808,232.891,233.917,128.079,73.459,54.620,301.177,150.570,150.607,7.800,3.501,4.299,29.752,5.361,24.391,0,0,0
ŞANLIURFA,2025,ŞANLIURFA,1.432.216,715.916,716.300,509.598,274.586,235.012,850.265,424.667,425.598,25.205,10.202,15.003,47.148,6.461,40.687,0,0,0
ŞANLIURFA,2024,ŞANLIURFA,1.402.283,702.063,700.220,498.327,269.423,228.904,834.112,416.860,417.252,23.534,9.482,14.052,46.310,6.298,40.012,0,0,0
ŞANLIURFA,2023,ŞANLIURFA,1.376.807,688.402,688.405,488.428,263.099,225.329,821.396,410.643,410.753,21.720,8.679,13.041,45.263,5.981,39.282,0,0,0
ŞANLIURFA,2022,ŞANLIURFA,1.336.219,667.345,668.874,472.076,253.952,218.124,800.491,399.933,400.558,19.690,7.792,11.898,43.962,5.668,38.294,0,0,0
ŞANLIURFA,2021,ŞANLIURFA,1.311.902,653.877,658.025,466.773,249.806,216.967,784.226,391.521,392.705,17.647,6.951,10.696,43.256,5.599,37.657,0,0,0
ŞANLIURFA,2020,ŞANLIURFA,1.284.507,640.373,644.134,464.486,248.729,215.757,762.345,380.237,382.108,15.822,6.108,9.714,41.854,5.299,36.555,0,0,0
ŞANLIURFA,2019,ŞANLIURFA,1.247.718,622.120,625.598,445.383,238.825,206.558,747.376,372.743,374.633,14.777,5.638,9.139,40.182,4.914,35.268,0,0,0
ŞANLIURFA,2018,ŞANLIURFA,1.218.394,607.200,611.194,435.080,232.826,202.254,730.400,364.428,365.972,13.531,5.184,8.347,39.383,4.762,34.621,0,0,0
ŞANLIURFA,2017,ŞANLIURFA,1.186.578,589.284,597.294,426.105,226.144,199.961,709.498,353.796,355.702,12.463,4.705,7.758,38.512,4.639,33.873,0,0,0
ŞANLIURFA,2016,ŞANLIURFA,1.157.807,575.175,582.632,421.179,223.387,197.792,687.262,342.861,344.401,11.849,4.456,7.393,37.517,4.471,33.046,0,0,0
ŞANLIURFA,2015,ŞANLIURFA,1.124.854,556.973,567.881,413.157,217.582,195.575,663.980,330.882,333.098,11.124,4.172,6.952,36.593,4.337,32.256,0,0,0
ŞANLIURFA,2014,ŞANLIURFA,1.090.307,538.497,551.810,403.346,211.396,191.950,641.083,319.119,321.964,10.121,3.790,6.331,35.757,4.192,31.565,0,0,0
ŞANLIURFA,2013,ŞANLIURFA,1.056.671,520.241,536.430,391.586,203.826,187.760,621.332,309.112,312.220,8.945,3.298,5.647,34.808,4.005,30.803,0,0,0
ŞANLIURFA,2012,ŞANLIURFA,1.029.258,506.081,523.177,383.932,199.025,184.907,603.236,300.186,303.050,8.223,3.002,5.221,33.867,3.868,29.999,0,0,0
ŞANLIURFA,2011,ŞANLIURFA,996.839,489.189,507.650,376.868,193.869,182.999,579.525,288.702,290.823,7.789,2.860,4.929,32.657,3.758,28.899,0,0,0
ŞANLIURFA,2010,ŞANLIURFA,960.785,470.601,490.184,367.641,187.877,179.764,554.760,276.461,278.299,7.237,2.662,4.575,31.147,3.601,27.546,0,0,0
ŞANLIURFA,2009,ŞANLIURFA,927.595,456.629,470.966,360.364,185.731,174.633,530.912,265.036,265.876,6.680,2.458,4.222,29.639,3.404,26.235,0,0,0
ŞANLIURFA,2008,ŞANLIURFA,908.807,446.138,462.669,360.840,184.958,175.882,512.800,255.533,257.267,6.396,2.404,3.992,28.770,3.243,25.527,1,0,1
ŞIRNAK,2025,ŞIRNAK,384.940,200.617,184.323,167.915,94.480,73.435,202.450,102.995,99.455,3.906,1.877,2.029,10.669,1.265,9.404,0,0,0
ŞIRNAK,2024,ŞIRNAK,380.405,199.720,180.685,166.409,94.465,71.944,199.809,102.230,97.579,3.648,1.758,1.890,10.539,1.267,9.272,0,0,0
ŞIRNAK,2023,ŞIRNAK,378.632,201.067,177.565,166.693,95.306,71.387,198.220,102.862,95.358,3.372,1.666,1.706,10.347,1.233,9.114,0,0,0
ŞIRNAK,2022,ŞIRNAK,365.421,192.826,172.595,162.023,92.261,69.762,190.350,97.884,92.466,2.967,1.479,1.488,10.081,1.202,8.879,0,0,0
ŞIRNAK,2021,ŞIRNAK,353.119,184.634,168.485,157.465,88.923,68.542,183.269,93.379,89.890,2.491,1.169,1.322,9.894,1.163,8.731,0,0,0
ŞIRNAK,2020,ŞIRNAK,342.517,179.554,162.963,153.622,87.039,66.583,176.985,90.352,86.633,2.187,1.007,1.180,9.723,1.156,8.567,0,0,0
ŞIRNAK,2019,ŞIRNAK,334.581,177.726,156.855,150.502,87.008,63.494,172.698,88.655,84.043,2.009,951,1.058,9.372,1.112,8.260,0,0,0
ŞIRNAK,2018,ŞIRNAK,329.759,177.847,151.912,151.195,89.510,61.685,167.497,86.402,81.095,1.787,850,937,9.280,1.085,8.195,0,0,0
ŞIRNAK,2017,ŞIRNAK,311.543,165.510,146.033,143.249,83.130,60.119,157.604,80.572,77.032,1.590,726,864,9.100,1.082,8.018,0,0,0
ŞIRNAK,2016,ŞIRNAK,293.790,153.861,139.929,134.843,76.742,58.101,148.660,75.459,73.201,1.404,616,788,8.883,1.044,7.839,0,0,0
ŞIRNAK,2015,ŞIRNAK,295.421,156.573,138.848,135.860,78.700,57.160,149.403,76.197,73.206,1.429,658,771,8.729,1.018,7.711,0,0,0
ŞIRNAK,2014,ŞIRNAK,290.667,153.366,137.301,132.569,76.346,56.223,148.093,75.390,72.703,1.395,639,756,8.610,991,7.619,0,0,0
ŞIRNAK,2013,ŞIRNAK,277.090,144.895,132.195,124.931,71.260,53.671,142.566,72.187,70.379,1.211,522,689,8.382,926,7.456,0,0,0
ŞIRNAK,2012,ŞIRNAK,270.233,143.348,126.885,124.139,72.861,51.278,136.953,69.162,67.791,1.061,436,625,8.080,889,7.191,0,0,0
ŞIRNAK,2011,ŞIRNAK,262.705,140.189,122.516,121.099,71.564,49.535,132.879,67.336,65.543,991,409,582,7.736,880,6.856,0,0,0
ŞIRNAK,2010,ŞIRNAK,236.658,119.791,116.867,101.512,54.648,46.864,126.734,63.892,62.842,893,379,514,7.519,872,6.647,0,0,0
ŞIRNAK,2009,ŞIRNAK,238.771,126.607,112.164,106.809,62.243,44.566,123.891,63.135,60.756,829,388,441,7.242,841,6.401,0,0,0
ŞIRNAK,2008,ŞIRNAK,240.487,129.040,111.447,109.988,65.225,44.763,122.761,62.649,60.112,787,365,422,6.950,801,6.149,1,0,1
TEKİRDAĞ,2025,TEKİRDAĞ,972.311,494.726,477.585,244.375,150.085,94.290,618.288,309.990,308.298,54.671,25.707,28.964,54.977,8.944,46.033,0,0,0
TEKİRDAĞ,2024,TEKİRDAĞ,949.724,483.019,466.705,236.759,145.509,91.250,608.473,305.016,303.457,51.122,23.951,27.171,53.370,8.543,44.827,0,0,0
TEKİRDAĞ,2023,TEKİRDAĞ,928.984,472.865,456.119,231.257,142.685,88.572,597.713,299.367,298.346,48.086,22.528,25.558,51.928,8.285,43.643,0,0,0
TEKİRDAĞ,2022,TEKİRDAĞ,904.678,460.814,443.864,223.409,137.784,85.625,585.966,293.967,291.999,44.878,21.052,23.826,50.425,8.011,42.414,0,0,0
TEKİRDAĞ,2021,TEKİRDAĞ,879.486,450.234,429.252,217.220,135.523,81.697,571.972,287.381,284.591,41.487,19.562,21.925,48.807,7.768,41.039,0,0,0
TEKİRDAĞ,2020,TEKİRDAĞ,846.513,432.464,414.049,206.817,128.169,78.648,555.134,279.172,275.962,37.897,17.787,20.110,46.665,7.336,39.329,0,0,0
TEKİRDAĞ,2019,TEKİRDAĞ,824.100,424.051,400.049,197.079,125.086,71.993,546.158,274.854,271.304,36.033,16.990,19.043,44.830,7.121,37.709,0,0,0
TEKİRDAĞ,2018,TEKİRDAĞ,803.375,411.813,391.562,188.577,118.654,69.923,537.438,270.307,267.131,33.582,15.845,17.737,43.778,7.007,36.771,0,0,0
TEKİRDAĞ,2017,TEKİRDAĞ,785.475,403.585,381.890,184.039,116.448,67.591,527.820,265.694,262.126,30.983,14.602,16.381,42.633,6.841,35.792,0,0,0
TEKİRDAĞ,2016,TEKİRDAĞ,761.059,391.016,370.043,178.848,113.136,65.712,511.842,257.605,254.237,28.936,13.678,15.258,41.433,6.597,34.836,0,0,0
TEKİRDAĞ,2015,TEKİRDAĞ,734.953,378.140,356.813,173.306,110.095,63.211,494.487,248.850,245.637,27.079,12.812,14.267,40.081,6.383,33.698,0,0,0
TEKİRDAĞ,2014,TEKİRDAĞ,711.834,366.750,345.084,168.836,107.503,61.333,478.898,241.173,237.725,25.154,11.852,13.302,38.946,6.222,32.724,0,0,0
TEKİRDAĞ,2013,TEKİRDAĞ,685.801,353.339,332.462,163.243,103.817,59.426,461.837,232.641,229.196,22.954,10.837,12.117,37.767,6.044,31.723,0,0,0
TEKİRDAĞ,2012,TEKİRDAĞ,668.180,344.682,323.498,160.376,102.273,58.103,449.548,226.364,223.184,21.351,10.104,11.247,36.905,5.941,30.964,0,0,0
TEKİRDAĞ,2011,TEKİRDAĞ,649.719,334.935,314.784,157.306,100.191,57.115,436.579,219.685,216.894,19.804,9.259,10.545,36.030,5.800,30.230,0,0,0
TEKİRDAĞ,2010,TEKİRDAĞ,622.291,316.285,306.006,145.506,89.365,56.141,423.699,212.876,210.823,18.050,8.367,9.683,35.036,5.677,29.359,0,0,0
TEKİRDAĞ,2009,TEKİRDAĞ,611.101,313.967,297.134,147.383,92.757,54.626,413.469,208.213,205.256,16.356,7.503,8.853,33.893,5.494,28.399,0,0,0
TEKİRDAĞ,2008,TEKİRDAĞ,600.450,311.095,289.355,147.468,94.703,52.765,405.355,204.224,201.131,14.809,6.839,7.970,32.818,5.329,27.489,0,0,0
TOKAT,2025,TOKAT,509.718,252.253,257.465,127.328,72.274,55.054,321.979,162.868,159.111,19.421,10.218,9.203,40.990,6.893,34.097,0,0,0
TOKAT,2024,TOKAT,505.888,249.560,256.328,125.349,70.681,54.668,321.764,162.535,159.229,18.117,9.469,8.648,40.658,6.875,33.783,0,0,0
TOKAT,2023,TOKAT,498.904,245.602,253.302,124.616,70.456,54.160,317.245,159.741,157.504,16.738,8.568,8.170,40.305,6.837,33.468,0,0,0
TOKAT,2022,TOKAT,487.315,240.312,247.003,123.253,70.106,53.147,309.384,155.701,153.683,15.296,7.767,7.529,39.382,6.738,32.644,0,0,0
TOKAT,2021,TOKAT,489.292,241.189,248.103,124.322,70.708,53.614,311.718,156.668,155.050,14.110,7.120,6.990,39.142,6.693,32.449,0,0,0
TOKAT,2020,TOKAT,478.249,235.761,242.488,119.802,68.256,51.546,306.944,154.360,152.584,13.085,6.523,6.562,38.418,6.622,31.796,0,0,0
TOKAT,2019,TOKAT,487.581,240.646,246.935,120.538,68.846,51.692,316.214,158.883,157.331,12.689,6.306,6.383,38.140,6.611,31.529,0,0,0
TOKAT,2018,TOKAT,487.116,241.571,245.545,121.389,70.457,50.932,315.933,158.605,157.328,11.905,5.901,6.004,37.889,6.608,31.281,0,0,0
TOKAT,2017,TOKAT,475.692,234.720,240.972,118.621,67.768,50.853,308.923,154.941,153.982,11.178,5.492,5.686,36.970,6.519,30.451,0,0,0
TOKAT,2016,TOKAT,474.906,233.642,241.264,118.657,67.081,51.576,309.201,154.912,154.289,10.419,5.145,5.274,36.629,6.504,30.125,0,0,0
TOKAT,2015,TOKAT,465.975,228.533,237.442,114.265,64.364,49.901,305.511,152.865,152.646,9.818,4.805,5.013,36.381,6.499,29.882,0,0,0
TOKAT,2014,TOKAT,466.412,229.275,237.137,112.884,64.193,48.691,307.986,154.030,153.956,9.290,4.508,4.782,36.252,6.544,29.708,0,0,0
TOKAT,2013,TOKAT,463.489,227.696,235.793,111.507,63.471,48.036,307.312,153.498,153.814,8.937,4.306,4.631,35.733,6.421,29.312,0,0,0
TOKAT,2012,TOKAT,471.243,231.428,239.815,111.827,63.357,48.470,315.503,157.536,157.967,8.672,4.130,4.542,35.241,6.405,28.836,0,0,0
TOKAT,2011,TOKAT,463.595,228.204,235.391,110.534,63.012,47.522,310.283,154.898,155.385,8.302,3.916,4.386,34.476,6.378,28.098,0,0,0
TOKAT,2010,TOKAT,469.424,234.213,235.211,117.851,69.566,48.285,309.745,154.613,155.132,7.980,3.743,4.237,33.848,6.291,27.557,0,0,0
TOKAT,2009,TOKAT,470.181,233.018,237.163,115.839,66.963,48.876,313.638,156.360,157.278,7.574,3.500,4.074,33.130,6.195,26.935,0,0,0
TOKAT,2008,TOKAT,462.401,227.548,234.853,113.010,64.139,48.871,309.478,153.985,155.493,7.221,3.313,3.908,32.692,6.111,26.581,0,0,0
TRABZON,2025,TRABZON,679.328,334.493,344.835,193.677,106.531,87.146,416.388,210.415,205.973,22.415,10.577,11.838,46.848,6.970,39.878,0,0,0
TRABZON,2024,TRABZON,674.278,332.237,342.041,190.737,105.460,85.277,415.896,210.013,205.883,21.091,9.861,11.230,46.554,6.903,39.651,0,0,0
TRABZON,2023,TRABZON,671.713,330.855,340.858,189.171,105.047,84.124,416.155,209.693,206.462,20.138,9.326,10.812,46.249,6.789,39.460,0,0,0
TRABZON,2022,TRABZON,663.296,326.829,336.467,187.775,104.500,83.275,411.223,207.108,204.115,18.660,8.517,10.143,45.638,6.704,38.934,0,0,0
TRABZON,2021,TRABZON,659.009,324.174,334.835,188.310,104.356,83.954,408.069,205.336,202.733,17.325,7.886,9.439,45.305,6.596,38.709,0,0,0
TRABZON,2020,TRABZON,644.074,316.378,327.696,183.066,100.924,82.142,400.731,201.775,198.956,15.974,7.262,8.712,44.303,6.417,37.886,0,0,0
TRABZON,2019,TRABZON,641.004,314.804,326.200,183.379,100.801,82.578,399.083,200.889,198.194,14.944,6.751,8.193,43.598,6.363,37.235,0,0,0
TRABZON,2018,TRABZON,641.368,314.372,326.996,183.911,100.556,83.355,400.174,201.283,198.891,14.036,6.234,7.802,43.247,6.299,36.948,0,0,0
TRABZON,2017,TRABZON,623.588,305.580,318.008,181.063,99.267,81.796,387.268,194.409,192.859,13.030,5.752,7.278,42.227,6.152,36.075,0,0,0
TRABZON,2016,TRABZON,618.132,302.871,315.261,180.153,98.905,81.248,383.698,192.425,191.273,12.411,5.437,6.974,41.870,6.104,35.766,0,0,0
TRABZON,2015,TRABZON,608.659,298.327,310.332,175.950,97.033,78.917,379.262,190.038,189.224,11.942,5.242,6.700,41.505,6.014,35.491,0,0,0
TRABZON,2014,TRABZON,606.696,296.913,309.783,177.113,97.162,79.951,377.068,188.827,188.241,11.398,5.004,6.394,41.117,5.920,35.197,0,0,0
TRABZON,2013,TRABZON,597.459,292.608,304.851,175.613,96.635,78.978,370.767,185.530,185.237,10.755,4.695,6.060,40.324,5.748,34.576,0,0,0
TRABZON,2012,TRABZON,595.048,291.587,303.461,176.518,97.212,79.306,368.488,184.280,184.208,10.287,4.457,5.830,39.755,5.638,34.117,0,0,0
TRABZON,2011,TRABZON,590.874,289.436,301.438,174.519,96.014,78.505,367.165,183.593,183.572,9.852,4.251,5.601,39.338,5.578,33.760,0,0,0
TRABZON,2010,TRABZON,591.806,289.354,302.452,174.464,95.337,79.127,369.240,184.508,184.732,9.445,4.038,5.407,38.657,5.471,33.186,0,0,0
TRABZON,2009,TRABZON,590.665,289.681,300.984,177.296,97.589,79.707,366.649,183.012,183.637,8.995,3.802,5.193,37.725,5.278,32.447,0,0,0
TRABZON,2008,TRABZON,576.525,282.405,294.120,174.524,95.794,78.730,356.867,177.952,178.915,8.532,3.561,4.971,36.602,5.098,31.504,0,0,0
TUNCELİ,2025,TUNCELİ,73.555,38.438,35.117,22.501,13.225,9.276,41.237,21.821,19.416,4.729,2.552,2.177,5.088,840,4.248,0,0,0
TUNCELİ,2024,TUNCELİ,74.550,39.013,35.537,22.806,13.424,9.382,42.030,22.290,19.740,4.576,2.452,2.124,5.138,847,4.291,0,0,0
TUNCELİ,2023,TUNCELİ,76.747,40.614,36.133,23.740,14.350,9.390,43.503,23.092,20.411,4.348,2.331,2.017,5.156,841,4.315,0,0,0
TUNCELİ,2022,TUNCELİ,72.090,38.196,33.894,22.365,13.654,8.711,40.935,21.676,19.259,3.852,2.064,1.788,4.938,802,4.136,0,0,0
TUNCELİ,2021,TUNCELİ,71.149,37.920,33.229,21.660,13.674,7.986,40.932,21.531,19.401,3.575,1.916,1.659,4.982,799,4.183,0,0,0
TUNCELİ,2020,TUNCELİ,70.673,38.124,32.549,21.683,14.112,7.571,40.783,21.464,19.319,3.266,1.753,1.513,4.941,795,4.146,0,0,0
TUNCELİ,2019,TUNCELİ,71.981,39.463,32.518,22.938,15.282,7.656,41.060,21.737,19.323,3.040,1.634,1.406,4.943,810,4.133,0,0,0
TUNCELİ,2018,TUNCELİ,75.543,42.515,33.028,25.801,17.971,7.830,41.916,22.192,19.724,2.861,1.513,1.348,4.965,839,4.126,0,0,0
TUNCELİ,2017,TUNCELİ,70.464,39.527,30.937,25.346,17.585,7.761,38.019,19.898,18.121,2.411,1.270,1.141,4.688,774,3.914,0,0,0
TUNCELİ,2016,TUNCELİ,70.133,38.942,31.191,25.322,17.263,8.059,37.842,19.715,18.127,2.204,1.150,1.054,4.765,814,3.951,0,0,0
TUNCELİ,2015,TUNCELİ,73.463,41.605,31.858,28.036,19.569,8.467,38.617,20.164,18.453,2.063,1.075,988,4.747,797,3.950,0,0,0
TUNCELİ,2014,TUNCELİ,73.608,41.279,32.329,27.897,19.092,8.805,39.026,20.376,18.650,1.925,1.000,925,4.760,811,3.949,0,0,0
TUNCELİ,2013,TUNCELİ,72.569,40.994,31.575,27.997,19.430,8.567,37.987,19.758,18.229,1.846,957,889,4.739,849,3.890,0,0,0
TUNCELİ,2012,TUNCELİ,73.708,43.545,30.163,30.996,22.816,8.180,36.510,19.017,17.493,1.669,868,801,4.533,844,3.689,0,0,0
TUNCELİ,2011,TUNCELİ,72.199,42.384,29.815,29.914,21.837,8.077,36.345,18.923,17.422,1.503,789,714,4.437,835,3.602,0,0,0
TUNCELİ,2010,TUNCELİ,63.308,33.809,29.499,21.956,14.071,7.885,35.598,18.205,17.393,1.364,700,664,4.390,833,3.557,0,0,0
TUNCELİ,2009,TUNCELİ,69.197,40.232,28.965,27.626,20.007,7.619,35.997,18.737,17.260,1.316,693,623,4.258,795,3.463,0,0,0
TUNCELİ,2008,TUNCELİ,71.940,42.282,29.658,30.280,22.068,8.212,36.291,18.837,17.454,1.246,633,613,4.123,744,3.379,0,0,0
UŞAK,2025,UŞAK,311.925,153.250,158.675,72.578,40.684,31.894,198.206,99.479,98.727,19.522,9.292,10.230,21.619,3.795,17.824,0,0,0
UŞAK,2024,UŞAK,310.955,152.932,158.023,72.366,40.744,31.622,198.863,99.762,99.101,18.380,8.714,9.666,21.346,3.712,17.634,0,0,0
UŞAK,2023,UŞAK,310.756,153.001,157.755,72.638,41.078,31.560,199.469,100.006,99.463,17.495,8.269,9.226,21.154,3.648,17.506,0,0,0
UŞAK,2022,UŞAK,308.212,151.884,156.328,72.183,40.986,31.197,198.363,99.421,98.942,16.752,7.865,8.887,20.914,3.612,17.302,0,0,0
UŞAK,2021,UŞAK,305.023,150.597,154.426,70.794,40.491,30.303,197.862,99.145,98.717,15.584,7.305,8.279,20.783,3.656,17.127,0,0,0
UŞAK,2020,UŞAK,294.216,145.086,149.130,65.659,37.723,27.936,193.850,97.095,96.755,14.351,6.698,7.653,20.356,3.570,16.786,0,0,0
UŞAK,2019,UŞAK,294.274,144.720,149.554,66.609,37.733,28.876,194.154,97.126,97.028,13.689,6.363,7.326,19.822,3.498,16.324,0,0,0
UŞAK,2018,UŞAK,290.994,142.820,148.174,64.637,36.450,28.187,193.972,96.974,96.998,12.881,5.960,6.921,19.504,3.436,16.068,0,0,0
UŞAK,2017,UŞAK,288.066,141.403,146.663,63.448,35.842,27.606,193.018,96.547,96.471,12.329,5.636,6.693,19.271,3.378,15.893,0,0,0
UŞAK,2016,UŞAK,282.984,139.363,143.621,60.027,34.518,25.509,192.081,96.085,95.996,11.804,5.415,6.389,19.072,3.345,15.727,0,0,0
UŞAK,2015,UŞAK,279.274,137.457,141.817,58.465,33.645,24.820,190.471,95.292,95.179,11.422,5.214,6.208,18.916,3.306,15.610,0,0,0
UŞAK,2014,UŞAK,276.714,136.137,140.577,57.703,33.244,24.459,189.131,94.606,94.525,11.137,5.053,6.084,18.743,3.234,15.509,0,0,0
UŞAK,2013,UŞAK,274.329,135.103,139.226,57.013,33.065,23.948,188.017,94.046,93.971,10.739,4.837,5.902,18.560,3.155,15.405,0,0,0
UŞAK,2012,UŞAK,270.859,133.125,137.734,55.566,32.043,23.523,186.488,93.232,93.256,10.436,4.709,5.727,18.369,3.141,15.228,0,0,0
UŞAK,2011,UŞAK,267.962,132.253,135.709,53.946,31.596,22.350,185.784,93.012,92.772,10.136,4.577,5.559,18.096,3.068,15.028,0,0,0
UŞAK,2010,UŞAK,265.453,130.527,134.926,53.732,31.022,22.710,184.270,92.183,92.087,9.678,4.325,5.353,17.773,2.997,14.776,0,0,0
UŞAK,2009,UŞAK,262.653,129.076,133.577,53.238,30.690,22.548,182.704,91.332,91.372,9.214,4.099,5.115,17.497,2.955,14.542,0,0,0
UŞAK,2008,UŞAK,260.293,127.400,132.893,52.795,30.044,22.751,181.503,90.621,90.882,8.828,3.855,4.973,17.167,2.880,14.287,0,0,0
VAN,2025,VAN,788.696,401.715,386.981,291.123,163.734,127.389,458.603,229.083,229.520,10.243,4.466,5.777,28.727,4.432,24.295,0,0,0
VAN,2024,VAN,782.231,398.430,383.801,286.123,161.139,124.984,458.209,228.841,229.368,9.422,4.050,5.372,28.477,4.400,24.077,0,0,0
VAN,2023,VAN,778.955,397.436,381.519,284.668,160.753,123.915,457.630,228.630,229.000,8.457,3.671,4.786,28.200,4.382,23.818,0,0,0
VAN,2022,VAN,770.310,392.696,377.614,281.225,158.765,122.460,453.938,226.421,227.517,7.476,3.245,4.231,27.671,4.265,23.406,0,0,0
VAN,2021,VAN,770.209,392.766,377.443,282.504,159.441,123.063,453.698,226.276,227.422,6.669,2.882,3.787,27.338,4.167,23.171,0,0,0
VAN,2020,VAN,763.375,388.997,374.378,281.179,158.072,123.107,449.744,224.452,225.292,5.829,2.494,3.335,26.623,3.979,22.644,0,0,0
VAN,2019,VAN,745.755,378.330,367.425,267.917,149.494,118.423,446.799,222.825,223.974,5.230,2.236,2.994,25.809,3.775,22.034,0,0,0
VAN,2018,VAN,733.349,375.045,358.304,266.780,151.412,115.368,436.680,218.069,218.611,4.560,1.931,2.629,25.329,3.633,21.696,0,0,0
VAN,2017,VAN,715.248,363.875,351.373,260.020,146.107,113.913,426.285,212.553,213.732,4.070,1.681,2.389,24.873,3.534,21.339,0,0,0
VAN,2016,VAN,704.515,359.413,345.102,258.640,146.210,112.430,417.827,208.276,209.551,3.658,1.494,2.164,24.390,3.433,20.957,0,0,0
VAN,2015,VAN,694.499,355.081,339.418,256.241,145.496,110.745,410.844,204.854,205.990,3.434,1.382,2.052,23.980,3.349,20.631,0,0,0
VAN,2014,VAN,679.028,347.009,332.019,250.811,142.325,108.486,401.554,200.119,201.435,3.151,1.272,1.879,23.512,3.293,20.219,0,0,0
VAN,2013,VAN,660.079,335.920,324.159,244.384,137.571,106.813,390.033,194.071,195.962,2.794,1.127,1.667,22.868,3.151,19.717,0,0,0
VAN,2012,VAN,643.137,329.130,314.007,242.396,137.600,104.796,376.113,187.430,188.683,2.463,1.004,1.459,22.165,3.096,19.069,0,0,0
VAN,2011,VAN,618.318,318.333,299.985,235.142,134.782,100.360,359.662,179.578,180.084,2.202,872,1.330,21.312,3.101,18.211,0,0,0
VAN,2010,VAN,614.070,309.984,304.086,226.996,125.414,101.582,363.769,180.762,183.007,2.147,847,1.300,21.158,2.961,18.197,0,0,0
VAN,2009,VAN,601.639,308.007,293.632,227.376,128.888,98.488,352.191,175.575,176.616,1.825,724,1.101,20.247,2.820,17.427,0,0,0
VAN,2008,VAN,588.133,302.675,285.458,225.508,129.173,96.335,341.312,170.064,171.248,1.723,707,1.016,19.589,2.730,16.859,1,1,0
YALOVA,2025,YALOVA,254.615,126.577,128.038,70.775,40.875,29.900,151.179,76.145,75.034,17.036,7.336,9.700,15.625,2.221,13.404,0,0,0
YALOVA,2024,YALOVA,250.462,124.150,126.312,69.613,39.903,29.710,149.649,75.201,74.448,16.011,6.899,9.112,15.189,2.147,13.042,0,0,0
YALOVA,2023,YALOVA,246.917,122.533,124.384,68.576,39.463,29.113,148.013,74.303,73.710,15.368,6.658,8.710,14.960,2.109,12.851,0,0,0
YALOVA,2022,YALOVA,239.095,118.714,120.381,66.145,38.215,27.930,144.011,72.266,71.745,14.417,6.202,8.215,14.522,2.031,12.491,0,0,0
YALOVA,2021,YALOVA,233.435,116.314,117.121,64.026,37.395,26.631,141.659,71.146,70.513,13.572,5.806,7.766,14.178,1.967,12.211,0,0,0
YALOVA,2020,YALOVA,203.199,101.408,101.791,52.896,31.376,21.520,124.605,62.848,61.757,12.413,5.330,7.083,13.285,1.854,11.431,0,0,0
YALOVA,2019,YALOVA,198.251,98.635,99.616,51.392,30.203,21.189,122.340,61.654,60.686,11.657,4.997,6.660,12.862,1.781,11.081,0,0,0
YALOVA,2018,YALOVA,195.711,97.327,98.384,50.702,29.881,20.821,121.303,60.996,60.307,11.046,4.703,6.343,12.660,1.747,10.913,0,0,0
YALOVA,2017,YALOVA,191.011,94.798,96.213,49.120,28.782,20.338,119.125,59.912,59.213,10.435,4.403,6.032,12.331,1.701,10.630,0,0,0
YALOVA,2016,YALOVA,184.939,91.536,93.403,47.500,27.642,19.858,115.441,58.050,57.391,10.021,4.209,5.812,11.977,1.635,10.342,0,0,0
YALOVA,2015,YALOVA,181.259,89.667,91.592,46.357,26.950,19.407,113.463,57.026,56.437,9.704,4.085,5.619,11.735,1.606,10.129,0,0,0
YALOVA,2014,YALOVA,178.691,88.657,90.034,46.314,27.125,19.189,111.650,56.079,55.571,9.237,3.875,5.362,11.490,1.578,9.912,0,0,0
YALOVA,2013,YALOVA,174.029,86.610,87.419,45.685,26.807,18.878,108.391,54.502,53.889,8.831,3.740,5.091,11.122,1.561,9.561,0,0,0
YALOVA,2012,YALOVA,167.495,83.295,84.200,43.139,25.334,17.805,105.158,52.873,52.285,8.383,3.555,4.828,10.815,1.533,9.282,0,0,0
YALOVA,2011,YALOVA,163.017,80.620,82.397,41.425,24.007,17.418,103.068,51.719,51.349,7.970,3.370,4.600,10.554,1.524,9.030,0,0,0
YALOVA,2010,YALOVA,160.602,79.457,81.145,41.059,23.806,17.253,101.721,50.988,50.733,7.552,3.166,4.386,10.270,1.497,8.773,0,0,0
YALOVA,2009,YALOVA,159.203,79.130,80.073,41.176,24.139,17.037,100.980,50.660,50.320,7.099,2.923,4.176,9.948,1.408,8.540,0,0,0
YALOVA,2008,YALOVA,154.791,77.205,77.586,40.320,23.655,16.665,98.485,49.513,48.972,6.542,2.732,3.810,9.444,1.305,8.139,0,0,0
YOZGAT,2025,YOZGAT,341.882,171.897,169.985,88.690,51.093,37.597,214.126,109.353,104.773,13.387,7.393,5.994,25.679,4.058,21.621,0,0,0
YOZGAT,2024,YOZGAT,339.502,169.523,169.979,87.265,49.582,37.683,213.956,108.965,104.991,12.720,6.956,5.764,25.561,4.020,21.541,0,0,0
YOZGAT,2023,YOZGAT,343.281,170.388,172.893,87.484,49.107,38.377,218.085,110.809,107.276,12.096,6.475,5.621,25.616,3.997,21.619,0,0,0
YOZGAT,2022,YOZGAT,338.815,169.102,169.713,86.890,49.419,37.471,215.335,109.628,105.707,11.352,6.072,5.280,25.238,3.983,21.255,0,0,0
YOZGAT,2021,YOZGAT,335.977,166.458,169.519,85.804,48.177,37.627,214.790,108.954,105.836,10.259,5.309,4.950,25.124,4.018,21.106,0,0,0
YOZGAT,2020,YOZGAT,326.343,161.497,164.846,81.857,46.395,35.462,210.716,106.534,104.182,9.145,4.660,4.485,24.625,3.908,20.717,0,0,0
YOZGAT,2019,YOZGAT,326.685,161.747,164.938,81.041,46.034,35.007,212.600,107.393,105.207,8.832,4.468,4.364,24.212,3.852,20.360,0,0,0
YOZGAT,2018,YOZGAT,327.744,162.061,165.683,79.703,45.544,34.159,215.513,108.489,107.024,8.463,4.197,4.266,24.065,3.831,20.234,0,0,0
YOZGAT,2017,YOZGAT,321.814,159.145,162.669,78.718,45.194,33.524,211.689,106.412,105.277,7.840,3.788,4.052,23.567,3.751,19.816,0,0,0
YOZGAT,2016,YOZGAT,323.210,160.512,162.698,79.183,46.193,32.990,212.857,106.848,106.009,7.675,3.669,4.006,23.495,3.802,19.693,0,0,0
YOZGAT,2015,YOZGAT,320.645,158.842,161.803,77.579,45.289,32.290,212.185,106.277,105.908,7.461,3.502,3.959,23.420,3.774,19.646,0,0,0
YOZGAT,2014,YOZGAT,329.774,163.603,166.171,80.708,47.317,33.391,218.319,109.114,109.205,7.354,3.427,3.927,23.393,3.745,19.648,0,0,0
YOZGAT,2013,YOZGAT,335.067,166.210,168.857,82.478,48.480,33.998,222.078,110.735,111.343,7.178,3.271,3.907,23.333,3.724,19.609,0,0,0
YOZGAT,2012,YOZGAT,338.626,167.994,170.632,82.420,48.454,33.966,226.137,112.630,113.507,6.977,3.155,3.822,23.092,3.755,19.337,0,0,0
YOZGAT,2011,YOZGAT,344.942,171.420,173.522,83.960,49.327,34.633,231.006,115.150,115.856,6.905,3.126,3.779,23.071,3.817,19.254,0,0,0
YOZGAT,2010,YOZGAT,349.471,173.104,176.367,84.931,49.464,35.467,234.751,116.838,117.913,6.847,3.065,3.782,22.942,3.737,19.205,0,0,0
YOZGAT,2009,YOZGAT,355.932,177.111,178.821,87.416,51.467,35.949,239.213,119.026,120.187,6.665,2.924,3.741,22.638,3.694,18.944,0,0,0
YOZGAT,2008,YOZGAT,352.738,174.961,177.777,87.249,50.898,36.351,236.885,117.662,119.223,6.437,2.780,3.657,22.167,3.621,18.546,0,0,0
ZONGULDAK,2025,ZONGULDAK,500.007,246.625,253.382,126.679,71.507,55.172,308.158,155.227,152.931,27.208,13.521,13.687,37.962,6.370,31.592,0,0,0
ZONGULDAK,2024,ZONGULDAK,498.093,245.821,252.272,125.324,71.028,54.296,309.590,155.844,153.746,25.841,12.735,13.106,37.338,6.214,31.124,0,0,0
ZONGULDAK,2023,ZONGULDAK,498.785,246.444,252.341,126.114,71.559,54.555,311.093,156.706,154.387,24.725,12.129,12.596,36.853,6.050,30.803,0,0,0
ZONGULDAK,2022,ZONGULDAK,492.994,242.918,250.076,123.202,69.586,53.616,309.781,155.852,153.929,23.682,11.605,12.077,36.329,5.875,30.454,0,0,0
ZONGULDAK,2021,ZONGULDAK,490.493,241.058,249.435,121.907,68.598,53.309,310.107,155.697,154.410,22.556,10.968,11.588,35.923,5.795,30.128,0,0,0
ZONGULDAK,2020,ZONGULDAK,485.215,238.593,246.622,118.513,66.920,51.593,309.806,155.525,154.281,21.562,10.509,11.053,35.334,5.639,29.695,0,0,0
ZONGULDAK,2019,ZONGULDAK,486.782,239.710,247.072,119.631,67.471,52.160,311.529,156.503,155.026,20.986,10.214,10.772,34.636,5.522,29.114,0,0,0
ZONGULDAK,2018,ZONGULDAK,487.838,239.848,247.990,119.014,66.689,52.325,314.459,158.086,156.373,19.976,9.612,10.364,34.389,5.461,28.928,0,0,0
ZONGULDAK,2017,ZONGULDAK,484.091,236.547,247.544,117.306,65.047,52.259,313.844,157.034,156.810,19.024,9.076,9.948,33.917,5.390,28.527,0,0,0
ZONGULDAK,2016,ZONGULDAK,482.804,236.142,246.662,115.599,64.398,51.201,315.127,157.675,157.452,18.541,8.775,9.766,33.537,5.294,28.243,0,0,0
ZONGULDAK,2015,ZONGULDAK,479.275,234.812,244.463,112.967,63.367,49.600,315.156,157.710,157.446,17.891,8.457,9.434,33.261,5.278,27.983,0,0,0
ZONGULDAK,2014,ZONGULDAK,480.347,235.035,245.312,113.755,63.537,50.218,316.314,158.251,158.063,17.289,8.054,9.235,32.989,5.193,27.796,0,0,0
ZONGULDAK,2013,ZONGULDAK,480.965,234.851,246.114,113.815,63.294,50.521,317.807,158.796,159.011,16.568,7.619,8.949,32.775,5.142,27.633,0,0,0
ZONGULDAK,2012,ZONGULDAK,483.047,235.914,247.133,114.078,63.444,50.634,320.219,159.918,160.301,16.192,7.420,8.772,32.558,5.132,27.426,0,0,0
ZONGULDAK,2011,ZONGULDAK,485.570,237.243,248.327,115.526,64.103,51.423,321.646,160.640,161.006,16.035,7.366,8.669,32.363,5.134,27.229,0,0,0
ZONGULDAK,2010,ZONGULDAK,490.388,241.171,249.217,121.079,68.219,52.860,321.606,160.637,160.969,15.870,7.288,8.582,31.833,5.027,26.806,0,0,0
ZONGULDAK,2009,ZONGULDAK,487.993,238.616,249.377,119.708,66.113,53.595,321.124,160.284,160.840,15.831,7.255,8.576,31.330,4.964,26.366,0,0,0
ZONGULDAK,2008,ZONGULDAK,486.445,237.176,249.269,120.913,66.116,54.797,317.267,158.189,159.078,17.306,7.923,9.383,30.959,4.948,26.011,0,0,0
