province,c0,c1,c2,c3,c4,c5,c6,c7,c8,c9,c10,c11,c12,c13,c14,c15,c16,c17,c18,c19
ADANA,2025,ADANA,2.283.609,1.141.614,1.141.995,,,,,,,,,,,,,,,
ADANA,2024,ADANA,2.280.484,1.140.836,1.139.648,,,,,,,,,,,,,,,
ADANA,2023,ADANA,2.270.298,1.135.046,1.135.252,,,,,,,,,,,,,,,
ADANA,2022,ADANA,2.274.106,1.137.455,1.136.651,,,,,,,,,,,,,,,
ADANA,2021,ADANA,2.263.373,1.130.862,1.132.511,,,,,,,,,,,,,,,
ADANA,2020,ADANA,2.258.718,1.127.516,1.131.202,,,,,,,,,,,,,,,
ADANA,2019,ADANA,2.237.940,1.117.032,1.120.908,,,,,,,,,,,,,,,
ADANA,2018,ADANA,2.220.125,1.106.811,1.113.314,,,,,,,,,,,,,,,
ADANA,2017,ADANA,2.216.475,1.108.939,1.107.536,,,,,,,,,,,,,,,
ADANA,2016,ADANA,2.201.670,1.101.340,1.100.330,,,,,,,,,,,,,,,
ADANA,2015,ADANA,2.183.167,1.091.159,1.092.008,,,,,,,,,,,,,,,
ADANA,2014,ADANA,2.165.595,1.082.497,1.083.098,,,,,,,,,,,,,,,
ADANA,2013,ADANA,2.149.260,1.074.778,1.074.482,,,,,,,,,,,,,,,
ADANA,2012,ADANA,2.125.635,1.061.264,1.064.371,,,,,,,,,,,,,,,
ADANA,2011,ADANA,2.108.805,1.052.873,1.055.932,,,,,,,,,,,,,,,
ADANA,2010,ADANA,2.085.225,1.038.575,1.046.650,,,,,,,,,,,,,,,
ADANA,2009,ADANA,2.062.226,1.029.640,1.032.586,,,,,,,,,,,,,,,
ADANA,2008,ADANA,2.026.319,1.009.001,1.017.318,,,,,,,,,,,,,,,
ADANA,2007,ADANA,2.006.650,994.864,1.011.786,,,,,,,,,,,,,,,
ADANA,2000,ADANA,1.849.478,920.001,929.477,,,,,,,,,,,,,,,
ADANA,1990,ADANA,1.934.907,973.878,961.029,,,,,,,,,,,,,,,
ADANA,1985,ADANA,1.725.940,875.164,850.776,,,,,,,,,,,,,,,
ADANA,1980,ADANA,1.485.743,750.217,735.526,,,,,,,,,,,,,,,
ADANA,1975,ADANA,1.240.475,639.034,601.441,,,,,,,,,,,,,,,
ADANA,1970,ADANA,1.035.377,526.796,508.581,,,,,,,,,,,,,,,
ADANA,1965,ADANA,902.712,466.032,436.680,,,,,,,,,,,,,,,
ADANA,1960,ADANA,760.803,395.283,365.520,,,,,,,,,,,,,,,
ADANA,1955,ADANA,628.505,325.385,303.120,,,,,,,,,,,,,,,
ADANA,1950,ADANA,508.518,264.565,243.953,,,,,,,,,,,,,,,
ADANA,1945,ADANA,418.740,215.750,202.990,,,,,,,,,,,,,,,
ADANA,1940,ADANA,375.777,192.202,183.575,,,,,,,,,,,,,,,
ADANA,1935,ADANA,383.645,199.525,184.120,,,,,,,,,,,,,,,
ADANA,1927,ADANA,227.718,116.341,111.377,,,,,,,,,,,,,,,
ADIYAMAN,2025,ADIYAMAN,617.821,312.881,304.940,,,,,,,,,,,,,,,
ADIYAMAN,2024,ADIYAMAN,611.037,309.540,301.497,,,,,,,,,,,,,,,
ADIYAMAN,2023,ADIYAMAN,604.978,306.779,298.199,,,,,,,,,,,,,,,
ADIYAMAN,2022,ADIYAMAN,635.169,320.177,314.992,,,,,,,,,,,,,,,
ADIYAMAN,2021,ADIYAMAN,632.148,318.619,313.529,,,,,,,,,,,,,,,
ADIYAMAN,2020,ADIYAMAN,632.459,318.755,313.704,,,,,,,,,,,,,,,
ADIYAMAN,2019,ADIYAMAN,626.465,316.112,310.353,,,,,,,,,,,,,,,
ADIYAMAN,2018,ADIYAMAN,624.513,314.998,309.515,,,,,,,,,,,,,,,
ADIYAMAN,2017,ADIYAMAN,615.076,309.551,305.525,,,,,,,,,,,,,,,
ADIYAMAN,2016,ADIYAMAN,610.484,307.662,302.822,,,,,,,,,,,,,,,
ADIYAMAN,2015,ADIYAMAN,602.774,303.163,299.611,,,,,,,,,,,,,,,
ADIYAMAN,2014,ADIYAMAN,597.835,299.846,297.989,,,,,,,,,,,,,,,
ADIYAMAN,2013,ADIYAMAN,597.184,299.963,297.221,,,,,,,,,,,,,,,
ADIYAMAN,2012,ADIYAMAN,595.261,298.737,296.524,,,,,,,,,,,,,,,
ADIYAMAN,2011,ADIYAMAN,593.931,298.204,295.727,,,,,,,,,,,,,,,
ADIYAMAN,2010,ADIYAMAN,590.935,294.920,296.015,,,,,,,,,,,,,,,
ADIYAMAN,2009,ADIYAMAN,588.475,294.213,294.262,,,,,,,,,,,,,,,
ADIYAMAN,2008,ADIYAMAN,585.067,291.660,293.407,,,,,,,,,,,,,,,
ADIYAMAN,2007,ADIYAMAN,582.762,288.615,294.147,,,,,,,,,,,,,,,
ADIYAMAN,2000,ADIYAMAN,623.811,313.362,310.449,,,,,,,,,,,,,,,
ADIYAMAN,1990,ADIYAMAN,513.131,256.699,256.432,,,,,,,,,,,,,,,
ADIYAMAN,1985,ADIYAMAN,430.728,217.195,213.533,,,,,,,,,,,,,,,
ADIYAMAN,1980,ADIYAMAN,367.595,185.049,182.546,,,,,,,,,,,,,,,
ADIYAMAN,1975,ADIYAMAN,346.892,178.152,168.740,,,,,,,,,,,,,,,
ADIYAMAN,1970,ADIYAMAN,303.511,152.237,151.274,,,,,,,,,,,,,,,
ADIYAMAN,1965,ADIYAMAN,267.288,136.615,130.673,,,,,,,,,,,,,,,
ADIYAMAN,1960,ADIYAMAN,233.717,119.454,114.263,,,,,,,,,,,,,,,
ADIYAMAN,1955,ADIYAMAN,208.755,107.342,101.413,,,,,,,,,,,,,,,
AFYONKARAHİSAR,2025,AFYONKARAHİSAR,751.808,376.802,375.006,,,,,,,,,,,,,,,
AFYONKARAHİSAR,2024,AFYONKARAHİSAR,750.193,375.263,374.930,,,,,,,,,,,,,,,
AFYONKARAHİSAR,2023,AFYONKARAHİSAR,751.344,374.705,376.639,,,,,,,,,,,,,,,
AFYONKARAHİSAR,2022,AFYONKARAHİSAR,747.555,373.459,374.096,,,,,,,,,,,,,,,
AFYONKARAHİSAR,2021,AFYONKARAHİSAR,744.179,371.421,372.758,,,,,,,,,,,,,,,
AFYONKARAHİSAR,2020,AFYONKARAHİSAR,736.912,367.399,369.513,,,,,,,,,,,,,,,
AFYONKARAHİSAR,2019,AFYONKARAHİSAR,729.483,362.447,367.036,,,,,,,,,,,,,,,
AFYONKARAHİSAR,2018,AFYONKARAHİSAR,725.568,360.152,365.416,,,,,,,,,,,,,,,
AFYONKARAHİSAR,2017,AFYONKARAHİSAR,715.693,354.438,361.255,,,,,,,,,,,,,,,
AFYONKARAHİSAR,2016,AFYONKARAHİSAR,714.523,354.458,360.065,,,,,,,,,,,,,,,
AFYONKARAHİSAR,2015,AFYONKARAHİSAR,709.015,351.993,357.022,,,,,,,,,,,,,,,
AFYONKARAHİSAR,2014,AFYONKARAHİSAR,706.371,350.370,356.001,,,,,,,,,,,,,,,
AFYONKARAHİSAR,2013,AFYONKARAHİSAR,707.123,351.007,356.116,,,,,,,,,,,,,,,
AFYONKARAHİSAR,2012,AFYONKARAHİSAR,703.948,348.548,355.400,,,,,,,,,,,,,,,
AFYONKARAHİSAR,2011,AFYONKARAHİSAR,698.626,347.311,351.315,,,,,,,,,,,,,,,
AFYONKARAHİSAR,2010,AFYONKARAHİSAR,697.559,344.822,352.737,,,,,,,,,,,,,,,
AFYONKARAHİSAR,2009,AFYONKARAHİSAR,701.326,348.194,353.132,,,,,,,,,,,,,,,
AFYONKARAHİSAR,2008,AFYONKARAHİSAR,697.365,345.899,351.466,,,,,,,,,,,,,,,
AFYONKARAHİSAR,2007,AFYONKARAHİSAR,701.572,348.589,352.983,,,,,,,,,,,,,,,
AFYONKARAHİSAR,2000,AFYONKARAHİSAR,812.416,409.311,403.105,,,,,,,,,,,,,,,
AFYONKARAHİSAR,1990,AFYONKARAHİSAR,739.223,368.950,370.273,,,,,,,,,,,,,,,
AFYONKARAHİSAR,1985,AFYONKARAHİSAR,666.978,333.328,333.650,,,,,,,,,,,,,,,
AFYONKARAHİSAR,1980,AFYONKARAHİSAR,597.516,306.426,291.090,,,,,,,,,,,,,,,
AFYONKARAHİSAR,1975,AFYONKARAHİSAR,579.171,291.388,287.783,,,,,,,,,,,,,,,
AFYONKARAHİSAR,1970,AFYONKARAHİSAR,542.111,265.196,276.915,,,,,,,,,,,,,,,
AFYONKARAHİSAR,1965,AFYONKARAHİSAR,502.248,250.478,251.770,,,,,,,,,,,,,,,
AFYONKARAHİSAR,1960,AFYONKARAHİSAR,459.115,230.220,228.895,,,,,,,,,,,,,,,
AFYONKARAHİSAR,1955,AFYONKARAHİSAR,406.166,200.404,205.762,,,,,,,,,,,,,,,
AFYONKARAHİSAR,1950,AFYONKARAHİSAR,372.273,185.538,186.735,,,,,,,,,,,,,,,
AFYONKARAHİSAR,1945,AFYONKARAHİSAR,335.609,165.333,170.276,,,,,,,,,,,,,,,
AFYONKARAHİSAR,1940,AFYONKARAHİSAR,316.034,149.538,166.496,,,,,,,,,,,,,,,
AFYONKARAHİSAR,1935,AFYONKARAHİSAR,299.248,144.199,155.049,,,,,,,,,,,,,,,
AFYONKARAHİSAR,1927,AFYONKARAHİSAR,259.377,120.398,138.979,,,,,,,,,,,,,,,
AĞRI,2025,AĞRI,491.489,254.223,237.266,,,,,,,,,,,,,,,
AĞRI,2024,AĞRI,499.801,258.828,240.973,,,,,,,,,,,,,,,
AĞRI,2023,AĞRI,511.238,265.585,245.653,,,,,,,,,,,,,,,
AĞRI,2022,AĞRI,510.626,264.465,246.161,,,,,,,,,,,,,,,
AĞRI,2021,AĞRI,524.644,271.889,252.755,,,,,,,,,,,,,,,
AĞRI,2020,AĞRI,535.435,276.800,258.635,,,,,,,,,,,,,,,
AĞRI,2019,AĞRI,536.199,277.887,258.312,,,,,,,,,,,,,,,
AĞRI,2018,AĞRI,539.657,280.923,258.734,,,,,,,,,,,,,,,
AĞRI,2017,AĞRI,536.285,277.979,258.306,,,,,,,,,,,,,,,
AĞRI,2016,AĞRI,542.255,281.389,260.866,,,,,,,,,,,,,,,
AĞRI,2015,AĞRI,547.210,284.243,262.967,,,,,,,,,,,,,,,
AĞRI,2014,AĞRI,549.435,285.449,263.986,,,,,,,,,,,,,,,
AĞRI,2013,AĞRI,551.177,286.161,265.016,,,,,,,,,,,,,,,
AĞRI,2012,AĞRI,552.404,287.490,264.914,,,,,,,,,,,,,,,
AĞRI,2011,AĞRI,555.479,291.340,264.139,,,,,,,,,,,,,,,
AĞRI,2010,AĞRI,542.022,280.518,261.504,,,,,,,,,,,,,,,
AĞRI,2009,AĞRI,537.665,280.000,257.665,,,,,,,,,,,,,,,
AĞRI,2008,AĞRI,532.180,276.508,255.672,,,,,,,,,,,,,,,
AĞRI,2007,AĞRI,530.879,275.243,255.636,,,,,,,,,,,,,,,
AĞRI,2000,AĞRI,528.744,273.895,254.849,,,,,,,,,,,,,,,
AĞRI,1990,AĞRI,437.093,221.327,215.766,,,,,,,,,,,,,,,
AĞRI,1985,AĞRI,421.131,218.488,202.643,,,,,,,,,,,,,,,
AĞRI,1980,AĞRI,368.009,193.313,174.696,,,,,,,,,,,,,,,
AĞRI,1975,AĞRI,330.201,176.676,153.525,,,,,,,,,,,,,,,
AĞRI,1970,AĞRI,290.311,152.253,138.058,,,,,,,,,,,,,,,
AĞRI,1965,AĞRI,246.961,130.396,116.565,,,,,,,,,,,,,,,
AĞRI,1960,AĞRI,215.118,113.381,101.737,,,,,,,,,,,,,,,
AĞRI,1955,AĞRI,181.348,96.538,84.810,,,,,,,,,,,,,,,
AĞRI,1950,AĞRI,155.455,80.355,75.100,,,,,,,,,,,,,,,
AĞRI,1945,AĞRI,133.504,69.670,63.834,,,,,,,,,,,,,,,
AĞRI,1940,AĞRI,121.477,64.093,57.384,,,,,,,,,,,,,,,
AĞRI,1935,AĞRI,107.206,55.967,51.239,,,,,,,,,,,,,,,
AKSARAY,2025,AKSARAY,441.136,220.441,220.695,,,,,,,,,,,,,,,
AKSARAY,2024,AKSARAY,439.474,219.738,219.736,,,,,,,,,,,,,,,
AKSARAY,2023,AKSARAY,438.504,219.006,219.498,,,,,,,,,,,,,,,
AKSARAY,2022,AKSARAY,433.055,216.983,216.072,,,,,,,,,,,,,,,
AKSARAY,2021,AKSARAY,429.069,214.841,214.228,,,,,,,,,,,,,,,
AKSARAY,2020,AKSARAY,423.011,211.232,211.779,,,,,,,,,,,,,,,
AKSARAY,2019,AKSARAY,416.367,207.390,208.977,,,,,,,,,,,,,,,
AKSARAY,2018,AKSARAY,412.172,204.792,207.380,,,,,,,,,,,,,,,
AKSARAY,2017,AKSARAY,402.404,200.233,202.171,,,,,,,,,,,,,,,
AKSARAY,2016,AKSARAY,396.673,197.362,199.311,,,,,,,,,,,,,,,
AKSARAY,2015,AKSARAY,386.514,192.688,193.826,,,,,,,,,,,,,,,
AKSARAY,2014,AKSARAY,384.252,191.091,193.161,,,,,,,,,,,,,,,
AKSARAY,2013,AKSARAY,382.806,190.540,192.266,,,,,,,,,,,,,,,
AKSARAY,2012,AKSARAY,379.915,188.945,190.970,,,,,,,,,,,,,,,
AKSARAY,2011,AKSARAY,378.823,187.892,190.931,,,,,,,,,,,,,,,
AKSARAY,2010,AKSARAY,377.505,186.956,190.549,,,,,,,,,,,,,,,
AKSARAY,2009,AKSARAY,376.907,187.633,189.274,,,,,,,,,,,,,,,
AKSARAY,2008,AKSARAY,370.598,183.953,186.645,,,,,,,,,,,,,,,
AKSARAY,2007,AKSARAY,366.109,180.007,186.102,,,,,,,,,,,,,,,
AKSARAY,2000,AKSARAY,396.084,195.822,200.262,,,,,,,,,,,,,,,
AKSARAY,1990,AKSARAY,326.399,156.546,169.853,,,,,,,,,,,,,,,
AKSARAY,1985,AKSARAY,0,0,0,,,,,,,,,,,,,,,
AKSARAY,1980,AKSARAY,0,0,0,,,,,,,,,,,,,,,
AKSARAY,1975,AKSARAY,0,0,0,,,,,,,,,,,,,,,
AKSARAY,1970,AKSARAY,0,0,0,,,,,,,,,,,,,,,
AKSARAY,1965,AKSARAY,0,0,0,,,,,,,,,,,,,,,
AKSARAY,1960,AKSARAY,0,0,0,,,,,,,,,,,,,,,
AKSARAY,1955,AKSARAY,0,0,0,,,,,,,,,,,,,,,
AKSARAY,1950,AKSARAY,0,0,0,,,,,,,,,,,,,,,
AKSARAY,1945,AKSARAY,0,0,0,,,,,,,,,,,,,,,
AKSARAY,1940,AKSARAY,0,0,0,,,,,,,,,,,,,,,
AKSARAY,1935,AKSARAY,0,0,0,,,,,,,,,,,,,,,
AKSARAY,1927,AKSARAY,127.031,60.407,66.624,,,,,,,,,,,,,,,
AMASYA,2025,AMASYA,342.242,172.102,170.140,,,,,,,,,,,,,,,
AMASYA,2024,AMASYA,342.378,171.766,170.612,,,,,,,,,,,,,,,
AMASYA,2023,AMASYA,339.529,168.290,171.239,,,,,,,,,,,,,,,
AMASYA,2022,AMASYA,338.267,169.198,169.069,,,,,,,,,,,,,,,
AMASYA,2021,AMASYA,335.331,167.033,168.298,,,,,,,,,,,,,,,
AMASYA,2020,AMASYA,335.494,167.624,167.870,,,,,,,,,,,,,,,
AMASYA,2019,AMASYA,337.800,170.407,167.393,,,,,,,,,,,,,,,
AMASYA,2018,AMASYA,337.508,169.920,167.588,,,,,,,,,,,,,,,
AMASYA,2017,AMASYA,329.888,164.394,165.494,,,,,,,,,,,,,,,
AMASYA,2016,AMASYA,326.351,161.555,164.796,,,,,,,,,,,,,,,
AMASYA,2015,AMASYA,322.167,159.325,162.842,,,,,,,,,,,,,,,
AMASYA,2014,AMASYA,321.913,159.591,162.322,,,,,,,,,,,,,,,
AMASYA,2013,AMASYA,321.977,159.596,162.381,,,,,,,,,,,,,,,
AMASYA,2012,AMASYA,322.283,159.386,162.897,,,,,,,,,,,,,,,
AMASYA,2011,AMASYA,323.079,160.112,162.967,,,,,,,,,,,,,,,
AMASYA,2010,AMASYA,334.786,171.382,163.404,,,,,,,,,,,,,,,
AMASYA,2009,AMASYA,324.268,161.646,162.622,,,,,,,,,,,,,,,
AMASYA,2008,AMASYA,323.675,161.380,162.295,,,,,,,,,,,,,,,
AMASYA,2007,AMASYA,328.674,165.957,162.717,,,,,,,,,,,,,,,
AMASYA,2000,AMASYA,365.231,185.594,179.637,,,,,,,,,,,,,,,
AMASYA,1990,AMASYA,357.191,179.895,177.296,,,,,,,,,,,,,,,
AMASYA,1985,AMASYA,358.289,181.925,176.364,,,,,,,,,,,,,,,
AMASYA,1980,AMASYA,341.287,172.439,168.848,,,,,,,,,,,,,,,
AMASYA,1975,AMASYA,322.806,165.473,157.333,,,,,,,,,,,,,,,
AMASYA,1970,AMASYA,307.025,154.843,152.182,,,,,,,,,,,,,,,
AMASYA,1965,AMASYA,285.729,148.016,137.713,,,,,,,,,,,,,,,
AMASYA,1960,AMASYA,257.281,124.227,113.516,,,,,,,,,,,,,,,
AMASYA,1955,AMASYA,227.044,116.326,110.718,,,,,,,,,,,,,,,
AMASYA,1950,AMASYA,163.669,83.953,79.716,,,,,,,,,,,,,,,
AMASYA,1945,AMASYA,147.870,75.167,72.703,,,,,,,,,,,,,,,
AMASYA,1940,AMASYA,136.029,67.120,68.909,,,,,,,,,,,,,,,
AMASYA,1935,AMASYA,128.113,62.228,65.885,,,,,,,,,,,,,,,
AMASYA,1927,AMASYA,114.884,55.842,59.042,,,,,,,,,,,,,,,
ANKARA,2025,ANKARA,5.910.320,2.911.853,2.998.467,,,,,,,,,,,,,,,
ANKARA,2024,ANKARA,5.864.049,2.888.062,2.975.987,,,,,,,,,,,,,,,
ANKARA,2023,ANKARA,5.803.482,2.860.361,2.943.121,,,,,,,,,,,,,,,
ANKARA,2022,ANKARA,5.782.285,2.856.479,2.925.806,,,,,,,,,,,,,,,
ANKARA,2021,ANKARA,5.747.325,2.843.409,2.903.916,,,,,,,,,,,,,,,
ANKARA,2020,ANKARA,5.663.322,2.805.877,2.857.445,,,,,,,,,,,,,,,
ANKARA,2019,ANKARA,5.639.076,2.793.850,2.845.226,,,,,,,,,,,,,,,
ANKARA,2018,ANKARA,5.503.985,2.728.900,2.775.085,,,,,,,,,,,,,,,
ANKARA,2017,ANKARA,5.445.026,2.702.492,2.742.534,,,,,,,,,,,,,,,
ANKARA,2016,ANKARA,5.346.518,2.653.431,2.693.087,,,,,,,,,,,,,,,
ANKARA,2015,ANKARA,5.270.575,2.621.235,2.649.340,,,,,,,,,,,,,,,
ANKARA,2014,ANKARA,5.150.072,2.562.805,2.587.267,,,,,,,,,,,,,,,
ANKARA,2013,ANKARA,5.045.083,2.507.525,2.537.558,,,,,,,,,,,,,,,
ANKARA,2012,ANKARA,4.965.542,2.474.456,2.491.086,,,,,,,,,,,,,,,
ANKARA,2011,ANKARA,4.890.893,2.439.058,2.451.835,,,,,,,,,,,,,,,
ANKARA,2010,ANKARA,4.771.716,2.379.226,2.392.490,,,,,,,,,,,,,,,
ANKARA,2009,ANKARA,4.650.802,2.318.633,2.332.169,,,,,,,,,,,,,,,
ANKARA,2008,ANKARA,4.548.939,2.267.779,2.281.160,,,,,,,,,,,,,,,
ANKARA,2007,ANKARA,4.466.756,2.225.033,2.241.723,,,,,,,,,,,,,,,
ANKARA,2000,ANKARA,4.007.860,2.027.105,1.980.755,,,,,,,,,,,,,,,
ANKARA,1990,ANKARA,3.236.626,1.658.276,1.578.350,,,,,,,,,,,,,,,
ANKARA,1985,ANKARA,3.306.327,1.702.805,1.603.522,,,,,,,,,,,,,,,
ANKARA,1980,ANKARA,2.854.689,1.466.584,1.388.105,,,,,,,,,,,,,,,
ANKARA,1975,ANKARA,2.585.293,1.359.373,1.225.920,,,,,,,,,,,,,,,
ANKARA,1970,ANKARA,2.041.658,1.067.437,974.221,,,,,,,,,,,,,,,
ANKARA,1965,ANKARA,1.644.302,872.680,771.622,,,,,,,,,,,,,,,
ANKARA,1960,ANKARA,1.321.380,712.768,608.612,,,,,,,,,,,,,,,
ANKARA,1955,ANKARA,1.120.864,604.887,515.977,,,,,,,,,,,,,,,
ANKARA,1950,ANKARA,819.693,433.371,386.322,,,,,,,,,,,,,,,
ANKARA,1945,ANKARA,695.526,370.768,324.758,,,,,,,,,,,,,,,
ANKARA,1940,ANKARA,602.965,305.626,297.339,,,,,,,,,,,,,,,
ANKARA,1935,ANKARA,534.025,272.843,261.182,,,,,,,,,,,,,,,
ANKARA,1927,ANKARA,404.720,205.368,199.352,,,,,,,,,,,,,,,
ANTALYA,2025,ANTALYA,2.777.677,1.397.014,1.380.663,,,,,,,,,,,,,,,
ANTALYA,2024,ANTALYA,2.722.103,1.370.170,1.351.933,,,,,,,,,,,,,,,
ANTALYA,2023,ANTALYA,2.696.249,1.357.198,1.339.051,,,,,,,,,,,,,,,
ANTALYA,2022,ANTALYA,2.688.004,1.351.702,1.336.302,,,,,,,,,,,,,,,
ANTALYA,2021,ANTALYA,2.619.832,1.314.755,1.305.077,,,,,,,,,,,,,,,
ANTALYA,2020,ANTALYA,2.548.308,1.281.943,1.266.365,,,,,,,,,,,,,,,
ANTALYA,2019,ANTALYA,2.511.700,1.265.171,1.246.529,,,,,,,,,,,,,,,
ANTALYA,2018,ANTALYA,2.426.356,1.222.086,1.204.270,,,,,,,,,,,,,,,
ANTALYA,2017,ANTALYA,2.364.396,1.192.582,1.171.814,,,,,,,,,,,,,,,
ANTALYA,2016,ANTALYA,2.328.555,1.174.936,1.153.619,,,,,,,,,,,,,,,
ANTALYA,2015,ANTALYA,2.288.456,1.156.076,1.132.380,,,,,,,,,,,,,,,
ANTALYA,2014,ANTALYA,2.222.562,1.122.997,1.099.565,,,,,,,,,,,,,,,
ANTALYA,2013,ANTALYA,2.158.265,1.090.843,1.067.422,,,,,,,,,,,,,,,
ANTALYA,2012,ANTALYA,2.092.537,1.058.070,1.034.467,,,,,,,,,,,,,,,
ANTALYA,2011,ANTALYA,2.043.482,1.034.655,1.008.827,,,,,,,,,,,,,,,
ANTALYA,2010,ANTALYA,1.978.333,1.001.908,976.425,,,,,,,,,,,,,,,
ANTALYA,2009,ANTALYA,1.919.729,973.554,946.175,,,,,,,,,,,,,,,
ANTALYA,2008,ANTALYA,1.859.275,942.262,917.013,,,,,,,,,,,,,,,
ANTALYA,2007,ANTALYA,1.789.295,908.000,881.295,,,,,,,,,,,,,,,
ANTALYA,2000,ANTALYA,1.719.751,885.826,833.925,,,,,,,,,,,,,,,
ANTALYA,1990,ANTALYA,1.132.211,588.656,543.555,,,,,,,,,,,,,,,
ANTALYA,1985,ANTALYA,891.149,455.345,435.804,,,,,,,,,,,,,,,
ANTALYA,1980,ANTALYA,748.706,376.863,371.843,,,,,,,,,,,,,,,
ANTALYA,1975,ANTALYA,669.357,342.365,326.992,,,,,,,,,,,,,,,
ANTALYA,1970,ANTALYA,577.334,287.376,289.958,,,,,,,,,,,,,,,
ANTALYA,1965,ANTALYA,486.910,244.939,241.971,,,,,,,,,,,,,,,
ANTALYA,1960,ANTALYA,416.130,206.690,209.440,,,,,,,,,,,,,,,
ANTALYA,1955,ANTALYA,357.568,175.844,181.724,,,,,,,,,,,,,,,
ANTALYA,1950,ANTALYA,311.442,152.843,158.599,,,,,,,,,,,,,,,
ANTALYA,1945,ANTALYA,278.178,134.714,143.464,,,,,,,,,,,,,,,
ANTALYA,1940,ANTALYA,256.366,123.397,132.969,,,,,,,,,,,,,,,
ANTALYA,1935,ANTALYA,242.609,115.210,127.399,,,,,,,,,,,,,,,
ANTALYA,1927,ANTALYA,204.372,93.212,111.160,,,,,,,,,,,,,,,
ARDAHAN,2025,ARDAHAN,90.392,47.059,43.333,,,,,,,,,,,,,,,
ARDAHAN,2024,ARDAHAN,91.354,47.597,43.757,,,,,,,,,,,,,,,
ARDAHAN,2023,ARDAHAN,92.819,48.239,44.580,,,,,,,,,,,,,,,
ARDAHAN,2022,ARDAHAN,92.481,47.946,44.535,,,,,,,,,,,,,,,
ARDAHAN,2021,ARDAHAN,94.932,49.168,45.764,,,,,,,,,,,,,,,
ARDAHAN,2020,ARDAHAN,96.161,49.811,46.350,,,,,,,,,,,,,,,
ARDAHAN,2019,ARDAHAN,97.319,50.697,46.622,,,,,,,,,,,,,,,
ARDAHAN,2018,ARDAHAN,98.907,51.593,47.314,,,,,,,,,,,,,,,
ARDAHAN,2017,ARDAHAN,97.096,50.317,46.779,,,,,,,,,,,,,,,
ARDAHAN,2016,ARDAHAN,98.335,50.884,47.451,,,,,,,,,,,,,,,
ARDAHAN,2015,ARDAHAN,99.265,51.141,48.124,,,,,,,,,,,,,,,
ARDAHAN,2014,ARDAHAN,100.809,51.939,48.870,,,,,,,,,,,,,,,
ARDAHAN,2013,ARDAHAN,102.782,52.937,49.845,,,,,,,,,,,,,,,
ARDAHAN,2012,ARDAHAN,106.643,55.824,50.819,,,,,,,,,,,,,,,
ARDAHAN,2011,ARDAHAN,107.455,56.467,50.988,,,,,,,,,,,,,,,
ARDAHAN,2010,ARDAHAN,105.454,54.023,51.431,,,,,,,,,,,,,,,
ARDAHAN,2009,ARDAHAN,108.169,56.093,52.076,,,,,,,,,,,,,,,
ARDAHAN,2008,ARDAHAN,112.242,58.673,53.569,,,,,,,,,,,,,,,
ARDAHAN,2007,ARDAHAN,112.721,58.095,54.626,,,,,,,,,,,,,,,
ARDAHAN,2000,ARDAHAN,133.756,69.833,63.923,,,,,,,,,,,,,,,
ARTVİN,2025,ARTVİN,167.531,83.906,83.625,,,,,,,,,,,,,,,
ARTVİN,2024,ARTVİN,169.280,84.577,84.703,,,,,,,,,,,,,,,
ARTVİN,2023,ARTVİN,172.356,86.355,86.001,,,,,,,,,,,,,,,
ARTVİN,2022,ARTVİN,169.403,84.946,84.457,,,,,,,,,,,,,,,
ARTVİN,2021,ARTVİN,169.543,85.952,83.591,,,,,,,,,,,,,,,
ARTVİN,2020,ARTVİN,169.501,85.523,83.978,,,,,,,,,,,,,,,
ARTVİN,2019,ARTVİN,170.875,85.975,84.900,,,,,,,,,,,,,,,
ARTVİN,2018,ARTVİN,174.010,87.715,86.295,,,,,,,,,,,,,,,
ARTVİN,2017,ARTVİN,166.143,83.524,82.619,,,,,,,,,,,,,,,
ARTVİN,2016,ARTVİN,168.068,84.597,83.471,,,,,,,,,,,,,,,
ARTVİN,2015,ARTVİN,168.370,84.679,83.691,,,,,,,,,,,,,,,
ARTVİN,2014,ARTVİN,169.674,85.365,84.309,,,,,,,,,,,,,,,
ARTVİN,2013,ARTVİN,169.334,85.160,84.174,,,,,,,,,,,,,,,
ARTVİN,2012,ARTVİN,167.082,84.060,83.022,,,,,,,,,,,,,,,
ARTVİN,2011,ARTVİN,166.394,83.732,82.662,,,,,,,,,,,,,,,
ARTVİN,2010,ARTVİN,164.759,82.321,82.438,,,,,,,,,,,,,,,
ARTVİN,2009,ARTVİN,165.580,83.139,82.441,,,,,,,,,,,,,,,
ARTVİN,2008,ARTVİN,166.584,83.486,83.098,,,,,,,,,,,,,,,
ARTVİN,2007,ARTVİN,168.092,84.025,84.067,,,,,,,,,,,,,,,
ARTVİN,2000,ARTVİN,191.934,96.599,95.335,,,,,,,,,,,,,,,
ARTVİN,1990,ARTVİN,212.833,104.093,108.740,,,,,,,,,,,,,,,
ARTVİN,1985,ARTVİN,226.338,110.557,115.781,,,,,,,,,,,,,,,
ARTVİN,1980,ARTVİN,228.997,112.606,116.391,,,,,,,,,,,,,,,
ARTVİN,1975,ARTVİN,228.026,113.829,114.197,,,,,,,,,,,,,,,
ARTVİN,1970,ARTVİN,225.869,110.613,115.256,,,,,,,,,,,,,,,
ARTVİN,1965,ARTVİN,210.065,102.630,107.435,,,,,,,,,,,,,,,
ARTVİN,1960,ARTVİN,196.301,96.463,99.838,,,,,,,,,,,,,,,
ARTVİN,1955,ARTVİN,176.845,85.677,91.168,,,,,,,,,,,,,,,
ARTVİN,1950,ARTVİN,174.977,85.154,89.823,,,,,,,,,,,,,,,
ARTVİN,1945,ARTVİN,159.328,76.087,83.241,,,,,,,,,,,,,,,
ARTVİN,1940,ARTVİN,153.273,74.410,78.863,,,,,,,,,,,,,,,
ARTVİN,1935,ARTVİN,271.900,120.933,150.967,,,,,,,,,,,,,,,
ARTVİN,1927,ARTVİN,90.066,44.532,45.534,,,,,,,,,,,,,,,
AYDIN,2025,AYDIN,1.172.107,580.536,591.571,,,,,,,,,,,,,,,
AYDIN,2024,AYDIN,1.165.943,577.819,588.124,,,,,,,,,,,,,,,
AYDIN,2023,AYDIN,1.161.702,576.262,585.440,,,,,,,,,,,,,,,
AYDIN,2022,AYDIN,1.148.241,569.291,578.950,,,,,,,,,,,,,,,
AYDIN,2021,AYDIN,1.134.031,563.037,570.994,,,,,,,,,,,,,,,
AYDIN,2020,AYDIN,1.119.084,557.066,562.018,,,,,,,,,,,,,,,
AYDIN,2019,AYDIN,1.110.972,552.626,558.346,,,,,,,,,,,,,,,
AYDIN,2018,AYDIN,1.097.746,546.092,551.654,,,,,,,,,,,,,,,
AYDIN,2017,AYDIN,1.080.839,539.726,541.113,,,,,,,,,,,,,,,
AYDIN,2016,AYDIN,1.068.260,533.004,535.256,,,,,,,,,,,,,,,
AYDIN,2015,AYDIN,1.053.506,525.267,528.239,,,,,,,,,,,,,,,
AYDIN,2014,AYDIN,1.041.979,519.900,522.079,,,,,,,,,,,,,,,
AYDIN,2013,AYDIN,1.020.957,510.512,510.445,,,,,,,,,,,,,,,
AYDIN,2012,AYDIN,1.006.541,502.337,504.204,,,,,,,,,,,,,,,
AYDIN,2011,AYDIN,999.163,499.194,499.969,,,,,,,,,,,,,,,
AYDIN,2010,AYDIN,989.862,495.363,494.499,,,,,,,,,,,,,,,
AYDIN,2009,AYDIN,979.155,489.857,489.298,,,,,,,,,,,,,,,
AYDIN,2008,AYDIN,965.500,482.434,483.066,,,,,,,,,,,,,,,
AYDIN,2007,AYDIN,946.971,473.481,473.490,,,,,,,,,,,,,,,
AYDIN,2000,AYDIN,950.757,475.817,474.940,,,,,,,,,,,,,,,
AYDIN,1990,AYDIN,824.816,416.304,408.512,,,,,,,,,,,,,,,
AYDIN,1985,AYDIN,743.419,372.382,371.037,,,,,,,,,,,,,,,
AYDIN,1980,AYDIN,652.488,326.599,325.889,,,,,,,,,,,,,,,
AYDIN,1975,AYDIN,609.869,309.516,300.353,,,,,,,,,,,,,,,
AYDIN,1970,AYDIN,564.802,281.589,283.213,,,,,,,,,,,,,,,
AYDIN,1965,AYDIN,524.918,262.021,262.897,,,,,,,,,,,,,,,
AYDIN,1960,AYDIN,467.341,233.400,233.941,,,,,,,,,,,,,,,
AYDIN,1955,AYDIN,414.564,207.403,207.161,,,,,,,,,,,,,,,
AYDIN,1950,AYDIN,335.663,167.253,168.410,,,,,,,,,,,,,,,
AYDIN,1945,AYDIN,294.407,142.929,151.478,,,,,,,,,,,,,,,
AYDIN,1940,AYDIN,281.784,135.516,146.268,,,,,,,,,,,,,,,
AYDIN,1935,AYDIN,261.078,126.081,134.997,,,,,,,,,,,,,,,
AYDIN,1927,AYDIN,212.541,99.313,113.228,,,,,,,,,,,,,,,
BALIKESİR,2025,BALIKESİR,1.284.517,638.871,645.646,,,,,,,,,,,,,,,
BALIKESİR,2024,BALIKESİR,1.276.096,633.993,642.103,,,,,,,,,,,,,,,
BALIKESİR,2023,BALIKESİR,1.273.519,634.259,639.260,,,,,,,,,,,,,,,
BALIKESİR,2022,BALIKESİR,1.257.590,626.430,631.160,,,,,,,,,,,,,,,
BALIKESİR,2021,BALIKESİR,1.250.610,625.527,625.083,,,,,,,,,,,,,,,
BALIKESİR,2020,BALIKESİR,1.240.285,619.765,620.520,,,,,,,,,,,,,,,
BALIKESİR,2019,BALIKESİR,1.228.620,613.474,615.146,,,,,,,,,,,,,,,
BALIKESİR,2018,BALIKESİR,1.226.575,612.738,613.837,,,,,,,,,,,,,,,
BALIKESİR,2017,BALIKESİR,1.204.824,602.275,602.549,,,,,,,,,,,,,,,
BALIKESİR,2016,BALIKESİR,1.196.176,596.896,599.280,,,,,,,,,,,,,,,
BALIKESİR,2015,BALIKESİR,1.186.688,592.718,593.970,,,,,,,,,,,,,,,
BALIKESİR,2014,BALIKESİR,1.189.057,593.529,595.528,,,,,,,,,,,,,,,
BALIKESİR,2013,BALIKESİR,1.162.761,581.403,581.358,,,,,,,,,,,,,,,
BALIKESİR,2012,BALIKESİR,1.160.731,581.171,579.560,,,,,,,,,,,,,,,
BALIKESİR,2011,BALIKESİR,1.154.314,577.658,576.656,,,,,,,,,,,,,,,
BALIKESİR,2010,BALIKESİR,1.152.323,578.663,573.660,,,,,,,,,,,,,,,
BALIKESİR,2009,BALIKESİR,1.140.085,570.664,569.421,,,,,,,,,,,,,,,
BALIKESİR,2008,BALIKESİR,1.130.276,564.175,566.101,,,,,,,,,,,,,,,
BALIKESİR,2007,BALIKESİR,1.118.313,559.546,558.767,,,,,,,,,,,,,,,
BALIKESİR,2000,BALIKESİR,1.076.347,542.681,533.666,,,,,,,,,,,,,,,
BALIKESİR,1990,BALIKESİR,973.314,496.661,476.653,,,,,,,,,,,,,,,
BALIKESİR,1985,BALIKESİR,910.282,463.480,446.802,,,,,,,,,,,,,,,
BALIKESİR,1980,BALIKESİR,853.177,433.525,419.652,,,,,,,,,,,,,,,
BALIKESİR,1975,BALIKESİR,789.255,408.133,381.122,,,,,,,,,,,,,,,
BALIKESİR,1970,BALIKESİR,749.669,382.287,367.382,,,,,,,,,,,,,,,
BALIKESİR,1965,BALIKESİR,708.342,365.959,342.383,,,,,,,,,,,,,,,
BALIKESİR,1960,BALIKESİR,670.669,346.290,324.379,,,,,,,,,,,,,,,
BALIKESİR,1955,BALIKESİR,612.013,312.588,299.425,,,,,,,,,,,,,,,
BALIKESİR,1950,BALIKESİR,563.221,285.346,277.875,,,,,,,,,,,,,,,
BALIKESİR,1945,BALIKESİR,524.748,264.340,260.408,,,,,,,,,,,,,,,
BALIKESİR,1940,BALIKESİR,482.827,234.620,248.207,,,,,,,,,,,,,,,
BALIKESİR,1935,BALIKESİR,481.372,236.637,244.735,,,,,,,,,,,,,,,
BALIKESİR,1927,BALIKESİR,421.066,206.220,214.846,,,,,,,,,,,,,,,
BARTIN,2025,BARTIN,206.663,102.394,104.269,,,,,,,,,,,,,,,
BARTIN,2024,BARTIN,206.715,102.633,104.082,,,,,,,,,,,,,,,
BARTIN,2023,BARTIN,207.238,103.087,104.151,,,,,,,,,,,,,,,
BARTIN,2022,BARTIN,203.351,100.969,102.382,,,,,,,,,,,,,,,
BARTIN,2021,BARTIN,201.711,99.960,101.751,,,,,,,,,,,,,,,
BARTIN,2020,BARTIN,198.979,98.451,100.528,,,,,,,,,,,,,,,
BARTIN,2019,BARTIN,198.249,97.908,100.341,,,,,,,,,,,,,,,
BARTIN,2018,BARTIN,198.999,98.913,100.086,,,,,,,,,,,,,,,
BARTIN,2017,BARTIN,193.577,95.760,97.817,,,,,,,,,,,,,,,
BARTIN,2016,BARTIN,192.389,95.131,97.258,,,,,,,,,,,,,,,
BARTIN,2015,BARTIN,190.708,94.138,96.570,,,,,,,,,,,,,,,
BARTIN,2014,BARTIN,189.405,93.206,96.199,,,,,,,,,,,,,,,
BARTIN,2013,BARTIN,189.139,93.422,95.717,,,,,,,,,,,,,,,
BARTIN,2012,BARTIN,188.436,92.922,95.514,,,,,,,,,,,,,,,
BARTIN,2011,BARTIN,187.291,91.841,95.450,,,,,,,,,,,,,,,
BARTIN,2010,BARTIN,187.758,91.953,95.805,,,,,,,,,,,,,,,
BARTIN,2009,BARTIN,188.449,92.808,95.641,,,,,,,,,,,,,,,
BARTIN,2008,BARTIN,185.368,90.419,94.949,,,,,,,,,,,,,,,
BARTIN,2007,BARTIN,182.131,88.784,93.347,,,,,,,,,,,,,,,
BARTIN,2000,BARTIN,184.178,87.211,96.967,,,,,,,,,,,,,,,
BATMAN,2025,BATMAN,662.626,335.382,327.244,,,,,,,,,,,,,,,
BATMAN,2024,BATMAN,654.528,331.524,323.004,,,,,,,,,,,,,,,
BATMAN,2023,BATMAN,647.205,327.361,319.844,,,,,,,,,,,,,,,
BATMAN,2022,BATMAN,634.491,320.901,313.590,,,,,,,,,,,,,,,
BATMAN,2021,BATMAN,626.319,315.752,310.567,,,,,,,,,,,,,,,
BATMAN,2020,BATMAN,620.278,312.137,308.141,,,,,,,,,,,,,,,
BATMAN,2019,BATMAN,608.659,306.261,302.398,,,,,,,,,,,,,,,
BATMAN,2018,BATMAN,599.103,301.413,297.690,,,,,,,,,,,,,,,
BATMAN,2017,BATMAN,585.252,293.843,291.409,,,,,,,,,,,,,,,
BATMAN,2016,BATMAN,576.899,290.479,286.420,,,,,,,,,,,,,,,
BATMAN,2015,BATMAN,566.633,284.866,281.767,,,,,,,,,,,,,,,
BATMAN,2014,BATMAN,557.593,280.002,277.591,,,,,,,,,,,,,,,
BATMAN,2013,BATMAN,547.581,275.136,272.445,,,,,,,,,,,,,,,
BATMAN,2012,BATMAN,534.205,268.941,265.264,,,,,,,,,,,,,,,
BATMAN,2011,BATMAN,524.499,263.901,260.598,,,,,,,,,,,,,,,
BATMAN,2010,BATMAN,510.200,255.502,254.698,,,,,,,,,,,,,,,
BATMAN,2009,BATMAN,497.998,250.612,247.386,,,,,,,,,,,,,,,
BATMAN,2008,BATMAN,485.616,244.981,240.635,,,,,,,,,,,,,,,
BATMAN,2007,BATMAN,472.487,236.314,236.173,,,,,,,,,,,,,,,
BATMAN,2000,BATMAN,456.734,230.711,226.023,,,,,,,,,,,,,,,
BATMAN,1990,BATMAN,344.669,176.547,168.122,,,,,,,,,,,,,,,
BAYBURT,2025,BAYBURT,82.836,41.998,40.838,,,,,,,,,,,,,,,
BAYBURT,2024,BAYBURT,83.676,42.358,41.318,,,,,,,,,,,,,,,
BAYBURT,2023,BAYBURT,86.047,43.603,42.444,,,,,,,,,,,,,,,
BAYBURT,2022,BAYBURT,84.241,42.851,41.390,,,,,,,,,,,,,,,
BAYBURT,2021,BAYBURT,85.042,43.402,41.640,,,,,,,,,,,,,,,
BAYBURT,2020,BAYBURT,81.910,42.002,39.908,,,,,,,,,,,,,,,
BAYBURT,2019,BAYBURT,84.843,43.006,41.837,,,,,,,,,,,,,,,
BAYBURT,2018,BAYBURT,82.274,41.377,40.897,,,,,,,,,,,,,,,
BAYBURT,2017,BAYBURT,80.417,40.980,39.437,,,,,,,,,,,,,,,
BAYBURT,2016,BAYBURT,90.154,46.182,43.972,,,,,,,,,,,,,,,
BAYBURT,2015,BAYBURT,78.550,39.935,38.615,,,,,,,,,,,,,,,
BAYBURT,2014,BAYBURT,80.607,41.278,39.329,,,,,,,,,,,,,,,
BAYBURT,2013,BAYBURT,75.620,38.678,36.942,,,,,,,,,,,,,,,
BAYBURT,2012,BAYBURT,75.797,39.438,36.359,,,,,,,,,,,,,,,
BAYBURT,2011,BAYBURT,76.724,40.292,36.432,,,,,,,,,,,,,,,
BAYBURT,2010,BAYBURT,74.412,37.879,36.533,,,,,,,,,,,,,,,
BAYBURT,2009,BAYBURT,74.710,38.130,36.580,,,,,,,,,,,,,,,
BAYBURT,2008,BAYBURT,75.675,38.743,36.932,,,,,,,,,,,,,,,
BAYBURT,2007,BAYBURT,76.609,38.952,37.657,,,,,,,,,,,,,,,
BAYBURT,2000,BAYBURT,97.358,49.035,48.323,,,,,,,,,,,,,,,
BAYBURT,1990,BAYBURT,107.330,52.607,54.723,,,,,,,,,,,,,,,
BİLECİK,2025,BİLECİK,228.995,115.833,113.162,,,,,,,,,,,,,,,
BİLECİK,2024,BİLECİK,228.495,115.524,112.971,,,,,,,,,,,,,,,
BİLECİK,2023,BİLECİK,228.058,115.418,112.640,,,,,,,,,,,,,,,
BİLECİK,2022,BİLECİK,228.673,117.618,111.055,,,,,,,,,,,,,,,
BİLECİK,2021,BİLECİK,228.334,118.903,109.431,,,,,,,,,,,,,,,
BİLECİK,2020,BİLECİK,218.717,111.190,107.527,,,,,,,,,,,,,,,
BİLECİK,2019,BİLECİK,219.427,112.027,107.400,,,,,,,,,,,,,,,
BİLECİK,2018,BİLECİK,223.448,116.923,106.525,,,,,,,,,,,,,,,
BİLECİK,2017,BİLECİK,221.693,116.528,105.165,,,,,,,,,,,,,,,
BİLECİK,2016,BİLECİK,218.297,114.189,104.108,,,,,,,,,,,,,,,
BİLECİK,2015,BİLECİK,212.361,109.794,102.567,,,,,,,,,,,,,,,
BİLECİK,2014,BİLECİK,209.925,108.680,101.245,,,,,,,,,,,,,,,
BİLECİK,2013,BİLECİK,208.888,108.793,100.095,,,,,,,,,,,,,,,
BİLECİK,2012,BİLECİK,204.116,105.389,98.727,,,,,,,,,,,,,,,
BİLECİK,2011,BİLECİK,203.849,106.691,97.158,,,,,,,,,,,,,,,
BİLECİK,2010,BİLECİK,225.381,128.562,96.819,,,,,,,,,,,,,,,
BİLECİK,2009,BİLECİK,202.061,105.929,96.132,,,,,,,,,,,,,,,
BİLECİK,2008,BİLECİK,193.169,97.631,95.538,,,,,,,,,,,,,,,
BİLECİK,2007,BİLECİK,203.777,108.299,95.478,,,,,,,,,,,,,,,
BİLECİK,2000,BİLECİK,194.326,101.919,92.407,,,,,,,,,,,,,,,
BİLECİK,1990,BİLECİK,175.526,90.978,84.548,,,,,,,,,,,,,,,
BİLECİK,1985,BİLECİK,160.909,83.868,77.041,,,,,,,,,,,,,,,
BİLECİK,1980,BİLECİK,147.001,74.592,72.409,,,,,,,,,,,,,,,
BİLECİK,1975,BİLECİK,137.120,68.686,68.434,,,,,,,,,,,,,,,
BİLECİK,1970,BİLECİK,138.856,69.240,69.616,,,,,,,,,,,,,,,
BİLECİK,1965,BİLECİK,139.041,68.900,70.141,,,,,,,,,,,,,,,
BİLECİK,1960,BİLECİK,145.699,71.594,74.105,,,,,,,,,,,,,,,
BİLECİK,1955,BİLECİK,139.233,67.961,71.272,,,,,,,,,,,,,,,
BİLECİK,1950,BİLECİK,137.030,67.661,69.369,,,,,,,,,,,,,,,
BİLECİK,1945,BİLECİK,136.053,65.602,70.451,,,,,,,,,,,,,,,
BİLECİK,1940,BİLECİK,127.977,60.020,67.957,,,,,,,,,,,,,,,
BİLECİK,1935,BİLECİK,125.421,60.130,65.291,,,,,,,,,,,,,,,
BİLECİK,1927,BİLECİK,113.660,53.498,60.162,,,,,,,,,,,,,,,
BİNGÖL,2025,BİNGÖL,282.299,141.831,140.468,,,,,,,,,,,,,,,
BİNGÖL,2024,BİNGÖL,283.276,142.548,140.728,,,,,,,,,,,,,,,
BİNGÖL,2023,BİNGÖL,285.655,144.014,141.641,,,,,,,,,,,,,,,
BİNGÖL,2022,BİNGÖL,282.556,142.511,140.045,,,,,,,,,,,,,,,
BİNGÖL,2021,BİNGÖL,283.112,143.049,140.063,,,,,,,,,,,,,,,
BİNGÖL,2020,BİNGÖL,281.768,142.670,139.098,,,,,,,,,,,,,,,
BİNGÖL,2019,BİNGÖL,279.812,141.818,137.994,,,,,,,,,,,,,,,
BİNGÖL,2018,BİNGÖL,281.205,143.524,137.681,,,,,,,,,,,,,,,
BİNGÖL,2017,BİNGÖL,273.354,139.182,134.172,,,,,,,,,,,,,,,
BİNGÖL,2016,BİNGÖL,269.560,137.588,131.972,,,,,,,,,,,,,,,
BİNGÖL,2015,BİNGÖL,267.184,136.601,130.583,,,,,,,,,,,,,,,
BİNGÖL,2014,BİNGÖL,266.019,135.529,130.490,,,,,,,,,,,,,,,
BİNGÖL,2013,BİNGÖL,265.514,135.739,129.775,,,,,,,,,,,,,,,
BİNGÖL,2012,BİNGÖL,262.507,134.570,127.937,,,,,,,,,,,,,,,
BİNGÖL,2011,BİNGÖL,262.263,134.647,127.616,,,,,,,,,,,,,,,
BİNGÖL,2010,BİNGÖL,255.170,128.731,126.439,,,,,,,,,,,,,,,
BİNGÖL,2009,BİNGÖL,255.745,130.375,125.370,,,,,,,,,,,,,,,
BİNGÖL,2008,BİNGÖL,256.091,130.979,125.112,,,,,,,,,,,,,,,
BİNGÖL,2007,BİNGÖL,251.552,128.144,123.408,,,,,,,,,,,,,,,
BİNGÖL,2000,BİNGÖL,253.739,131.440,122.299,,,,,,,,,,,,,,,
BİNGÖL,1990,BİNGÖL,250.966,124.710,126.256,,,,,,,,,,,,,,,
BİNGÖL,1985,BİNGÖL,241.548,120.075,121.473,,,,,,,,,,,,,,,
BİNGÖL,1980,BİNGÖL,228.702,117.134,111.568,,,,,,,,,,,,,,,
BİNGÖL,1975,BİNGÖL,210.804,110.954,99.850,,,,,,,,,,,,,,,
BİNGÖL,1970,BİNGÖL,177.951,91.480,86.471,,,,,,,,,,,,,,,
BİNGÖL,1965,BİNGÖL,150.521,77.758,72.763,,,,,,,,,,,,,,,
BİNGÖL,1960,BİNGÖL,131.364,67.905,63.459,,,,,,,,,,,,,,,
BİNGÖL,1955,BİNGÖL,113.341,59.517,53.824,,,,,,,,,,,,,,,
BİNGÖL,1950,BİNGÖL,97.328,53.082,44.246,,,,,,,,,,,,,,,
BİNGÖL,1945,BİNGÖL,75.510,38.026,37.484,,,,,,,,,,,,,,,
BİNGÖL,1940,BİNGÖL,70.184,34.858,35.326,,,,,,,,,,,,,,,
BİTLİS,2025,BİTLİS,360.423,186.601,173.822,,,,,,,,,,,,,,,
BİTLİS,2024,BİTLİS,359.808,186.114,173.694,,,,,,,,,,,,,,,
BİTLİS,2023,BİTLİS,359.747,186.038,173.709,,,,,,,,,,,,,,,
BİTLİS,2022,BİTLİS,353.988,182.927,171.061,,,,,,,,,,,,,,,
BİTLİS,2021,BİTLİS,352.277,181.813,170.464,,,,,,,,,,,,,,,
BİTLİS,2020,BİTLİS,350.994,180.982,170.012,,,,,,,,,,,,,,,
BİTLİS,2019,BİTLİS,348.115,179.823,168.292,,,,,,,,,,,,,,,
BİTLİS,2018,BİTLİS,349.396,181.970,167.426,,,,,,,,,,,,,,,
BİTLİS,2017,BİTLİS,341.474,176.501,164.973,,,,,,,,,,,,,,,
BİTLİS,2016,BİTLİS,341.225,177.088,164.137,,,,,,,,,,,,,,,
BİTLİS,2015,BİTLİS,340.449,176.929,163.520,,,,,,,,,,,,,,,
BİTLİS,2014,BİTLİS,338.023,174.501,163.522,,,,,,,,,,,,,,,
BİTLİS,2013,BİTLİS,337.156,174.253,162.903,,,,,,,,,,,,,,,
BİTLİS,2012,BİTLİS,337.253,175.365,161.888,,,,,,,,,,,,,,,
BİTLİS,2011,BİTLİS,336.624,175.257,161.367,,,,,,,,,,,,,,,
BİTLİS,2010,BİTLİS,328.767,168.249,160.518,,,,,,,,,,,,,,,
BİTLİS,2009,BİTLİS,328.489,169.492,158.997,,,,,,,,,,,,,,,
BİTLİS,2008,BİTLİS,326.897,168.495,158.402,,,,,,,,,,,,,,,
BİTLİS,2007,BİTLİS,327.886,168.668,159.218,,,,,,,,,,,,,,,
BİTLİS,2000,BİTLİS,388.678,205.820,182.858,,,,,,,,,,,,,,,
BİTLİS,1990,BİTLİS,330.115,170.982,159.133,,,,,,,,,,,,,,,
BİTLİS,1985,BİTLİS,300.843,156.224,144.619,,,,,,,,,,,,,,,
BİTLİS,1980,BİTLİS,257.908,135.116,122.792,,,,,,,,,,,,,,,
BİTLİS,1975,BİTLİS,218.305,115.955,102.350,,,,,,,,,,,,,,,
BİTLİS,1970,BİTLİS,185.473,98.012,87.461,,,,,,,,,,,,,,,
BİTLİS,1965,BİTLİS,154.069,80.996,73.073,,,,,,,,,,,,,,,
BİTLİS,1960,BİTLİS,128.966,67.760,61.206,,,,,,,,,,,,,,,
BİTLİS,1955,BİTLİS,111.187,58.479,52.708,,,,,,,,,,,,,,,
BİTLİS,1950,BİTLİS,88.634,46.574,42.060,,,,,,,,,,,,,,,
BİTLİS,1945,BİTLİS,71.950,37.910,34.040,,,,,,,,,,,,,,,
BİTLİS,1940,BİTLİS,68.825,36.051,32.774,,,,,,,,,,,,,,,
BİTLİS,1935,BİTLİS,0,0,0,,,,,,,,,,,,,,,
BİTLİS,1927,BİTLİS,90.631,47.548,43.083,,,,,,,,,,,,,,,
BOLU,2025,BOLU,327.173,162.989,164.184,,,,,,,,,,,,,,,
BOLU,2024,BOLU,326.409,162.785,163.624,,,,,,,,,,,,,,,
BOLU,2023,BOLU,324.789,161.319,163.470,,,,,,,,,,,,,,,
BOLU,2022,BOLU,320.824,158.704,162.120,,,,,,,,,,,,,,,
BOLU,2021,BOLU,320.014,158.580,161.434,,,,,,,,,,,,,,,
BOLU,2020,BOLU,314.802,156.340,158.462,,,,,,,,,,,,,,,
BOLU,2019,BOLU,316.126,156.777,159.349,,,,,,,,,,,,,,,
BOLU,2018,BOLU,311.810,154.711,157.099,,,,,,,,,,,,,,,
BOLU,2017,BOLU,303.184,150.383,152.801,,,,,,,,,,,,,,,
BOLU,2016,BOLU,299.896,148.481,151.415,,,,,,,,,,,,,,,
BOLU,2015,BOLU,291.095,144.501,146.594,,,,,,,,,,,,,,,
BOLU,2014,BOLU,284.789,140.405,144.384,,,,,,,,,,,,,,,
BOLU,2013,BOLU,283.496,140.572,142.924,,,,,,,,,,,,,,,
BOLU,2012,BOLU,281.080,139.805,141.275,,,,,,,,,,,,,,,
BOLU,2011,BOLU,276.506,137.385,139.121,,,,,,,,,,,,,,,
BOLU,2010,BOLU,271.208,133.958,137.250,,,,,,,,,,,,,,,
BOLU,2009,BOLU,271.545,135.227,136.318,,,,,,,,,,,,,,,
BOLU,2008,BOLU,268.882,134.056,134.826,,,,,,,,,,,,,,,
BOLU,2007,BOLU,270.417,134.502,135.915,,,,,,,,,,,,,,,
BOLU,2000,BOLU,270.654,137.153,133.501,,,,,,,,,,,,,,,
BOLU,1990,BOLU,536.869,268.870,267.999,,,,,,,,,,,,,,,
BOLU,1985,BOLU,504.778,250.806,253.972,,,,,,,,,,,,,,,
BOLU,1980,BOLU,471.751,234.368,237.383,,,,,,,,,,,,,,,
BOLU,1975,BOLU,428.704,215.800,212.904,,,,,,,,,,,,,,,
BOLU,1970,BOLU,403.766,197.954,205.812,,,,,,,,,,,,,,,
BOLU,1965,BOLU,383.939,189.663,194.276,,,,,,,,,,,,,,,
BOLU,1960,BOLU,353.004,173.623,179.381,,,,,,,,,,,,,,,
BOLU,1955,BOLU,318.219,153.673,164.546,,,,,,,,,,,,,,,
BOLU,1950,BOLU,303.111,147.266,155.845,,,,,,,,,,,,,,,
BOLU,1945,BOLU,276.367,132.189,144.178,,,,,,,,,,,,,,,
BOLU,1940,BOLU,257.393,117.898,139.495,,,,,,,,,,,,,,,
BOLU,1935,BOLU,248.027,114.923,133.104,,,,,,,,,,,,,,,
BOLU,1927,BOLU,218.246,98.941,119.305,,,,,,,,,,,,,,,
BURDUR,2025,BURDUR,277.226,139.689,137.537,,,,,,,,,,,,,,,
BURDUR,2024,BURDUR,275.826,137.948,137.878,,,,,,,,,,,,,,,
BURDUR,2023,BURDUR,277.452,138.441,139.011,,,,,,,,,,,,,,,
BURDUR,2022,BURDUR,273.799,136.583,137.216,,,,,,,,,,,,,,,
BURDUR,2021,BURDUR,273.716,137.372,136.344,,,,,,,,,,,,,,,
BURDUR,2020,BURDUR,267.092,134.124,132.968,,,,,,,,,,,,,,,
BURDUR,2019,BURDUR,270.796,136.377,134.419,,,,,,,,,,,,,,,
BURDUR,2018,BURDUR,269.926,135.240,134.686,,,,,,,,,,,,,,,
BURDUR,2017,BURDUR,264.779,133.026,131.753,,,,,,,,,,,,,,,
BURDUR,2016,BURDUR,261.401,130.082,131.319,,,,,,,,,,,,,,,
BURDUR,2015,BURDUR,258.339,128.049,130.290,,,,,,,,,,,,,,,
BURDUR,2014,BURDUR,256.898,127.158,129.740,,,,,,,,,,,,,,,
BURDUR,2013,BURDUR,257.267,127.139,130.128,,,,,,,,,,,,,,,
BURDUR,2012,BURDUR,254.341,125.343,128.998,,,,,,,,,,,,,,,
BURDUR,2011,BURDUR,250.527,123.978,126.549,,,,,,,,,,,,,,,
BURDUR,2010,BURDUR,258.868,132.337,126.531,,,,,,,,,,,,,,,
BURDUR,2009,BURDUR,251.550,125.825,125.725,,,,,,,,,,,,,,,
BURDUR,2008,BURDUR,247.437,121.980,125.457,,,,,,,,,,,,,,,
BURDUR,2007,BURDUR,251.181,126.094,125.087,,,,,,,,,,,,,,,
BURDUR,2000,BURDUR,256.803,129.007,127.796,,,,,,,,,,,,,,,
BURDUR,1990,BURDUR,254.899,129.742,125.157,,,,,,,,,,,,,,,
BURDUR,1985,BURDUR,248.002,125.457,122.545,,,,,,,,,,,,,,,
BURDUR,1980,BURDUR,235.009,117.430,117.579,,,,,,,,,,,,,,,
BURDUR,1975,BURDUR,222.896,112.161,110.735,,,,,,,,,,,,,,,
BURDUR,1970,BURDUR,210.335,104.270,106.065,,,,,,,,,,,,,,,
BURDUR,1965,BURDUR,194.950,98.137,96.813,,,,,,,,,,,,,,,
BURDUR,1960,BURDUR,179.514,90.057,89.457,,,,,,,,,,,,,,,
BURDUR,1955,BURDUR,157.183,77.335,79.848,,,,,,,,,,,,,,,
BURDUR,1950,BURDUR,136.555,66.928,69.627,,,,,,,,,,,,,,,
BURDUR,1945,BURDUR,125.792,60.423,65.369,,,,,,,,,,,,,,,
BURDUR,1940,BURDUR,119.498,57.065,62.433,,,,,,,,,,,,,,,
BURDUR,1935,BURDUR,95.809,45.143,50.666,,,,,,,,,,,,,,,
BURDUR,1927,BURDUR,83.614,38.678,44.936,,,,,,,,,,,,,,,
BURSA,2025,BURSA,3.263.011,1.628.212,1.634.799,,,,,,,,,,,,,,,
BURSA,2024,BURSA,3.238.618,1.616.941,1.621.677,,,,,,,,,,,,,,,
BURSA,2023,BURSA,3.214.571,1.605.941,1.608.630,,,,,,,,,,,,,,,
BURSA,2022,BURSA,3.194.720,1.595.869,1.598.851,,,,,,,,,,,,,,,
BURSA,2021,BURSA,3.147.818,1.573.362,1.574.456,,,,,,,,,,,,,,,
BURSA,2020,BURSA,3.101.833,1.550.767,1.551.066,,,,,,,,,,,,,,,
BURSA,2019,BURSA,3.056.120,1.530.956,1.525.164,,,,,,,,,,,,,,,
BURSA,2018,BURSA,2.994.521,1.498.219,1.496.302,,,,,,,,,,,,,,,
BURSA,2017,BURSA,2.936.803,1.470.341,1.466.462,,,,,,,,,,,,,,,
BURSA,2016,BURSA,2.901.396,1.454.059,1.447.337,,,,,,,,,,,,,,,
BURSA,2015,BURSA,2.842.547,1.423.583,1.418.964,,,,,,,,,,,,,,,
BURSA,2014,BURSA,2.787.539,1.394.715,1.392.824,,,,,,,,,,,,,,,
BURSA,2013,BURSA,2.740.970,1.371.914,1.369.056,,,,,,,,,,,,,,,
BURSA,2012,BURSA,2.688.171,1.343.894,1.344.277,,,,,,,,,,,,,,,
BURSA,2011,BURSA,2.652.126,1.325.715,1.326.411,,,,,,,,,,,,,,,
BURSA,2010,BURSA,2.605.495,1.300.283,1.305.212,,,,,,,,,,,,,,,
BURSA,2009,BURSA,2.550.645,1.273.491,1.277.154,,,,,,,,,,,,,,,
BURSA,2008,BURSA,2.507.963,1.253.151,1.254.812,,,,,,,,,,,,,,,
BURSA,2007,BURSA,2.439.876,1.218.749,1.221.127,,,,,,,,,,,,,,,
BURSA,2000,BURSA,2.125.140,1.064.560,1.060.580,,,,,,,,,,,,,,,
BURSA,1990,BURSA,1.603.137,810.923,792.214,,,,,,,,,,,,,,,
BURSA,1985,BURSA,1.324.015,669.134,654.881,,,,,,,,,,,,,,,
BURSA,1980,BURSA,1.148.492,579.747,568.745,,,,,,,,,,,,,,,
BURSA,1975,BURSA,961.639,490.506,471.133,,,,,,,,,,,,,,,
BURSA,1970,BURSA,847.884,423.941,423.943,,,,,,,,,,,,,,,
BURSA,1965,BURSA,755.504,379.055,376.449,,,,,,,,,,,,,,,
BURSA,1960,BURSA,693.894,348.324,345.570,,,,,,,,,,,,,,,
BURSA,1955,BURSA,598.898,298.083,300.815,,,,,,,,,,,,,,,
BURSA,1950,BURSA,545.919,272.239,273.680,,,,,,,,,,,,,,,
BURSA,1945,BURSA,491.899,242.727,249.172,,,,,,,,,,,,,,,
BURSA,1940,BURSA,461.648,220.945,240.703,,,,,,,,,,,,,,,
BURSA,1935,BURSA,442.760,217.013,225.747,,,,,,,,,,,,,,,
BURSA,1927,BURSA,401.595,192.730,208.865,,,,,,,,,,,,,,,
ÇANAKKALE,2025,ÇANAKKALE,573.976,284.409,289.567,,,,,,,,,,,,,,,
ÇANAKKALE,2024,ÇANAKKALE,568.966,281.873,287.093,,,,,,,,,,,,,,,
ÇANAKKALE,2023,ÇANAKKALE,570.499,285.346,285.153,,,,,,,,,,,,,,,
ÇANAKKALE,2022,ÇANAKKALE,559.383,279.416,279.967,,,,,,,,,,,,,,,
ÇANAKKALE,2021,ÇANAKKALE,557.276,280.334,276.942,,,,,,,,,,,,,,,
ÇANAKKALE,2020,ÇANAKKALE,541.548,271.456,270.092,,,,,,,,,,,,,,,
ÇANAKKALE,2019,ÇANAKKALE,542.157,272.097,270.060,,,,,,,,,,,,,,,
ÇANAKKALE,2018,ÇANAKKALE,540.662,273.092,267.570,,,,,,,,,,,,,,,
ÇANAKKALE,2017,ÇANAKKALE,530.417,269.160,261.257,,,,,,,,,,,,,,,
ÇANAKKALE,2016,ÇANAKKALE,519.793,262.288,257.505,,,,,,,,,,,,,,,
ÇANAKKALE,2015,ÇANAKKALE,513.341,259.721,253.620,,,,,,,,,,,,,,,
ÇANAKKALE,2014,ÇANAKKALE,511.790,259.655,252.135,,,,,,,,,,,,,,,
ÇANAKKALE,2013,ÇANAKKALE,502.328,254.800,247.528,,,,,,,,,,,,,,,
ÇANAKKALE,2012,ÇANAKKALE,493.691,250.633,243.058,,,,,,,,,,,,,,,
ÇANAKKALE,2011,ÇANAKKALE,486.445,249.088,237.357,,,,,,,,,,,,,,,
ÇANAKKALE,2010,ÇANAKKALE,490.397,254.579,235.818,,,,,,,,,,,,,,,
ÇANAKKALE,2009,ÇANAKKALE,477.735,243.643,234.092,,,,,,,,,,,,,,,
ÇANAKKALE,2008,ÇANAKKALE,474.791,242.471,232.320,,,,,,,,,,,,,,,
ÇANAKKALE,2007,ÇANAKKALE,476.128,244.613,231.515,,,,,,,,,,,,,,,
ÇANAKKALE,2000,ÇANAKKALE,464.975,242.539,222.436,,,,,,,,,,,,,,,
ÇANAKKALE,1990,ÇANAKKALE,432.263,225.099,207.164,,,,,,,,,,,,,,,
ÇANAKKALE,1985,ÇANAKKALE,417.121,218.895,198.226,,,,,,,,,,,,,,,
ÇANAKKALE,1980,ÇANAKKALE,391.568,204.583,186.985,,,,,,,,,,,,,,,
ÇANAKKALE,1975,ÇANAKKALE,369.385,193.590,175.795,,,,,,,,,,,,,,,
ÇANAKKALE,1970,ÇANAKKALE,360.764,188.554,172.210,,,,,,,,,,,,,,,
ÇANAKKALE,1965,ÇANAKKALE,350.317,182.806,167.511,,,,,,,,,,,,,,,
ÇANAKKALE,1960,ÇANAKKALE,337.610,176.088,161.522,,,,,,,,,,,,,,,
ÇANAKKALE,1955,ÇANAKKALE,311.456,162.797,148.659,,,,,,,,,,,,,,,
ÇANAKKALE,1950,ÇANAKKALE,289.429,148.875,140.554,,,,,,,,,,,,,,,
ÇANAKKALE,1945,ÇANAKKALE,317.254,183.526,133.728,,,,,,,,,,,,,,,
ÇANAKKALE,1940,ÇANAKKALE,304.588,177.485,127.103,,,,,,,,,,,,,,,
ÇANAKKALE,1935,ÇANAKKALE,222.792,113.702,109.090,,,,,,,,,,,,,,,
ÇANAKKALE,1927,ÇANAKKALE,181.735,87.676,94.059,,,,,,,,,,,,,,,
ÇANKIRI,2025,ÇANKIRI,200.549,100.567,99.982,,,,,,,,,,,,,,,
ÇANKIRI,2024,ÇANKIRI,199.981,100.391,99.590,,,,,,,,,,,,,,,
ÇANKIRI,2023,ÇANKIRI,205.501,103.037,102.464,,,,,,,,,,,,,,,
ÇANKIRI,2022,ÇANKIRI,195.766,98.614,97.152,,,,,,,,,,,,,,,
ÇANKIRI,2021,ÇANKIRI,196.515,99.278,97.237,,,,,,,,,,,,,,,
ÇANKIRI,2020,ÇANKIRI,192.428,97.065,95.363,,,,,,,,,,,,,,,
ÇANKIRI,2019,ÇANKIRI,195.789,98.683,97.106,,,,,,,,,,,,,,,
ÇANKIRI,2018,ÇANKIRI,216.362,109.512,106.850,,,,,,,,,,,,,,,
ÇANKIRI,2017,ÇANKIRI,186.074,93.427,92.647,,,,,,,,,,,,,,,
ÇANKIRI,2016,ÇANKIRI,183.880,91.874,92.006,,,,,,,,,,,,,,,
ÇANKIRI,2015,ÇANKIRI,180.945,90.340,90.605,,,,,,,,,,,,,,,
ÇANKIRI,2014,ÇANKIRI,183.550,91.800,91.750,,,,,,,,,,,,,,,
ÇANKIRI,2013,ÇANKIRI,190.909,95.548,95.361,,,,,,,,,,,,,,,
ÇANKIRI,2012,ÇANKIRI,184.406,92.394,92.012,,,,,,,,,,,,,,,
ÇANKIRI,2011,ÇANKIRI,177.211,88.472,88.739,,,,,,,,,,,,,,,
ÇANKIRI,2010,ÇANKIRI,179.067,89.281,89.786,,,,,,,,,,,,,,,
ÇANKIRI,2009,ÇANKIRI,185.019,92.714,92.305,,,,,,,,,,,,,,,
ÇANKIRI,2008,ÇANKIRI,176.093,87.914,88.179,,,,,,,,,,,,,,,
ÇANKIRI,2007,ÇANKIRI,174.012,86.692,87.320,,,,,,,,,,,,,,,
ÇANKIRI,2000,ÇANKIRI,270.355,140.353,130.002,,,,,,,,,,,,,,,
ÇANKIRI,1990,ÇANKIRI,279.129,139.025,140.104,,,,,,,,,,,,,,,
ÇANKIRI,1985,ÇANKIRI,263.964,129.903,134.061,,,,,,,,,,,,,,,
ÇANKIRI,1980,ÇANKIRI,258.436,125.798,132.638,,,,,,,,,,,,,,,
ÇANKIRI,1975,ÇANKIRI,265.468,132.240,133.228,,,,,,,,,,,,,,,
ÇANKIRI,1970,ÇANKIRI,261.367,125.807,135.560,,,,,,,,,,,,,,,
ÇANKIRI,1965,ÇANKIRI,250.706,120.131,130.575,,,,,,,,,,,,,,,
ÇANKIRI,1960,ÇANKIRI,241.452,116.722,124.730,,,,,,,,,,,,,,,
ÇANKIRI,1955,ÇANKIRI,228.132,109.314,118.818,,,,,,,,,,,,,,,
ÇANKIRI,1950,ÇANKIRI,217.188,104.340,112.848,,,,,,,,,,,,,,,
ÇANKIRI,1945,ÇANKIRI,197.356,94.754,102.602,,,,,,,,,,,,,,,
ÇANKIRI,1940,ÇANKIRI,183.782,82.786,100.996,,,,,,,,,,,,,,,
ÇANKIRI,1935,ÇANKIRI,177.587,81.591,95.996,,,,,,,,,,,,,,,
ÇANKIRI,1927,ÇANKIRI,157.219,70.606,86.613,,,,,,,,,,,,,,,
ÇORUM,2025,ÇORUM,519.590,258.085,261.505,,,,,,,,,,,,,,,
ÇORUM,2024,ÇORUM,521.335,259.061,262.274,,,,,,,,,,,,,,,
ÇORUM,2023,ÇORUM,528.351,261.950,266.401,,,,,,,,,,,,,,,
ÇORUM,2022,ÇORUM,524.130,260.355,263.775,,,,,,,,,,,,,,,
ÇORUM,2021,ÇORUM,526.282,261.366,264.916,,,,,,,,,,,,,,,
ÇORUM,2020,ÇORUM,530.126,262.590,267.536,,,,,,,,,,,,,,,
ÇORUM,2019,ÇORUM,530.864,263.354,267.510,,,,,,,,,,,,,,,
ÇORUM,2018,ÇORUM,536.483,265.678,270.805,,,,,,,,,,,,,,,
ÇORUM,2017,ÇORUM,528.422,261.605,266.817,,,,,,,,,,,,,,,
ÇORUM,2016,ÇORUM,527.863,261.606,266.257,,,,,,,,,,,,,,,
ÇORUM,2015,ÇORUM,525.180,259.993,265.187,,,,,,,,,,,,,,,
ÇORUM,2014,ÇORUM,527.220,261.187,266.033,,,,,,,,,,,,,,,
ÇORUM,2013,ÇORUM,532.080,263.906,268.174,,,,,,,,,,,,,,,
ÇORUM,2012,ÇORUM,529.975,262.155,267.820,,,,,,,,,,,,,,,
ÇORUM,2011,ÇORUM,534.578,265.163,269.415,,,,,,,,,,,,,,,
ÇORUM,2010,ÇORUM,535.405,264.759,270.646,,,,,,,,,,,,,,,
ÇORUM,2009,ÇORUM,540.704,268.501,272.203,,,,,,,,,,,,,,,
ÇORUM,2008,ÇORUM,545.444,270.107,275.337,,,,,,,,,,,,,,,
ÇORUM,2007,ÇORUM,549.828,271.942,277.886,,,,,,,,,,,,,,,
ÇORUM,2000,ÇORUM,597.065,289.717,307.348,,,,,,,,,,,,,,,
ÇORUM,1990,ÇORUM,609.863,294.082,315.781,,,,,,,,,,,,,,,
ÇORUM,1985,ÇORUM,599.204,290.159,309.045,,,,,,,,,,,,,,,
ÇORUM,1980,ÇORUM,571.831,279.521,292.310,,,,,,,,,,,,,,,
ÇORUM,1975,ÇORUM,547.580,274.050,273.530,,,,,,,,,,,,,,,
ÇORUM,1970,ÇORUM,518.366,253.746,264.620,,,,,,,,,,,,,,,
ÇORUM,1965,ÇORUM,485.567,240.576,244.991,,,,,,,,,,,,,,,
ÇORUM,1960,ÇORUM,446.389,223.295,223.094,,,,,,,,,,,,,,,
ÇORUM,1955,ÇORUM,401.547,197.643,203.904,,,,,,,,,,,,,,,
ÇORUM,1950,ÇORUM,341.353,170.001,171.352,,,,,,,,,,,,,,,
ÇORUM,1945,ÇORUM,312.723,153.753,158.970,,,,,,,,,,,,,,,
ÇORUM,1940,ÇORUM,302.745,145.309,157.436,,,,,,,,,,,,,,,
ÇORUM,1935,ÇORUM,284.773,137.295,147.478,,,,,,,,,,,,,,,
ÇORUM,1927,ÇORUM,247.926,116.101,131.825,,,,,,,,,,,,,,,
DENİZLİ,2025,DENİZLİ,1.060.975,526.573,534.402,,,,,,,,,,,,,,,
DENİZLİ,2024,DENİZLİ,1.061.371,527.398,533.973,,,,,,,,,,,,,,,
DENİZLİ,2023,DENİZLİ,1.059.082,526.717,532.365,,,,,,,,,,,,,,,
DENİZLİ,2022,DENİZLİ,1.056.332,525.359,530.973,,,,,,,,,,,,,,,
DENİZLİ,2021,DENİZLİ,1.051.056,523.498,527.558,,,,,,,,,,,,,,,
DENİZLİ,2020,DENİZLİ,1.040.915,518.742,522.173,,,,,,,,,,,,,,,
DENİZLİ,2019,DENİZLİ,1.037.208,517.716,519.492,,,,,,,,,,,,,,,
DENİZLİ,2018,DENİZLİ,1.027.782,512.109,515.673,,,,,,,,,,,,,,,
DENİZLİ,2017,DENİZLİ,1.018.735,507.543,511.192,,,,,,,,,,,,,,,
DENİZLİ,2016,DENİZLİ,1.005.687,500.398,505.289,,,,,,,,,,,,,,,
DENİZLİ,2015,DENİZLİ,993.442,494.808,498.634,,,,,,,,,,,,,,,
DENİZLİ,2014,DENİZLİ,978.700,487.958,490.742,,,,,,,,,,,,,,,
DENİZLİ,2013,DENİZLİ,963.464,480.224,483.240,,,,,,,,,,,,,,,
DENİZLİ,2012,DENİZLİ,950.557,473.041,477.516,,,,,,,,,,,,,,,
DENİZLİ,2011,DENİZLİ,942.278,470.027,472.251,,,,,,,,,,,,,,,
DENİZLİ,2010,DENİZLİ,931.823,464.104,467.719,,,,,,,,,,,,,,,
DENİZLİ,2009,DENİZLİ,926.362,462.914,463.448,,,,,,,,,,,,,,,
DENİZLİ,2008,DENİZLİ,917.836,458.787,459.049,,,,,,,,,,,,,,,
DENİZLİ,2007,DENİZLİ,907.325,453.756,453.569,,,,,,,,,,,,,,,
DENİZLİ,2000,DENİZLİ,850.029,426.179,423.850,,,,,,,,,,,,,,,
DENİZLİ,1990,DENİZLİ,750.882,379.129,371.753,,,,,,,,,,,,,,,
DENİZLİ,1985,DENİZLİ,667.478,335.364,332.114,,,,,,,,,,,,,,,
DENİZLİ,1980,DENİZLİ,603.338,298.426,304.912,,,,,,,,,,,,,,,
DENİZLİ,1975,DENİZLİ,560.916,281.186,279.730,,,,,,,,,,,,,,,
DENİZLİ,1970,DENİZLİ,511.160,250.178,260.982,,,,,,,,,,,,,,,
DENİZLİ,1965,DENİZLİ,463.369,230.468,232.901,,,,,,,,,,,,,,,
DENİZLİ,1960,DENİZLİ,425.449,211.121,214.328,,,,,,,,,,,,,,,
DENİZLİ,1955,DENİZLİ,368.294,179.342,188.952,,,,,,,,,,,,,,,
DENİZLİ,1950,DENİZLİ,340.277,165.883,174.394,,,,,,,,,,,,,,,
DENİZLİ,1945,DENİZLİ,315.934,150.139,165.795,,,,,,,,,,,,,,,
DENİZLİ,1940,DENİZLİ,285.225,132.923,152.302,,,,,,,,,,,,,,,
DENİZLİ,1935,DENİZLİ,285.918,132.822,153.096,,,,,,,,,,,,,,,
DENİZLİ,1927,DENİZLİ,245.048,110.330,134.718,,,,,,,,,,,,,,,
DİYARBAKIR,2025,DİYARBAKIR,1.852.356,935.763,916.593,,,,,,,,,,,,,,,
DİYARBAKIR,2024,DİYARBAKIR,1.833.684,926.291,907.393,,,,,,,,,,,,,,,
DİYARBAKIR,2023,DİYARBAKIR,1.818.133,918.980,899.153,,,,,,,,,,,,,,,
DİYARBAKIR,2022,DİYARBAKIR,1.804.880,910.472,894.408,,,,,,,,,,,,,,,
DİYARBAKIR,2021,DİYARBAKIR,1.791.373,904.188,887.185,,,,,,,,,,,,,,,
DİYARBAKIR,2020,DİYARBAKIR,1.783.431,899.516,883.915,,,,,,,,,,,,,,,
DİYARBAKIR,2019,DİYARBAKIR,1.756.353,886.190,870.163,,,,,,,,,,,,,,,
DİYARBAKIR,2018,DİYARBAKIR,1.732.396,875.468,856.928,,,,,,,,,,,,,,,
DİYARBAKIR,2017,DİYARBAKIR,1.699.901,857.070,842.831,,,,,,,,,,,,,,,
DİYARBAKIR,2016,DİYARBAKIR,1.673.119,844.011,829.108,,,,,,,,,,,,,,,
DİYARBAKIR,2015,DİYARBAKIR,1.654.196,834.354,819.842,,,,,,,,,,,,,,,
DİYARBAKIR,2014,DİYARBAKIR,1.635.048,824.133,810.915,,,,,,,,,,,,,,,
DİYARBAKIR,2013,DİYARBAKIR,1.607.437,809.791,797.646,,,,,,,,,,,,,,,
DİYARBAKIR,2012,DİYARBAKIR,1.592.167,804.952,787.215,,,,,,,,,,,,,,,
DİYARBAKIR,2011,DİYARBAKIR,1.570.943,795.894,775.049,,,,,,,,,,,,,,,
DİYARBAKIR,2010,DİYARBAKIR,1.528.958,767.503,761.455,,,,,,,,,,,,,,,
DİYARBAKIR,2009,DİYARBAKIR,1.515.011,767.926,747.085,,,,,,,,,,,,,,,
DİYARBAKIR,2008,DİYARBAKIR,1.492.828,757.497,735.331,,,,,,,,,,,,,,,
DİYARBAKIR,2007,DİYARBAKIR,1.460.714,735.561,725.153,,,,,,,,,,,,,,,
DİYARBAKIR,2000,DİYARBAKIR,1.362.708,692.167,670.541,,,,,,,,,,,,,,,
DİYARBAKIR,1990,DİYARBAKIR,1.094.996,559.446,535.550,,,,,,,,,,,,,,,
DİYARBAKIR,1985,DİYARBAKIR,934.505,480.703,453.802,,,,,,,,,,,,,,,
DİYARBAKIR,1980,DİYARBAKIR,778.150,403.603,374.547,,,,,,,,,,,,,,,
DİYARBAKIR,1975,DİYARBAKIR,651.233,343.797,307.436,,,,,,,,,,,,,,,
DİYARBAKIR,1970,DİYARBAKIR,581.208,302.237,278.971,,,,,,,,,,,,,,,
DİYARBAKIR,1965,DİYARBAKIR,475.916,249.874,226.042,,,,,,,,,,,,,,,
DİYARBAKIR,1960,DİYARBAKIR,401.884,208.650,193.234,,,,,,,,,,,,,,,
DİYARBAKIR,1955,DİYARBAKIR,343.903,177.833,166.070,,,,,,,,,,,,,,,
DİYARBAKIR,1950,DİYARBAKIR,293.738,150.509,143.229,,,,,,,,,,,,,,,
DİYARBAKIR,1945,DİYARBAKIR,249.949,127.466,122.483,,,,,,,,,,,,,,,
DİYARBAKIR,1940,DİYARBAKIR,257.321,133.050,124.271,,,,,,,,,,,,,,,
DİYARBAKIR,1935,DİYARBAKIR,214.142,107.229,106.913,,,,,,,,,,,,,,,
DİYARBAKIR,1927,DİYARBAKIR,194.316,97.387,96.929,,,,,,,,,,,,,,,
DÜZCE,2025,DÜZCE,415.622,207.675,207.947,,,,,,,,,,,,,,,
DÜZCE,2024,DÜZCE,412.344,206.008,206.336,,,,,,,,,,,,,,,
DÜZCE,2023,DÜZCE,409.865,204.734,205.131,,,,,,,,,,,,,,,
DÜZCE,2022,DÜZCE,405.131,202.950,202.181,,,,,,,,,,,,,,,
DÜZCE,2021,DÜZCE,400.976,200.612,200.364,,,,,,,,,,,,,,,
DÜZCE,2020,DÜZCE,395.679,198.032,197.647,,,,,,,,,,,,,,,
DÜZCE,2019,DÜZCE,392.166,196.494,195.672,,,,,,,,,,,,,,,
DÜZCE,2018,DÜZCE,387.844,194.051,193.793,,,,,,,,,,,,,,,
DÜZCE,2017,DÜZCE,377.610,188.855,188.755,,,,,,,,,,,,,,,
DÜZCE,2016,DÜZCE,370.371,185.775,184.596,,,,,,,,,,,,,,,
DÜZCE,2015,DÜZCE,360.388,181.197,179.191,,,,,,,,,,,,,,,
DÜZCE,2014,DÜZCE,355.549,178.342,177.207,,,,,,,,,,,,,,,
DÜZCE,2013,DÜZCE,351.509,176.071,175.438,,,,,,,,,,,,,,,
DÜZCE,2012,DÜZCE,346.493,173.226,173.267,,,,,,,,,,,,,,,
DÜZCE,2011,DÜZCE,342.146,170.306,171.840,,,,,,,,,,,,,,,
DÜZCE,2010,DÜZCE,338.188,168.075,170.113,,,,,,,,,,,,,,,
DÜZCE,2009,DÜZCE,335.156,167.696,167.460,,,,,,,,,,,,,,,
DÜZCE,2008,DÜZCE,328.611,163.656,164.955,,,,,,,,,,,,,,,
DÜZCE,2007,DÜZCE,323.328,160.823,162.505,,,,,,,,,,,,,,,
DÜZCE,2000,DÜZCE,314.266,161.927,152.339,,,,,,,,,,,,,,,
EDİRNE,2025,EDİRNE,422.438,212.403,210.035,,,,,,,,,,,,,,,
EDİRNE,2024,EDİRNE,421.247,211.611,209.636,,,,,,,,,,,,,,,
EDİRNE,2023,EDİRNE,419.913,210.653,209.260,,,,,,,,,,,,,,,
EDİRNE,2022,EDİRNE,414.714,208.328,206.386,,,,,,,,,,,,,,,
EDİRNE,2021,EDİRNE,412.115,207.863,204.252,,,,,,,,,,,,,,,
EDİRNE,2020,EDİRNE,407.763,205.775,201.988,,,,,,,,,,,,,,,
EDİRNE,2019,EDİRNE,413.903,210.304,203.599,,,,,,,,,,,,,,,
EDİRNE,2018,EDİRNE,411.528,209.390,202.138,,,,,,,,,,,,,,,
EDİRNE,2017,EDİRNE,406.855,206.342,200.513,,,,,,,,,,,,,,,
EDİRNE,2016,EDİRNE,401.701,203.738,197.963,,,,,,,,,,,,,,,
EDİRNE,2015,EDİRNE,402.537,203.349,199.188,,,,,,,,,,,,,,,
EDİRNE,2014,EDİRNE,400.280,203.001,197.279,,,,,,,,,,,,,,,
EDİRNE,2013,EDİRNE,398.582,201.567,197.015,,,,,,,,,,,,,,,
EDİRNE,2012,EDİRNE,399.708,203.656,196.052,,,,,,,,,,,,,,,
EDİRNE,2011,EDİRNE,399.316,204.389,194.927,,,,,,,,,,,,,,,
EDİRNE,2010,EDİRNE,390.428,196.262,194.166,,,,,,,,,,,,,,,
EDİRNE,2009,EDİRNE,395.463,201.450,194.013,,,,,,,,,,,,,,,
EDİRNE,2008,EDİRNE,394.644,202.714,191.930,,,,,,,,,,,,,,,
EDİRNE,2007,EDİRNE,396.462,203.569,192.893,,,,,,,,,,,,,,,
EDİRNE,2000,EDİRNE,402.606,213.724,188.882,,,,,,,,,,,,,,,
EDİRNE,1990,EDİRNE,404.599,213.966,190.633,,,,,,,,,,,,,,,
EDİRNE,1985,EDİRNE,389.638,209.988,179.650,,,,,,,,,,,,,,,
EDİRNE,1980,EDİRNE,363.286,195.638,167.648,,,,,,,,,,,,,,,
EDİRNE,1975,EDİRNE,340.732,182.944,157.788,,,,,,,,,,,,,,,
EDİRNE,1970,EDİRNE,316.425,165.161,151.264,,,,,,,,,,,,,,,
EDİRNE,1965,EDİRNE,303.234,157.377,145.857,,,,,,,,,,,,,,,
EDİRNE,1960,EDİRNE,276.479,142.130,134.349,,,,,,,,,,,,,,,
EDİRNE,1955,EDİRNE,252.190,129.453,122.737,,,,,,,,,,,,,,,
EDİRNE,1950,EDİRNE,221.268,111.446,109.822,,,,,,,,,,,,,,,
EDİRNE,1945,EDİRNE,198.271,99.378,98.893,,,,,,,,,,,,,,,
EDİRNE,1940,EDİRNE,251.373,148.606,102.767,,,,,,,,,,,,,,,
EDİRNE,1935,EDİRNE,184.840,92.743,92.097,,,,,,,,,,,,,,,
EDİRNE,1927,EDİRNE,150.840,73.508,77.332,,,,,,,,,,,,,,,
ELAZIĞ,2025,ELAZIĞ,605.678,299.091,306.587,,,,,,,,,,,,,,,
ELAZIĞ,2024,ELAZIĞ,603.941,298.358,305.583,,,,,,,,,,,,,,,
ELAZIĞ,2023,ELAZIĞ,604.411,298.845,305.566,,,,,,,,,,,,,,,
ELAZIĞ,2022,ELAZIĞ,591.497,292.396,299.101,,,,,,,,,,,,,,,
ELAZIĞ,2021,ELAZIĞ,588.088,291.380,296.708,,,,,,,,,,,,,,,
ELAZIĞ,2020,ELAZIĞ,587.960,291.461,296.499,,,,,,,,,,,,,,,
ELAZIĞ,2019,ELAZIĞ,591.098,293.415,297.683,,,,,,,,,,,,,,,
ELAZIĞ,2018,ELAZIĞ,595.638,296.641,298.997,,,,,,,,,,,,,,,
ELAZIĞ,2017,ELAZIĞ,583.671,290.692,292.979,,,,,,,,,,,,,,,
ELAZIĞ,2016,ELAZIĞ,578.789,287.991,290.798,,,,,,,,,,,,,,,
ELAZIĞ,2015,ELAZIĞ,574.304,285.511,288.793,,,,,,,,,,,,,,,
ELAZIĞ,2014,ELAZIĞ,568.753,281.583,287.170,,,,,,,,,,,,,,,
ELAZIĞ,2013,ELAZIĞ,568.239,282.049,286.190,,,,,,,,,,,,,,,
ELAZIĞ,2012,ELAZIĞ,562.703,279.599,283.104,,,,,,,,,,,,,,,
ELAZIĞ,2011,ELAZIĞ,558.556,277.151,281.405,,,,,,,,,,,,,,,
ELAZIĞ,2010,ELAZIĞ,552.646,272.500,280.146,,,,,,,,,,,,,,,
ELAZIĞ,2009,ELAZIĞ,550.667,273.212,277.455,,,,,,,,,,,,,,,
ELAZIĞ,2008,ELAZIĞ,547.562,271.330,276.232,,,,,,,,,,,,,,,
ELAZIĞ,2007,ELAZIĞ,541.258,266.284,274.974,,,,,,,,,,,,,,,
ELAZIĞ,2000,ELAZIĞ,569.616,287.687,281.929,,,,,,,,,,,,,,,
ELAZIĞ,1990,ELAZIĞ,498.225,247.321,250.904,,,,,,,,,,,,,,,
ELAZIĞ,1985,ELAZIĞ,483.715,242.277,241.438,,,,,,,,,,,,,,,
ELAZIĞ,1980,ELAZIĞ,440.808,221.116,219.692,,,,,,,,,,,,,,,
ELAZIĞ,1975,ELAZIĞ,417.924,216.639,201.285,,,,,,,,,,,,,,,
ELAZIĞ,1970,ELAZIĞ,376.915,191.283,185.632,,,,,,,,,,,,,,,
ELAZIĞ,1965,ELAZIĞ,322.727,165.636,157.091,,,,,,,,,,,,,,,
ELAZIĞ,1960,ELAZIĞ,278.332,141.583,136.749,,,,,,,,,,,,,,,
ELAZIĞ,1955,ELAZIĞ,242.279,124.224,118.055,,,,,,,,,,,,,,,
ELAZIĞ,1950,ELAZIĞ,213.330,109.064,104.266,,,,,,,,,,,,,,,
ELAZIĞ,1945,ELAZIĞ,198.081,101.147,96.934,,,,,,,,,,,,,,,
ELAZIĞ,1940,ELAZIĞ,190.366,96.580,93.786,,,,,,,,,,,,,,,
ELAZIĞ,1935,ELAZIĞ,256.189,128.124,128.065,,,,,,,,,,,,,,,
ERZİNCAN,2025,ERZİNCAN,239.625,121.927,117.698,,,,,,,,,,,,,,,
ERZİNCAN,2024,ERZİNCAN,241.239,122.934,118.305,,,,,,,,,,,,,,,
ERZİNCAN,2023,ERZİNCAN,243.399,124.244,119.155,,,,,,,,,,,,,,,
ERZİNCAN,2022,ERZİNCAN,239.223,121.086,118.137,,,,,,,,,,,,,,,
ERZİNCAN,2021,ERZİNCAN,237.351,120.367,116.984,,,,,,,,,,,,,,,
ERZİNCAN,2020,ERZİNCAN,234.431,119.325,115.106,,,,,,,,,,,,,,,
ERZİNCAN,2019,ERZİNCAN,234.747,119.906,114.841,,,,,,,,,,,,,,,
ERZİNCAN,2018,ERZİNCAN,236.034,120.348,115.686,,,,,,,,,,,,,,,
ERZİNCAN,2017,ERZİNCAN,231.511,118.591,112.920,,,,,,,,,,,,,,,
ERZİNCAN,2016,ERZİNCAN,226.032,114.075,111.957,,,,,,,,,,,,,,,
ERZİNCAN,2015,ERZİNCAN,222.918,113.158,109.760,,,,,,,,,,,,,,,
ERZİNCAN,2014,ERZİNCAN,223.633,112.845,110.788,,,,,,,,,,,,,,,
ERZİNCAN,2013,ERZİNCAN,219.996,111.568,108.428,,,,,,,,,,,,,,,
ERZİNCAN,2012,ERZİNCAN,217.886,110.569,107.317,,,,,,,,,,,,,,,
ERZİNCAN,2011,ERZİNCAN,215.277,109.583,105.694,,,,,,,,,,,,,,,
ERZİNCAN,2010,ERZİNCAN,224.949,118.876,106.073,,,,,,,,,,,,,,,
ERZİNCAN,2009,ERZİNCAN,213.288,108.920,104.368,,,,,,,,,,,,,,,
ERZİNCAN,2008,ERZİNCAN,210.645,107.415,103.230,,,,,,,,,,,,,,,
ERZİNCAN,2007,ERZİNCAN,213.538,110.282,103.256,,,,,,,,,,,,,,,
ERZİNCAN,2000,ERZİNCAN,316.841,169.046,147.795,,,,,,,,,,,,,,,
ERZİNCAN,1990,ERZİNCAN,299.251,156.387,142.864,,,,,,,,,,,,,,,
ERZİNCAN,1985,ERZİNCAN,299.985,154.811,145.174,,,,,,,,,,,,,,,
ERZİNCAN,1980,ERZİNCAN,282.022,143.530,138.492,,,,,,,,,,,,,,,
ERZİNCAN,1975,ERZİNCAN,283.683,144.959,138.724,,,,,,,,,,,,,,,
ERZİNCAN,1970,ERZİNCAN,276.122,139.643,136.479,,,,,,,,,,,,,,,
ERZİNCAN,1965,ERZİNCAN,258.586,129.233,129.353,,,,,,,,,,,,,,,
ERZİNCAN,1960,ERZİNCAN,243.005,122.282,120.723,,,,,,,,,,,,,,,
ERZİNCAN,1955,ERZİNCAN,215.592,105.368,110.224,,,,,,,,,,,,,,,
ERZİNCAN,1950,ERZİNCAN,197.770,95.721,102.049,,,,,,,,,,,,,,,
ERZİNCAN,1945,ERZİNCAN,171.868,83.261,88.607,,,,,,,,,,,,,,,
ERZİNCAN,1940,ERZİNCAN,158.498,78.015,80.483,,,,,,,,,,,,,,,
ERZİNCAN,1935,ERZİNCAN,157.344,77.275,80.069,,,,,,,,,,,,,,,
ERZİNCAN,1927,ERZİNCAN,132.325,64.311,68.014,,,,,,,,,,,,,,,
ERZURUM,2025,ERZURUM,736.877,366.932,369.945,,,,,,,,,,,,,,,
ERZURUM,2024,ERZURUM,745.005,371.693,373.312,,,,,,,,,,,,,,,
ERZURUM,2023,ERZURUM,749.993,372.622,377.371,,,,,,,,,,,,,,,
ERZURUM,2022,ERZURUM,749.754,373.375,376.379,,,,,,,,,,,,,,,
ERZURUM,2021,ERZURUM,756.893,377.261,379.632,,,,,,,,,,,,,,,
ERZURUM,2020,ERZURUM,758.279,378.661,379.618,,,,,,,,,,,,,,,
ERZURUM,2019,ERZURUM,762.062,379.893,382.169,,,,,,,,,,,,,,,
ERZURUM,2018,ERZURUM,767.848,383.435,384.413,,,,,,,,,,,,,,,
ERZURUM,2017,ERZURUM,760.476,379.227,381.249,,,,,,,,,,,,,,,
ERZURUM,2016,ERZURUM,762.021,381.138,380.883,,,,,,,,,,,,,,,
ERZURUM,2015,ERZURUM,762.321,382.163,380.158,,,,,,,,,,,,,,,
ERZURUM,2014,ERZURUM,763.320,384.356,378.964,,,,,,,,,,,,,,,
ERZURUM,2013,ERZURUM,766.729,384.015,382.714,,,,,,,,,,,,,,,
ERZURUM,2012,ERZURUM,778.195,391.290,386.905,,,,,,,,,,,,,,,
ERZURUM,2011,ERZURUM,780.847,393.081,387.766,,,,,,,,,,,,,,,
ERZURUM,2010,ERZURUM,769.085,384.630,384.455,,,,,,,,,,,,,,,
ERZURUM,2009,ERZURUM,774.207,389.761,384.446,,,,,,,,,,,,,,,
ERZURUM,2008,ERZURUM,774.967,391.588,383.379,,,,,,,,,,,,,,,
ERZURUM,2007,ERZURUM,784.941,393.589,391.352,,,,,,,,,,,,,,,
ERZURUM,2000,ERZURUM,937.389,482.199,455.190,,,,,,,,,,,,,,,
ERZURUM,1990,ERZURUM,848.201,427.701,420.500,,,,,,,,,,,,,,,
ERZURUM,1985,ERZURUM,856.175,435.276,420.899,,,,,,,,,,,,,,,
ERZURUM,1980,ERZURUM,801.809,411.682,390.127,,,,,,,,,,,,,,,
ERZURUM,1975,ERZURUM,746.666,389.557,357.109,,,,,,,,,,,,,,,
ERZURUM,1970,ERZURUM,684.951,348.024,336.927,,,,,,,,,,,,,,,
ERZURUM,1965,ERZURUM,628.001,324.977,303.024,,,,,,,,,,,,,,,
ERZURUM,1960,ERZURUM,568.864,296.897,271.967,,,,,,,,,,,,,,,
ERZURUM,1955,ERZURUM,519.976,278.943,241.033,,,,,,,,,,,,,,,
ERZURUM,1950,ERZURUM,461.090,239.377,221.713,,,,,,,,,,,,,,,
ERZURUM,1945,ERZURUM,395.876,203.943,191.933,,,,,,,,,,,,,,,
ERZURUM,1940,ERZURUM,371.394,190.485,180.909,,,,,,,,,,,,,,,
ERZURUM,1935,ERZURUM,385.387,189.467,195.920,,,,,,,,,,,,,,,
ERZURUM,1927,ERZURUM,270.426,132.249,138.177,,,,,,,,,,,,,,,
ESKİŞEHİR,2025,ESKİŞEHİR,927.956,461.180,466.776,,,,,,,,,,,,,,,
ESKİŞEHİR,2024,ESKİŞEHİR,921.630,457.512,464.118,,,,,,,,,,,,,,,
ESKİŞEHİR,2023,ESKİŞEHİR,915.418,454.606,460.812,,,,,,,,,,,,,,,
ESKİŞEHİR,2022,ESKİŞEHİR,906.617,451.335,455.282,,,,,,,,,,,,,,,
ESKİŞEHİR,2021,ESKİŞEHİR,898.369,447.761,450.608,,,,,,,,,,,,,,,
ESKİŞEHİR,2020,ESKİŞEHİR,888.828,443.227,445.601,,,,,,,,,,,,,,,
ESKİŞEHİR,2019,ESKİŞEHİR,887.475,443.635,443.840,,,,,,,,,,,,,,,
ESKİŞEHİR,2018,ESKİŞEHİR,871.187,434.112,437.075,,,,,,,,,,,,,,,
ESKİŞEHİR,2017,ESKİŞEHİR,860.620,429.078,431.542,,,,,,,,,,,,,,,
ESKİŞEHİR,2016,ESKİŞEHİR,844.842,421.580,423.262,,,,,,,,,,,,,,,
ESKİŞEHİR,2015,ESKİŞEHİR,826.716,412.205,414.511,,,,,,,,,,,,,,,
ESKİŞEHİR,2014,ESKİŞEHİR,812.320,405.253,407.067,,,,,,,,,,,,,,,
ESKİŞEHİR,2013,ESKİŞEHİR,799.724,399.189,400.535,,,,,,,,,,,,,,,
ESKİŞEHİR,2012,ESKİŞEHİR,789.750,393.760,395.990,,,,,,,,,,,,,,,
ESKİŞEHİR,2011,ESKİŞEHİR,781.247,388.880,392.367,,,,,,,,,,,,,,,
ESKİŞEHİR,2010,ESKİŞEHİR,764.584,378.275,386.309,,,,,,,,,,,,,,,
ESKİŞEHİR,2009,ESKİŞEHİR,755.427,374.990,380.437,,,,,,,,,,,,,,,
ESKİŞEHİR,2008,ESKİŞEHİR,741.739,368.486,373.253,,,,,,,,,,,,,,,
ESKİŞEHİR,2007,ESKİŞEHİR,724.849,359.393,365.456,,,,,,,,,,,,,,,
ESKİŞEHİR,2000,ESKİŞEHİR,706.009,352.264,353.745,,,,,,,,,,,,,,,
ESKİŞEHİR,1990,ESKİŞEHİR,641.057,321.928,319.129,,,,,,,,,,,,,,,
ESKİŞEHİR,1985,ESKİŞEHİR,597.397,301.562,295.835,,,,,,,,,,,,,,,
ESKİŞEHİR,1980,ESKİŞEHİR,543.802,275.608,268.194,,,,,,,,,,,,,,,
ESKİŞEHİR,1975,ESKİŞEHİR,495.097,254.173,240.924,,,,,,,,,,,,,,,
ESKİŞEHİR,1970,ESKİŞEHİR,459.367,231.671,227.696,,,,,,,,,,,,,,,
ESKİŞEHİR,1965,ESKİŞEHİR,415.101,210.949,204.152,,,,,,,,,,,,,,,
ESKİŞEHİR,1960,ESKİŞEHİR,368.827,189.790,179.037,,,,,,,,,,,,,,,
ESKİŞEHİR,1955,ESKİŞEHİR,323.511,165.566,157.945,,,,,,,,,,,,,,,
ESKİŞEHİR,1950,ESKİŞEHİR,276.164,139.561,136.603,,,,,,,,,,,,,,,
ESKİŞEHİR,1945,ESKİŞEHİR,244.251,126.367,117.884,,,,,,,,,,,,,,,
ESKİŞEHİR,1940,ESKİŞEHİR,206.794,103.378,103.416,,,,,,,,,,,,,,,
ESKİŞEHİR,1935,ESKİŞEHİR,183.205,90.741,92.464,,,,,,,,,,,,,,,
ESKİŞEHİR,1927,ESKİŞEHİR,154.332,74.580,79.752,,,,,,,,,,,,,,,
GAZİANTEP,2025,GAZİANTEP,2.222.415,1.119.557,1.102.858,,,,,,,,,,,,,,,
GAZİANTEP,2024,GAZİANTEP,2.193.363,1.106.227,1.087.136,,,,,,,,,,,,,,,
GAZİANTEP,2023,GAZİANTEP,2.164.134,1.091.830,1.072.304,,,,,,,,,,,,,,,
GAZİANTEP,2022,GAZİANTEP,2.154.051,1.087.763,1.066.288,,,,,,,,,,,,,,,
GAZİANTEP,2021,GAZİANTEP,2.130.432,1.075.409,1.055.023,,,,,,,,,,,,,,,
GAZİANTEP,2020,GAZİANTEP,2.101.157,1.060.820,1.040.337,,,,,,,,,,,,,,,
GAZİANTEP,2019,GAZİANTEP,2.069.364,1.044.799,1.024.565,,,,,,,,,,,,,,,
GAZİANTEP,2018,GAZİANTEP,2.028.563,1.023.716,1.004.847,,,,,,,,,,,,,,,
GAZİANTEP,2017,GAZİANTEP,2.005.515,1.012.992,992.523,,,,,,,,,,,,,,,
GAZİANTEP,2016,GAZİANTEP,1.974.244,998.926,975.318,,,,,,,,,,,,,,,
GAZİANTEP,2015,GAZİANTEP,1.931.836,976.126,955.710,,,,,,,,,,,,,,,
GAZİANTEP,2014,GAZİANTEP,1.889.466,953.760,935.706,,,,,,,,,,,,,,,
GAZİANTEP,2013,GAZİANTEP,1.844.438,930.972,913.466,,,,,,,,,,,,,,,
GAZİANTEP,2012,GAZİANTEP,1.799.558,907.172,892.386,,,,,,,,,,,,,,,
GAZİANTEP,2011,GAZİANTEP,1.753.596,883.086,870.510,,,,,,,,,,,,,,,
GAZİANTEP,2010,GAZİANTEP,1.700.763,855.384,845.379,,,,,,,,,,,,,,,
GAZİANTEP,2009,GAZİANTEP,1.653.670,831.911,821.759,,,,,,,,,,,,,,,
GAZİANTEP,2008,GAZİANTEP,1.612.223,810.768,801.455,,,,,,,,,,,,,,,
GAZİANTEP,2007,GAZİANTEP,1.560.023,779.863,780.160,,,,,,,,,,,,,,,
GAZİANTEP,2000,GAZİANTEP,1.285.249,645.847,639.402,,,,,,,,,,,,,,,
GAZİANTEP,1990,GAZİANTEP,1.140.594,577.881,562.713,,,,,,,,,,,,,,,
GAZİANTEP,1985,GAZİANTEP,966.490,490.022,476.468,,,,,,,,,,,,,,,
GAZİANTEP,1980,GAZİANTEP,808.697,409.302,399.395,,,,,,,,,,,,,,,
GAZİANTEP,1975,GAZİANTEP,715.939,369.748,346.191,,,,,,,,,,,,,,,
GAZİANTEP,1970,GAZİANTEP,606.540,308.154,298.386,,,,,,,,,,,,,,,
GAZİANTEP,1965,GAZİANTEP,511.026,262.815,248.211,,,,,,,,,,,,,,,
GAZİANTEP,1960,GAZİANTEP,434.579,223.508,211.071,,,,,,,,,,,,,,,
GAZİANTEP,1955,GAZİANTEP,376.969,194.842,182.127,,,,,,,,,,,,,,,
GAZİANTEP,1950,GAZİANTEP,328.343,165.434,162.909,,,,,,,,,,,,,,,
GAZİANTEP,1945,GAZİANTEP,290.058,148.481,141.577,,,,,,,,,,,,,,,
GAZİANTEP,1940,GAZİANTEP,306.906,158.257,148.649,,,,,,,,,,,,,,,
GAZİANTEP,1935,GAZİANTEP,283.506,145.811,137.695,,,,,,,,,,,,,,,
GAZİANTEP,1927,GAZİANTEP,215.762,105.907,109.855,,,,,,,,,,,,,,,
GİRESUN,2025,GİRESUN,455.074,227.438,227.636,,,,,,,,,,,,,,,
GİRESUN,2024,GİRESUN,455.922,228.075,227.847,,,,,,,,,,,,,,,
GİRESUN,2023,GİRESUN,461.712,230.728,230.984,,,,,,,,,,,,,,,
GİRESUN,2022,GİRESUN,450.862,225.175,225.687,,,,,,,,,,,,,,,
GİRESUN,2021,GİRESUN,450.154,224.380,225.774,,,,,,,,,,,,,,,
GİRESUN,2020,GİRESUN,448.721,223.738,224.983,,,,,,,,,,,,,,,
GİRESUN,2019,GİRESUN,448.400,223.422,224.978,,,,,,,,,,,,,,,
GİRESUN,2018,GİRESUN,453.912,226.067,227.845,,,,,,,,,,,,,,,
GİRESUN,2017,GİRESUN,437.393,217.251,220.142,,,,,,,,,,,,,,,
GİRESUN,2016,GİRESUN,444.467,220.414,224.053,,,,,,,,,,,,,,,
GİRESUN,2015,GİRESUN,426.686,210.967,215.719,,,,,,,,,,,,,,,
GİRESUN,2014,GİRESUN,429.984,212.489,217.495,,,,,,,,,,,,,,,
GİRESUN,2013,GİRESUN,425.007,209.961,215.046,,,,,,,,,,,,,,,
GİRESUN,2012,GİRESUN,419.555,207.160,212.395,,,,,,,,,,,,,,,
GİRESUN,2011,GİRESUN,419.498,207.579,211.919,,,,,,,,,,,,,,,
GİRESUN,2010,GİRESUN,419.256,206.730,212.526,,,,,,,,,,,,,,,
GİRESUN,2009,GİRESUN,421.860,209.355,212.505,,,,,,,,,,,,,,,
GİRESUN,2008,GİRESUN,421.766,209.058,212.708,,,,,,,,,,,,,,,
GİRESUN,2007,GİRESUN,417.505,206.447,211.058,,,,,,,,,,,,,,,
GİRESUN,2000,GİRESUN,523.819,263.343,260.476,,,,,,,,,,,,,,,
GİRESUN,1990,GİRESUN,499.087,246.597,252.490,,,,,,,,,,,,,,,
GİRESUN,1985,GİRESUN,502.151,243.372,258.779,,,,,,,,,,,,,,,
GİRESUN,1980,GİRESUN,480.083,232.002,248.081,,,,,,,,,,,,,,,
GİRESUN,1975,GİRESUN,463.587,228.967,234.620,,,,,,,,,,,,,,,
GİRESUN,1970,GİRESUN,451.679,215.932,235.747,,,,,,,,,,,,,,,
GİRESUN,1965,GİRESUN,428.015,207.320,220.695,,,,,,,,,,,,,,,
GİRESUN,1960,GİRESUN,381.453,183.442,198.011,,,,,,,,,,,,,,,
GİRESUN,1955,GİRESUN,334.297,157.930,176.367,,,,,,,,,,,,,,,
GİRESUN,1950,GİRESUN,299.555,139.236,160.319,,,,,,,,,,,,,,,
GİRESUN,1945,GİRESUN,283.626,133.784,149.842,,,,,,,,,,,,,,,
GİRESUN,1940,GİRESUN,279.236,134.102,145.134,,,,,,,,,,,,,,,
GİRESUN,1935,GİRESUN,260.154,124.388,135.766,,,,,,,,,,,,,,,
GİRESUN,1927,GİRESUN,165.033,76.175,88.858,,,,,,,,,,,,,,,
GÜMÜŞHANE,2025,GÜMÜŞHANE,138.807,69.599,69.208,,,,,,,,,,,,,,,
GÜMÜŞHANE,2024,GÜMÜŞHANE,142.617,71.475,71.142,,,,,,,,,,,,,,,
GÜMÜŞHANE,2023,GÜMÜŞHANE,148.539,74.581,73.958,,,,,,,,,,,,,,,
GÜMÜŞHANE,2022,GÜMÜŞHANE,144.544,72.485,72.059,,,,,,,,,,,,,,,
GÜMÜŞHANE,2021,GÜMÜŞHANE,150.119,75.481,74.638,,,,,,,,,,,,,,,
GÜMÜŞHANE,2020,GÜMÜŞHANE,141.702,71.943,69.759,,,,,,,,,,,,,,,
GÜMÜŞHANE,2019,GÜMÜŞHANE,164.521,83.196,81.325,,,,,,,,,,,,,,,
GÜMÜŞHANE,2018,GÜMÜŞHANE,162.748,82.468,80.280,,,,,,,,,,,,,,,
GÜMÜŞHANE,2017,GÜMÜŞHANE,170.173,86.097,84.076,,,,,,,,,,,,,,,
GÜMÜŞHANE,2016,GÜMÜŞHANE,172.034,87.564,84.470,,,,,,,,,,,,,,,
GÜMÜŞHANE,2015,GÜMÜŞHANE,151.449,76.770,74.679,,,,,,,,,,,,,,,
GÜMÜŞHANE,2014,GÜMÜŞHANE,146.353,74.173,72.180,,,,,,,,,,,,,,,
GÜMÜŞHANE,2013,GÜMÜŞHANE,141.412,71.653,69.759,,,,,,,,,,,,,,,
GÜMÜŞHANE,2012,GÜMÜŞHANE,135.216,68.466,66.750,,,,,,,,,,,,,,,
GÜMÜŞHANE,2011,GÜMÜŞHANE,132.374,67.023,65.351,,,,,,,,,,,,,,,
GÜMÜŞHANE,2010,GÜMÜŞHANE,129.618,65.031,64.587,,,,,,,,,,,,,,,
GÜMÜŞHANE,2009,GÜMÜŞHANE,130.976,65.874,65.102,,,,,,,,,,,,,,,
GÜMÜŞHANE,2008,GÜMÜŞHANE,131.367,65.749,65.618,,,,,,,,,,,,,,,
GÜMÜŞHANE,2007,GÜMÜŞHANE,130.825,65.261,65.564,,,,,,,,,,,,,,,
GÜMÜŞHANE,2000,GÜMÜŞHANE,186.953,94.879,92.074,,,,,,,,,,,,,,,
GÜMÜŞHANE,1990,GÜMÜŞHANE,169.375,81.621,87.754,,,,,,,,,,,,,,,
GÜMÜŞHANE,1985,GÜMÜŞHANE,283.753,135.693,148.060,,,,,,,,,,,,,,,
GÜMÜŞHANE,1980,GÜMÜŞHANE,275.191,130.198,144.993,,,,,,,,,,,,,,,
GÜMÜŞHANE,1975,GÜMÜŞHANE,293.673,142.353,151.320,,,,,,,,,,,,,,,
GÜMÜŞHANE,1970,GÜMÜŞHANE,282.238,133.580,148.658,,,,,,,,,,,,,,,
GÜMÜŞHANE,1965,GÜMÜŞHANE,262.731,123.907,138.824,,,,,,,,,,,,,,,
GÜMÜŞHANE,1960,GÜMÜŞHANE,243.115,114.861,128.254,,,,,,,,,,,,,,,
GÜMÜŞHANE,1955,GÜMÜŞHANE,211.563,99.184,112.379,,,,,,,,,,,,,,,
GÜMÜŞHANE,1950,GÜMÜŞHANE,203.994,97.471,106.523,,,,,,,,,,,,,,,
GÜMÜŞHANE,1945,GÜMÜŞHANE,190.130,91.286,98.844,,,,,,,,,,,,,,,
GÜMÜŞHANE,1940,GÜMÜŞHANE,181.290,87.562,93.728,,,,,,,,,,,,,,,
GÜMÜŞHANE,1935,GÜMÜŞHANE,162.667,78.301,84.366,,,,,,,,,,,,,,,
GÜMÜŞHANE,1927,GÜMÜŞHANE,122.231,57.387,64.844,,,,,,,,,,,,,,,
HAKKARİ,2025,HAKKARİ,279.681,146.241,133.440,,,,,,,,,,,,,,,
HAKKARİ,2024,HAKKARİ,282.191,149.205,132.986,,,,,,,,,,,,,,,
HAKKARİ,2023,HAKKARİ,287.625,154.235,133.390,,,,,,,,,,,,,,,
HAKKARİ,2022,HAKKARİ,275.333,143.568,131.765,,,,,,,,,,,,,,,
HAKKARİ,2021,HAKKARİ,278.218,146.613,131.605,,,,,,,,,,,,,,,
HAKKARİ,2020,HAKKARİ,280.514,148.967,131.547,,,,,,,,,,,,,,,
HAKKARİ,2019,HAKKARİ,280.991,151.143,129.848,,,,,,,,,,,,,,,
HAKKARİ,2018,HAKKARİ,286.470,157.107,129.363,,,,,,,,,,,,,,,
HAKKARİ,2017,HAKKARİ,275.761,148.490,127.271,,,,,,,,,,,,,,,
HAKKARİ,2016,HAKKARİ,267.813,142.486,125.327,,,,,,,,,,,,,,,
HAKKARİ,2015,HAKKARİ,278.775,151.013,127.762,,,,,,,,,,,,,,,
HAKKARİ,2014,HAKKARİ,276.287,148.538,127.749,,,,,,,,,,,,,,,
HAKKARİ,2013,HAKKARİ,273.041,146.155,126.886,,,,,,,,,,,,,,,
HAKKARİ,2012,HAKKARİ,279.982,154.526,125.456,,,,,,,,,,,,,,,
HAKKARİ,2011,HAKKARİ,272.165,147.567,124.598,,,,,,,,,,,,,,,
HAKKARİ,2010,HAKKARİ,251.302,128.988,122.314,,,,,,,,,,,,,,,
HAKKARİ,2009,HAKKARİ,256.761,135.884,120.877,,,,,,,,,,,,,,,
HAKKARİ,2008,HAKKARİ,258.590,138.494,120.096,,,,,,,,,,,,,,,
HAKKARİ,2007,HAKKARİ,246.469,128.904,117.565,,,,,,,,,,,,,,,
HAKKARİ,2000,HAKKARİ,236.581,130.682,105.899,,,,,,,,,,,,,,,
HAKKARİ,1990,HAKKARİ,172.479,93.913,78.566,,,,,,,,,,,,,,,
HAKKARİ,1985,HAKKARİ,182.645,100.715,81.930,,,,,,,,,,,,,,,
HAKKARİ,1980,HAKKARİ,155.463,84.056,71.407,,,,,,,,,,,,,,,
HAKKARİ,1975,HAKKARİ,126.036,68.264,57.772,,,,,,,,,,,,,,,
HAKKARİ,1970,HAKKARİ,102.312,54.813,47.499,,,,,,,,,,,,,,,
HAKKARİ,1965,HAKKARİ,83.937,45.680,38.257,,,,,,,,,,,,,,,
HAKKARİ,1960,HAKKARİ,67.766,36.332,31.434,,,,,,,,,,,,,,,
HAKKARİ,1955,HAKKARİ,54.824,29.376,25.448,,,,,,,,,,,,,,,
HAKKARİ,1950,HAKKARİ,44.207,23.685,20.522,,,,,,,,,,,,,,,
HAKKARİ,1945,HAKKARİ,35.124,18.201,16.923,,,,,,,,,,,,,,,
HAKKARİ,1940,HAKKARİ,36.446,18.460,17.986,,,,,,,,,,,,,,,
HAKKARİ,1935,HAKKARİ,0,0,0,,,,,,,,,,,,,,,
HAKKARİ,1927,HAKKARİ,24.980,12.968,12.012,,,,,,,,,,,,,,,
HATAY,2025,HATAY,1.577.531,797.385,780.146,,,,,,,,,,,,,,,
HATAY,2024,HATAY,1.562.185,791.799,770.386,,,,,,,,,,,,,,,
HATAY,2023,HATAY,1.544.640,782.303,762.337,,,,,,,,,,,,,,,
HATAY,2022,HATAY,1.686.043,847.128,838.915,,,,,,,,,,,,,,,
HATAY,2021,HATAY,1.670.712,840.197,830.515,,,,,,,,,,,,,,,
HATAY,2020,HATAY,1.659.320,833.146,826.174,,,,,,,,,,,,,,,
HATAY,2019,HATAY,1.628.894,817.998,810.896,,,,,,,,,,,,,,,
HATAY,2018,HATAY,1.609.856,809.484,800.372,,,,,,,,,,,,,,,
HATAY,2017,HATAY,1.575.226,790.209,785.017,,,,,,,,,,,,,,,
HATAY,2016,HATAY,1.555.165,780.854,774.311,,,,,,,,,,,,,,,
HATAY,2015,HATAY,1.533.507,769.131,764.376,,,,,,,,,,,,,,,
HATAY,2014,HATAY,1.519.836,763.832,756.004,,,,,,,,,,,,,,,
HATAY,2013,HATAY,1.503.066,756.248,746.818,,,,,,,,,,,,,,,
HATAY,2012,HATAY,1.483.674,743.385,740.289,,,,,,,,,,,,,,,
HATAY,2011,HATAY,1.474.223,741.695,732.528,,,,,,,,,,,,,,,
HATAY,2010,HATAY,1.480.571,756.196,724.375,,,,,,,,,,,,,,,
HATAY,2009,HATAY,1.448.418,733.163,715.255,,,,,,,,,,,,,,,
HATAY,2008,HATAY,1.413.287,708.579,704.708,,,,,,,,,,,,,,,
HATAY,2007,HATAY,1.386.224,696.050,690.174,,,,,,,,,,,,,,,
HATAY,2000,HATAY,1.253.726,621.505,632.221,,,,,,,,,,,,,,,
HATAY,1990,HATAY,1.109.754,556.548,553.206,,,,,,,,,,,,,,,
HATAY,1985,HATAY,1.002.252,506.296,495.956,,,,,,,,,,,,,,,
HATAY,1980,HATAY,856.271,437.823,418.448,,,,,,,,,,,,,,,
HATAY,1975,HATAY,744.113,390.908,353.205,,,,,,,,,,,,,,,
HATAY,1970,HATAY,591.064,303.068,287.996,,,,,,,,,,,,,,,
HATAY,1965,HATAY,506.154,266.594,239.560,,,,,,,,,,,,,,,
HATAY,1960,HATAY,441.209,232.990,208.219,,,,,,,,,,,,,,,
HATAY,1955,HATAY,363.631,191.777,171.854,,,,,,,,,,,,,,,
HATAY,1950,HATAY,296.799,152.750,144.049,,,,,,,,,,,,,,,
HATAY,1945,HATAY,254.141,130.870,123.271,,,,,,,,,,,,,,,
HATAY,1940,HATAY,246.138,129.342,116.796,,,,,,,,,,,,,,,
IĞDIR,2025,IĞDIR,205.071,105.907,99.164,,,,,,,,,,,,,,,
IĞDIR,2024,IĞDIR,206.857,107.490,99.367,,,,,,,,,,,,,,,
IĞDIR,2023,IĞDIR,209.738,109.710,100.028,,,,,,,,,,,,,,,
IĞDIR,2022,IĞDIR,203.594,104.931,98.663,,,,,,,,,,,,,,,
IĞDIR,2021,IĞDIR,203.159,104.946,98.213,,,,,,,,,,,,,,,
IĞDIR,2020,IĞDIR,201.314,103.059,98.255,,,,,,,,,,,,,,,
IĞDIR,2019,IĞDIR,199.442,102.417,97.025,,,,,,,,,,,,,,,
IĞDIR,2018,IĞDIR,197.456,102.171,95.285,,,,,,,,,,,,,,,
IĞDIR,2017,IĞDIR,194.775,100.268,94.507,,,,,,,,,,,,,,,
IĞDIR,2016,IĞDIR,192.785,99.057,93.728,,,,,,,,,,,,,,,
IĞDIR,2015,IĞDIR,192.435,99.099,93.336,,,,,,,,,,,,,,,
IĞDIR,2014,IĞDIR,192.056,98.908,93.148,,,,,,,,,,,,,,,
IĞDIR,2013,IĞDIR,190.424,98.008,92.416,,,,,,,,,,,,,,,
IĞDIR,2012,IĞDIR,190.409,98.537,91.872,,,,,,,,,,,,,,,
IĞDIR,2011,IĞDIR,188.857,97.770,91.087,,,,,,,,,,,,,,,
IĞDIR,2010,IĞDIR,184.418,94.443,89.975,,,,,,,,,,,,,,,
IĞDIR,2009,IĞDIR,183.486,94.611,88.875,,,,,,,,,,,,,,,
IĞDIR,2008,IĞDIR,184.025,95.195,88.830,,,,,,,,,,,,,,,
IĞDIR,2007,IĞDIR,181.866,92.732,89.134,,,,,,,,,,,,,,,
IĞDIR,2000,IĞDIR,168.634,87.083,81.551,,,,,,,,,,,,,,,
ISPARTA,2025,ISPARTA,445.303,219.724,225.579,,,,,,,,,,,,,,,
ISPARTA,2024,ISPARTA,446.409,220.203,226.206,,,,,,,,,,,,,,,
ISPARTA,2023,ISPARTA,449.777,222.515,227.262,,,,,,,,,,,,,,,
ISPARTA,2022,ISPARTA,445.325,219.840,225.485,,,,,,,,,,,,,,,
ISPARTA,2021,ISPARTA,445.678,220.699,224.979,,,,,,,,,,,,,,,
ISPARTA,2020,ISPARTA,440.304,218.526,221.778,,,,,,,,,,,,,,,
ISPARTA,2019,ISPARTA,444.914,221.316,223.598,,,,,,,,,,,,,,,
ISPARTA,2018,ISPARTA,441.412,219.681,221.731,,,,,,,,,,,,,,,
ISPARTA,2017,ISPARTA,433.830,218.617,215.213,,,,,,,,,,,,,,,
ISPARTA,2016,ISPARTA,427.324,212.720,214.604,,,,,,,,,,,,,,,
ISPARTA,2015,ISPARTA,421.766,210.152,211.614,,,,,,,,,,,,,,,
ISPARTA,2014,ISPARTA,418.780,208.837,209.943,,,,,,,,,,,,,,,
ISPARTA,2013,ISPARTA,417.774,208.146,209.628,,,,,,,,,,,,,,,
ISPARTA,2012,ISPARTA,416.663,207.658,209.005,,,,,,,,,,,,,,,
ISPARTA,2011,ISPARTA,411.245,205.423,205.822,,,,,,,,,,,,,,,
ISPARTA,2010,ISPARTA,448.298,242.472,205.826,,,,,,,,,,,,,,,
ISPARTA,2009,ISPARTA,420.796,214.788,206.008,,,,,,,,,,,,,,,
ISPARTA,2008,ISPARTA,407.463,204.080,203.383,,,,,,,,,,,,,,,
ISPARTA,2007,ISPARTA,419.845,218.146,201.699,,,,,,,,,,,,,,,
ISPARTA,2000,ISPARTA,513.681,270.782,242.899,,,,,,,,,,,,,,,
ISPARTA,1990,ISPARTA,434.771,224.403,210.368,,,,,,,,,,,,,,,
ISPARTA,1985,ISPARTA,382.844,198.171,184.673,,,,,,,,,,,,,,,
ISPARTA,1980,ISPARTA,350.116,182.383,167.733,,,,,,,,,,,,,,,
ISPARTA,1975,ISPARTA,322.685,167.062,155.623,,,,,,,,,,,,,,,
ISPARTA,1970,ISPARTA,300.029,151.283,148.746,,,,,,,,,,,,,,,
ISPARTA,1965,ISPARTA,266.240,136.333,129.907,,,,,,,,,,,,,,,
ISPARTA,1960,ISPARTA,242.352,123.471,118.881,,,,,,,,,,,,,,,
ISPARTA,1955,ISPARTA,212.080,104.465,107.615,,,,,,,,,,,,,,,
ISPARTA,1950,ISPARTA,186.316,89.466,96.850,,,,,,,,,,,,,,,
ISPARTA,1945,ISPARTA,172.543,82.620,89.923,,,,,,,,,,,,,,,
ISPARTA,1940,ISPARTA,171.751,80.426,91.325,,,,,,,,,,,,,,,
ISPARTA,1935,ISPARTA,166.441,78.278,88.163,,,,,,,,,,,,,,,
ISPARTA,1927,ISPARTA,144.437,69.023,75.414,,,,,,,,,,,,,,,
İSTANBUL,2025,İSTANBUL,15.754.053,7.851.344,7.902.709,,,,,,,,,,,,,,,
İSTANBUL,2024,İSTANBUL,15.701.602,7.820.462,7.881.140,,,,,,,,,,,,,,,
İSTANBUL,2023,İSTANBUL,15.655.924,7.806.787,7.849.137,,,,,,,,,,,,,,,
İSTANBUL,2022,İSTANBUL,15.907.951,7.955.820,7.952.131,,,,,,,,,,,,,,,
İSTANBUL,2021,İSTANBUL,15.840.900,7.933.686,7.907.214,,,,,,,,,,,,,,,
İSTANBUL,2020,İSTANBUL,15.462.452,7.750.836,7.711.616,,,,,,,,,,,,,,,
İSTANBUL,2019,İSTANBUL,15.519.267,7.790.256,7.729.011,,,,,,,,,,,,,,,
İSTANBUL,2018,İSTANBUL,15.067.724,7.542.231,7.525.493,,,,,,,,,,,,,,,
İSTANBUL,2017,İSTANBUL,15.029.231,7.529.491,7.499.740,,,,,,,,,,,,,,,
İSTANBUL,2016,İSTANBUL,14.804.116,7.424.390,7.379.726,,,,,,,,,,,,,,,
İSTANBUL,2015,İSTANBUL,14.657.434,7.360.499,7.296.935,,,,,,,,,,,,,,,
İSTANBUL,2014,İSTANBUL,14.377.018,7.221.158,7.155.860,,,,,,,,,,,,,,,
İSTANBUL,2013,İSTANBUL,14.160.467,7.115.721,7.044.746,,,,,,,,,,,,,,,
İSTANBUL,2012,İSTANBUL,13.854.740,6.956.908,6.897.832,,,,,,,,,,,,,,,
İSTANBUL,2011,İSTANBUL,13.624.240,6.845.981,6.778.259,,,,,,,,,,,,,,,
İSTANBUL,2010,İSTANBUL,13.255.685,6.655.094,6.600.591,,,,,,,,,,,,,,,
İSTANBUL,2009,İSTANBUL,12.915.158,6.498.997,6.416.161,,,,,,,,,,,,,,,
İSTANBUL,2008,İSTANBUL,12.697.164,6.386.772,6.310.392,,,,,,,,,,,,,,,
İSTANBUL,2007,İSTANBUL,12.573.836,6.291.763,6.282.073,,,,,,,,,,,,,,,
İSTANBUL,2000,İSTANBUL,10.018.735,5.088.535,4.930.200,,,,,,,,,,,,,,,
İSTANBUL,1990,İSTANBUL,7.309.190,3.798.761,3.510.429,,,,,,,,,,,,,,,
İSTANBUL,1985,İSTANBUL,5.842.985,3.041.847,2.801.138,,,,,,,,,,,,,,,
İSTANBUL,1980,İSTANBUL,4.741.890,2.482.247,2.259.643,,,,,,,,,,,,,,,
İSTANBUL,1975,İSTANBUL,3.904.588,2.064.250,1.840.338,,,,,,,,,,,,,,,
İSTANBUL,1970,İSTANBUL,3.019.032,1.624.658,1.394.374,,,,,,,,,,,,,,,
İSTANBUL,1965,İSTANBUL,2.293.823,1.243.900,1.049.923,,,,,,,,,,,,,,,
İSTANBUL,1960,İSTANBUL,1.882.092,1.028.130,853.962,,,,,,,,,,,,,,,
İSTANBUL,1955,İSTANBUL,1.533.822,858.565,675.257,,,,,,,,,,,,,,,
İSTANBUL,1950,İSTANBUL,1.166.477,615.308,551.169,,,,,,,,,,,,,,,
İSTANBUL,1945,İSTANBUL,1.078.399,593.494,484.905,,,,,,,,,,,,,,,
İSTANBUL,1940,İSTANBUL,991.237,538.982,452.255,,,,,,,,,,,,,,,
İSTANBUL,1935,İSTANBUL,883.599,457.343,426.256,,,,,,,,,,,,,,,
İSTANBUL,1927,İSTANBUL,794.444,404.558,389.886,,,,,,,,,,,,,,,
İZMİR,2025,İZMİR,4.504.185,2.227.738,2.276.447,,,,,,,,,,,,,,,
İZMİR,2024,İZMİR,4.493.242,2.223.833,2.269.409,,,,,,,,,,,,,,,
İZMİR,2023,İZMİR,4.479.525,2.221.180,2.258.345,,,,,,,,,,,,,,,
İZMİR,2022,İZMİR,4.462.056,2.215.716,2.246.340,,,,,,,,,,,,,,,
İZMİR,2021,İZMİR,4.425.789,2.199.287,2.226.502,,,,,,,,,,,,,,,
İZMİR,2020,İZMİR,4.394.694,2.187.226,2.207.468,,,,,,,,,,,,,,,
İZMİR,2019,İZMİR,4.367.251,2.174.319,2.192.932,,,,,,,,,,,,,,,
İZMİR,2018,İZMİR,4.320.519,2.152.585,2.167.934,,,,,,,,,,,,,,,
İZMİR,2017,İZMİR,4.279.677,2.133.548,2.146.129,,,,,,,,,,,,,,,
İZMİR,2016,İZMİR,4.223.545,2.104.632,2.118.913,,,,,,,,,,,,,,,
İZMİR,2015,İZMİR,4.168.415,2.078.224,2.090.191,,,,,,,,,,,,,,,
İZMİR,2014,İZMİR,4.113.072,2.050.424,2.062.648,,,,,,,,,,,,,,,
İZMİR,2013,İZMİR,4.061.074,2.027.334,2.033.740,,,,,,,,,,,,,,,
İZMİR,2012,İZMİR,4.005.459,1.999.246,2.006.213,,,,,,,,,,,,,,,
İZMİR,2011,İZMİR,3.965.232,1.979.088,1.986.144,,,,,,,,,,,,,,,
İZMİR,2010,İZMİR,3.948.848,1.985.368,1.963.480,,,,,,,,,,,,,,,
İZMİR,2009,İZMİR,3.868.308,1.933.681,1.934.627,,,,,,,,,,,,,,,
İZMİR,2008,İZMİR,3.795.978,1.897.792,1.898.186,,,,,,,,,,,,,,,
İZMİR,2007,İZMİR,3.739.353,1.872.579,1.866.774,,,,,,,,,,,,,,,
İZMİR,2000,İZMİR,3.370.866,1.698.819,1.672.047,,,,,,,,,,,,,,,
İZMİR,1990,İZMİR,2.694.770,1.379.778,1.314.992,,,,,,,,,,,,,,,
İZMİR,1985,İZMİR,2.317.829,1.198.236,1.119.593,,,,,,,,,,,,,,,
İZMİR,1980,İZMİR,1.976.763,1.021.989,954.774,,,,,,,,,,,,,,,
İZMİR,1975,İZMİR,1.673.966,868.403,805.563,,,,,,,,,,,,,,,
İZMİR,1970,İZMİR,1.427.173,739.429,687.744,,,,,,,,,,,,,,,
İZMİR,1965,İZMİR,1.234.667,641.118,593.549,,,,,,,,,,,,,,,
İZMİR,1960,İZMİR,1.063.490,552.498,510.992,,,,,,,,,,,,,,,
İZMİR,1955,İZMİR,910.496,469.816,440.680,,,,,,,,,,,,,,,
İZMİR,1950,İZMİR,768.411,388.744,379.667,,,,,,,,,,,,,,,
İZMİR,1945,İZMİR,673.581,342.951,330.630,,,,,,,,,,,,,,,
İZMİR,1940,İZMİR,640.107,325.459,314.648,,,,,,,,,,,,,,,
İZMİR,1935,İZMİR,596.850,304.969,291.881,,,,,,,,,,,,,,,
İZMİR,1927,İZMİR,526.005,269.262,256.743,,,,,,,,,,,,,,,
KAHRAMANMARAŞ,2025,KAHRAMANMARAŞ,1.146.278,584.074,562.204,,,,,,,,,,,,,,,
KAHRAMANMARAŞ,2024,KAHRAMANMARAŞ,1.134.105,577.711,556.394,,,,,,,,,,,,,,,
KAHRAMANMARAŞ,2023,KAHRAMANMARAŞ,1.116.618,568.064,548.554,,,,,,,,,,,,,,,
KAHRAMANMARAŞ,2022,KAHRAMANMARAŞ,1.177.436,598.004,579.432,,,,,,,,,,,,,,,
KAHRAMANMARAŞ,2021,KAHRAMANMARAŞ,1.171.298,594.776,576.522,,,,,,,,,,,,,,,
KAHRAMANMARAŞ,2020,KAHRAMANMARAŞ,1.168.163,592.920,575.243,,,,,,,,,,,,,,,
KAHRAMANMARAŞ,2019,KAHRAMANMARAŞ,1.154.102,586.616,567.486,,,,,,,,,,,,,,,
KAHRAMANMARAŞ,2018,KAHRAMANMARAŞ,1.144.851,580.410,564.441,,,,,,,,,,,,,,,
KAHRAMANMARAŞ,2017,KAHRAMANMARAŞ,1.127.623,572.111,555.512,,,,,,,,,,,,,,,
KAHRAMANMARAŞ,2016,KAHRAMANMARAŞ,1.112.634,565.816,546.818,,,,,,,,,,,,,,,
KAHRAMANMARAŞ,2015,KAHRAMANMARAŞ,1.096.610,556.607,540.003,,,,,,,,,,,,,,,
KAHRAMANMARAŞ,2014,KAHRAMANMARAŞ,1.089.038,553.493,535.545,,,,,,,,,,,,,,,
KAHRAMANMARAŞ,2013,KAHRAMANMARAŞ,1.075.706,546.943,528.763,,,,,,,,,,,,,,,
KAHRAMANMARAŞ,2012,KAHRAMANMARAŞ,1.063.174,539.998,523.176,,,,,,,,,,,,,,,
KAHRAMANMARAŞ,2011,KAHRAMANMARAŞ,1.054.210,534.845,519.365,,,,,,,,,,,,,,,
KAHRAMANMARAŞ,2010,KAHRAMANMARAŞ,1.044.816,528.711,516.105,,,,,,,,,,,,,,,
KAHRAMANMARAŞ,2009,KAHRAMANMARAŞ,1.037.491,526.401,511.090,,,,,,,,,,,,,,,
KAHRAMANMARAŞ,2008,KAHRAMANMARAŞ,1.029.298,521.728,507.570,,,,,,,,,,,,,,,
KAHRAMANMARAŞ,2007,KAHRAMANMARAŞ,1.004.414,506.711,497.703,,,,,,,,,,,,,,,
KAHRAMANMARAŞ,2000,KAHRAMANMARAŞ,1.002.384,510.662,491.722,,,,,,,,,,,,,,,
KAHRAMANMARAŞ,1990,KAHRAMANMARAŞ,892.952,450.243,442.709,,,,,,,,,,,,,,,
KAHRAMANMARAŞ,1985,KAHRAMANMARAŞ,840.472,426.554,413.918,,,,,,,,,,,,,,,
KAHRAMANMARAŞ,1980,KAHRAMANMARAŞ,738.032,377.607,360.425,,,,,,,,,,,,,,,
KAHRAMANMARAŞ,1975,KAHRAMANMARAŞ,641.480,330.443,311.037,,,,,,,,,,,,,,,
KAHRAMANMARAŞ,1970,KAHRAMANMARAŞ,528.982,266.819,262.163,,,,,,,,,,,,,,,
KAHRAMANMARAŞ,1965,KAHRAMANMARAŞ,438.423,222.104,216.319,,,,,,,,,,,,,,,
KAHRAMANMARAŞ,1960,KAHRAMANMARAŞ,389.857,197.607,192.250,,,,,,,,,,,,,,,
KAHRAMANMARAŞ,1955,KAHRAMANMARAŞ,336.797,172.568,164.229,,,,,,,,,,,,,,,
KAHRAMANMARAŞ,1950,KAHRAMANMARAŞ,288.843,145.364,143.479,,,,,,,,,,,,,,,
KAHRAMANMARAŞ,1945,KAHRAMANMARAŞ,261.550,133.126,128.424,,,,,,,,,,,,,,,
KAHRAMANMARAŞ,1940,KAHRAMANMARAŞ,202.073,101.701,100.372,,,,,,,,,,,,,,,
KAHRAMANMARAŞ,1935,KAHRAMANMARAŞ,188.877,95.029,93.848,,,,,,,,,,,,,,,
KAHRAMANMARAŞ,1927,KAHRAMANMARAŞ,186.855,93.443,93.412,,,,,,,,,,,,,,,
KARABÜK,2025,KARABÜK,249.614,126.021,123.593,,,,,,,,,,,,,,,
KARABÜK,2024,KARABÜK,250.478,125.952,124.526,,,,,,,,,,,,,,,
KARABÜK,2023,KARABÜK,255.242,128.370,126.872,,,,,,,,,,,,,,,
KARABÜK,2022,KARABÜK,252.058,126.216,125.842,,,,,,,,,,,,,,,
KARABÜK,2021,KARABÜK,249.287,124.524,124.763,,,,,,,,,,,,,,,
KARABÜK,2020,KARABÜK,243.614,121.875,121.739,,,,,,,,,,,,,,,
KARABÜK,2019,KARABÜK,248.458,124.291,124.167,,,,,,,,,,,,,,,
KARABÜK,2018,KARABÜK,248.014,124.596,123.418,,,,,,,,,,,,,,,
KARABÜK,2017,KARABÜK,244.453,122.999,121.454,,,,,,,,,,,,,,,
KARABÜK,2016,KARABÜK,242.347,122.106,120.241,,,,,,,,,,,,,,,
KARABÜK,2015,KARABÜK,236.978,119.332,117.646,,,,,,,,,,,,,,,
KARABÜK,2014,KARABÜK,231.333,117.450,113.883,,,,,,,,,,,,,,,
KARABÜK,2013,KARABÜK,230.251,117.075,113.176,,,,,,,,,,,,,,,
KARABÜK,2012,KARABÜK,225.145,113.852,111.293,,,,,,,,,,,,,,,
KARABÜK,2011,KARABÜK,219.728,110.575,109.153,,,,,,,,,,,,,,,
KARABÜK,2010,KARABÜK,227.610,118.200,109.410,,,,,,,,,,,,,,,
KARABÜK,2009,KARABÜK,218.564,109.389,109.175,,,,,,,,,,,,,,,
KARABÜK,2008,KARABÜK,216.248,106.808,109.440,,,,,,,,,,,,,,,
KARABÜK,2007,KARABÜK,218.463,109.429,109.034,,,,,,,,,,,,,,,
KARABÜK,2000,KARABÜK,225.102,111.340,113.762,,,,,,,,,,,,,,,
KARAMAN,2025,KARAMAN,262.355,130.905,131.450,,,,,,,,,,,,,,,
KARAMAN,2024,KARAMAN,262.791,130.847,131.944,,,,,,,,,,,,,,,
KARAMAN,2023,KARAMAN,263.960,131.571,132.389,,,,,,,,,,,,,,,
KARAMAN,2022,KARAMAN,260.838,130.280,130.558,,,,,,,,,,,,,,,
KARAMAN,2021,KARAMAN,258.838,129.551,129.287,,,,,,,,,,,,,,,
KARAMAN,2020,KARAMAN,254.919,127.829,127.090,,,,,,,,,,,,,,,
KARAMAN,2019,KARAMAN,253.279,126.648,126.631,,,,,,,,,,,,,,,
KARAMAN,2018,KARAMAN,251.913,125.992,125.921,,,,,,,,,,,,,,,
KARAMAN,2017,KARAMAN,246.672,123.370,123.302,,,,,,,,,,,,,,,
KARAMAN,2016,KARAMAN,245.610,122.153,123.457,,,,,,,,,,,,,,,
KARAMAN,2015,KARAMAN,242.196,120.940,121.256,,,,,,,,,,,,,,,
KARAMAN,2014,KARAMAN,240.362,120.067,120.295,,,,,,,,,,,,,,,
KARAMAN,2013,KARAMAN,237.939,118.380,119.559,,,,,,,,,,,,,,,
KARAMAN,2012,KARAMAN,235.424,116.848,118.576,,,,,,,,,,,,,,,
KARAMAN,2011,KARAMAN,234.005,116.562,117.443,,,,,,,,,,,,,,,
KARAMAN,2010,KARAMAN,232.633,115.432,117.201,,,,,,,,,,,,,,,
KARAMAN,2009,KARAMAN,231.872,115.069,116.803,,,,,,,,,,,,,,,
KARAMAN,2008,KARAMAN,230.145,114.230,115.915,,,,,,,,,,,,,,,
KARAMAN,2007,KARAMAN,226.049,111.771,114.278,,,,,,,,,,,,,,,
KARAMAN,2000,KARAMAN,243.210,120.957,122.253,,,,,,,,,,,,,,,
KARAMAN,1990,KARAMAN,217.536,106.762,110.774,,,,,,,,,,,,,,,
KARS,2025,KARS,268.991,138.282,130.709,,,,,,,,,,,,,,,
KARS,2024,KARS,272.300,140.166,132.134,,,,,,,,,,,,,,,
KARS,2023,KARS,278.335,144.024,134.311,,,,,,,,,,,,,,,
KARS,2022,KARS,274.829,140.724,134.105,,,,,,,,,,,,,,,
KARS,2021,KARS,281.077,144.396,136.681,,,,,,,,,,,,,,,
KARS,2020,KARS,284.923,147.150,137.773,,,,,,,,,,,,,,,
KARS,2019,KARS,285.410,146.668,138.742,,,,,,,,,,,,,,,
KARS,2018,KARS,288.878,149.510,139.368,,,,,,,,,,,,,,,
KARS,2017,KARS,287.654,149.481,138.173,,,,,,,,,,,,,,,
KARS,2016,KARS,289.786,150.515,139.271,,,,,,,,,,,,,,,
KARS,2015,KARS,292.660,152.040,140.620,,,,,,,,,,,,,,,
KARS,2014,KARS,296.466,153.676,142.790,,,,,,,,,,,,,,,
KARS,2013,KARS,300.874,155.625,145.249,,,,,,,,,,,,,,,
KARS,2012,KARS,304.821,158.403,146.418,,,,,,,,,,,,,,,
KARS,2011,KARS,305.755,159.179,146.576,,,,,,,,,,,,,,,
KARS,2010,KARS,301.766,154.817,146.949,,,,,,,,,,,,,,,
KARS,2009,KARS,306.536,159.411,147.125,,,,,,,,,,,,,,,
KARS,2008,KARS,312.128,163.678,148.450,,,,,,,,,,,,,,,
KARS,2007,KARS,312.205,161.787,150.418,,,,,,,,,,,,,,,
KARS,2000,KARS,325.016,169.027,155.989,,,,,,,,,,,,,,,
KARS,1990,KARS,662.155,334.065,328.090,,,,,,,,,,,,,,,
KARS,1985,KARS,722.431,367.269,355.162,,,,,,,,,,,,,,,
KARS,1980,KARS,700.238,359.274,340.964,,,,,,,,,,,,,,,
KARS,1975,KARS,707.398,369.733,337.665,,,,,,,,,,,,,,,
KARS,1970,KARS,660.018,335.249,324.769,,,,,,,,,,,,,,,
KARS,1965,KARS,606.313,312.952,293.361,,,,,,,,,,,,,,,
KARS,1960,KARS,543.600,282.204,261.396,,,,,,,,,,,,,,,
KARS,1955,KARS,487.844,259.215,228.629,,,,,,,,,,,,,,,
KARS,1950,KARS,410.236,210.044,200.192,,,,,,,,,,,,,,,
KARS,1945,KARS,381.176,203.826,177.350,,,,,,,,,,,,,,,
KARS,1940,KARS,356.534,194.243,162.291,,,,,,,,,,,,,,,
KARS,1935,KARS,305.536,160.757,144.779,,,,,,,,,,,,,,,
KARS,1927,KARS,204.846,108.803,96.043,,,,,,,,,,,,,,,
KASTAMONU,2025,KASTAMONU,379.934,188.390,191.544,,,,,,,,,,,,,,,
KASTAMONU,2024,KASTAMONU,381.991,189.363,192.628,,,,,,,,,,,,,,,
KASTAMONU,2023,KASTAMONU,388.990,192.048,196.942,,,,,,,,,,,,,,,
KASTAMONU,2022,KASTAMONU,378.115,186.902,191.213,,,,,,,,,,,,,,,
KASTAMONU,2021,KASTAMONU,375.592,186.116,189.476,,,,,,,,,,,,,,,
KASTAMONU,2020,KASTAMONU,376.377,187.264,189.113,,,,,,,,,,,,,,,
KASTAMONU,2019,KASTAMONU,379.405,189.247,190.158,,,,,,,,,,,,,,,
KASTAMONU,2018,KASTAMONU,383.373,191.431,191.942,,,,,,,,,,,,,,,
KASTAMONU,2017,KASTAMONU,372.373,184.289,188.084,,,,,,,,,,,,,,,
KASTAMONU,2016,KASTAMONU,376.945,188.039,188.906,,,,,,,,,,,,,,,
KASTAMONU,2015,KASTAMONU,372.633,184.585,188.048,,,,,,,,,,,,,,,
KASTAMONU,2014,KASTAMONU,368.907,183.564,185.343,,,,,,,,,,,,,,,
KASTAMONU,2013,KASTAMONU,368.093,183.188,184.905,,,,,,,,,,,,,,,
KASTAMONU,2012,KASTAMONU,359.808,177.647,182.161,,,,,,,,,,,,,,,
KASTAMONU,2011,KASTAMONU,359.759,177.666,182.093,,,,,,,,,,,,,,,
KASTAMONU,2010,KASTAMONU,361.222,178.875,182.347,,,,,,,,,,,,,,,
KASTAMONU,2009,KASTAMONU,359.823,177.152,182.671,,,,,,,,,,,,,,,
KASTAMONU,2008,KASTAMONU,360.424,176.832,183.592,,,,,,,,,,,,,,,
KASTAMONU,2007,KASTAMONU,360.366,176.954,183.412,,,,,,,,,,,,,,,
KASTAMONU,2000,KASTAMONU,375.476,181.511,193.965,,,,,,,,,,,,,,,
KASTAMONU,1990,KASTAMONU,423.611,202.583,221.028,,,,,,,,,,,,,,,
KASTAMONU,1985,KASTAMONU,450.353,216.132,234.221,,,,,,,,,,,,,,,
KASTAMONU,1980,KASTAMONU,450.946,216.207,234.739,,,,,,,,,,,,,,,
KASTAMONU,1975,KASTAMONU,438.243,214.148,224.095,,,,,,,,,,,,,,,
KASTAMONU,1970,KASTAMONU,446.601,214.490,232.111,,,,,,,,,,,,,,,
KASTAMONU,1965,KASTAMONU,441.638,209.389,232.249,,,,,,,,,,,,,,,
KASTAMONU,1960,KASTAMONU,433.620,205.756,227.864,,,,,,,,,,,,,,,
KASTAMONU,1955,KASTAMONU,393.739,184.303,209.436,,,,,,,,,,,,,,,
KASTAMONU,1950,KASTAMONU,412.016,192.548,219.468,,,,,,,,,,,,,,,
KASTAMONU,1945,KASTAMONU,385.410,177.797,207.613,,,,,,,,,,,,,,,
KASTAMONU,1940,KASTAMONU,369.847,164.223,205.624,,,,,,,,,,,,,,,
KASTAMONU,1935,KASTAMONU,361.191,163.162,198.029,,,,,,,,,,,,,,,
KASTAMONU,1927,KASTAMONU,336.501,148.579,187.922,,,,,,,,,,,,,,,
KAYSERİ,2025,KAYSERİ,1.458.991,728.836,730.155,,,,,,,,,,,,,,,
KAYSERİ,2024,KAYSERİ,1.452.458,725.633,726.825,,,,,,,,,,,,,,,
KAYSERİ,2023,KAYSERİ,1.445.683,722.569,723.114,,,,,,,,,,,,,,,
KAYSERİ,2022,KAYSERİ,1.441.523,721.809,719.714,,,,,,,,,,,,,,,
KAYSERİ,2021,KAYSERİ,1.434.357,719.061,715.296,,,,,,,,,,,,,,,
KAYSERİ,2020,KAYSERİ,1.421.455,712.710,708.745,,,,,,,,,,,,,,,
KAYSERİ,2019,KAYSERİ,1.407.409,705.545,701.864,,,,,,,,,,,,,,,
KAYSERİ,2018,KAYSERİ,1.389.680,696.658,693.022,,,,,,,,,,,,,,,
KAYSERİ,2017,KAYSERİ,1.376.722,689.595,687.127,,,,,,,,,,,,,,,
KAYSERİ,2016,KAYSERİ,1.358.980,681.269,677.711,,,,,,,,,,,,,,,
KAYSERİ,2015,KAYSERİ,1.341.056,672.828,668.228,,,,,,,,,,,,,,,
KAYSERİ,2014,KAYSERİ,1.322.376,663.249,659.127,,,,,,,,,,,,,,,
KAYSERİ,2013,KAYSERİ,1.295.355,649.851,645.504,,,,,,,,,,,,,,,
KAYSERİ,2012,KAYSERİ,1.274.968,640.095,634.873,,,,,,,,,,,,,,,
KAYSERİ,2011,KAYSERİ,1.255.349,631.165,624.184,,,,,,,,,,,,,,,
KAYSERİ,2010,KAYSERİ,1.234.651,621.667,612.984,,,,,,,,,,,,,,,
KAYSERİ,2009,KAYSERİ,1.205.872,607.022,598.850,,,,,,,,,,,,,,,
KAYSERİ,2008,KAYSERİ,1.184.386,595.275,589.111,,,,,,,,,,,,,,,
KAYSERİ,2007,KAYSERİ,1.165.088,584.656,580.432,,,,,,,,,,,,,,,
KAYSERİ,2000,KAYSERİ,1.060.432,529.584,530.848,,,,,,,,,,,,,,,
KAYSERİ,1990,KAYSERİ,943.484,471.874,471.610,,,,,,,,,,,,,,,
KAYSERİ,1985,KAYSERİ,864.060,430.545,433.515,,,,,,,,,,,,,,,
KAYSERİ,1980,KAYSERİ,778.383,389.220,389.163,,,,,,,,,,,,,,,
KAYSERİ,1975,KAYSERİ,676.809,342.613,334.196,,,,,,,,,,,,,,,
KAYSERİ,1970,KAYSERİ,598.693,293.904,304.789,,,,,,,,,,,,,,,
KAYSERİ,1965,KAYSERİ,536.206,266.972,269.234,,,,,,,,,,,,,,,
KAYSERİ,1960,KAYSERİ,480.387,241.655,238.732,,,,,,,,,,,,,,,
KAYSERİ,1955,KAYSERİ,422.010,210.707,211.303,,,,,,,,,,,,,,,
KAYSERİ,1950,KAYSERİ,403.861,199.196,204.665,,,,,,,,,,,,,,,
KAYSERİ,1945,KAYSERİ,370.089,183.775,186.314,,,,,,,,,,,,,,,
KAYSERİ,1940,KAYSERİ,342.969,167.373,175.596,,,,,,,,,,,,,,,
KAYSERİ,1935,KAYSERİ,310.458,149.737,160.721,,,,,,,,,,,,,,,
KAYSERİ,1927,KAYSERİ,251.370,118.488,132.882,,,,,,,,,,,,,,,
KIRIKKALE,2025,KIRIKKALE,282.830,142.104,140.726,,,,,,,,,,,,,,,
KIRIKKALE,2024,KIRIKKALE,283.053,141.941,141.112,,,,,,,,,,,,,,,
KIRIKKALE,2023,KIRIKKALE,285.744,142.651,143.093,,,,,,,,,,,,,,,
KIRIKKALE,2022,KIRIKKALE,277.046,138.638,138.408,,,,,,,,,,,,,,,
KIRIKKALE,2021,KIRIKKALE,275.968,137.654,138.314,,,,,,,,,,,,,,,
KIRIKKALE,2020,KIRIKKALE,278.703,139.281,139.422,,,,,,,,,,,,,,,
KIRIKKALE,2019,KIRIKKALE,283.017,141.865,141.152,,,,,,,,,,,,,,,
KIRIKKALE,2018,KIRIKKALE,286.602,143.305,143.297,,,,,,,,,,,,,,,
KIRIKKALE,2017,KIRIKKALE,278.749,139.602,139.147,,,,,,,,,,,,,,,
KIRIKKALE,2016,KIRIKKALE,277.984,140.085,137.899,,,,,,,,,,,,,,,
KIRIKKALE,2015,KIRIKKALE,270.271,135.024,135.247,,,,,,,,,,,,,,,
KIRIKKALE,2014,KIRIKKALE,271.092,135.797,135.295,,,,,,,,,,,,,,,
KIRIKKALE,2013,KIRIKKALE,274.658,137.639,137.019,,,,,,,,,,,,,,,
KIRIKKALE,2012,KIRIKKALE,274.727,137.324,137.403,,,,,,,,,,,,,,,
KIRIKKALE,2011,KIRIKKALE,274.992,137.666,137.326,,,,,,,,,,,,,,,
KIRIKKALE,2010,KIRIKKALE,276.647,137.792,138.855,,,,,,,,,,,,,,,
KIRIKKALE,2009,KIRIKKALE,280.834,140.172,140.662,,,,,,,,,,,,,,,
KIRIKKALE,2008,KIRIKKALE,279.325,139.909,139.416,,,,,,,,,,,,,,,
KIRIKKALE,2007,KIRIKKALE,280.234,139.923,140.311,,,,,,,,,,,,,,,
KIRIKKALE,2000,KIRIKKALE,383.508,196.430,187.078,,,,,,,,,,,,,,,
KIRIKKALE,1990,KIRIKKALE,349.396,177.789,171.607,,,,,,,,,,,,,,,
KIRKLARELİ,2025,KIRKLARELİ,379.595,191.878,187.717,,,,,,,,,,,,,,,
KIRKLARELİ,2024,KIRKLARELİ,379.031,192.109,186.922,,,,,,,,,,,,,,,
KIRKLARELİ,2023,KIRKLARELİ,377.156,190.769,186.387,,,,,,,,,,,,,,,
KIRKLARELİ,2022,KIRKLARELİ,369.347,187.041,182.306,,,,,,,,,,,,,,,
KIRKLARELİ,2021,KIRKLARELİ,366.363,186.444,179.919,,,,,,,,,,,,,,,
KIRKLARELİ,2020,KIRKLARELİ,361.737,184.250,177.487,,,,,,,,,,,,,,,
KIRKLARELİ,2019,KIRKLARELİ,361.836,185.070,176.766,,,,,,,,,,,,,,,
KIRKLARELİ,2018,KIRKLARELİ,360.860,185.181,175.679,,,,,,,,,,,,,,,
KIRKLARELİ,2017,KIRKLARELİ,356.050,181.945,174.105,,,,,,,,,,,,,,,
KIRKLARELİ,2016,KIRKLARELİ,351.684,179.122,172.562,,,,,,,,,,,,,,,
KIRKLARELİ,2015,KIRKLARELİ,346.973,177.352,169.621,,,,,,,,,,,,,,,
KIRKLARELİ,2014,KIRKLARELİ,343.723,176.053,167.670,,,,,,,,,,,,,,,
KIRKLARELİ,2013,KIRKLARELİ,340.559,173.916,166.643,,,,,,,,,,,,,,,
KIRKLARELİ,2012,KIRKLARELİ,341.218,175.515,165.703,,,,,,,,,,,,,,,
KIRKLARELİ,2011,KIRKLARELİ,340.199,175.678,164.521,,,,,,,,,,,,,,,
KIRKLARELİ,2010,KIRKLARELİ,332.791,168.709,164.082,,,,,,,,,,,,,,,
KIRKLARELİ,2009,KIRKLARELİ,333.179,170.136,163.043,,,,,,,,,,,,,,,
KIRKLARELİ,2008,KIRKLARELİ,336.942,174.083,162.859,,,,,,,,,,,,,,,
KIRKLARELİ,2007,KIRKLARELİ,333.256,171.204,162.052,,,,,,,,,,,,,,,
KIRKLARELİ,2000,KIRKLARELİ,328.461,172.188,156.273,,,,,,,,,,,,,,,
KIRKLARELİ,1990,KIRKLARELİ,309.512,166.073,143.439,,,,,,,,,,,,,,,
KIRKLARELİ,1985,KIRKLARELİ,297.098,161.561,135.537,,,,,,,,,,,,,,,
KIRKLARELİ,1980,KIRKLARELİ,283.408,153.245,130.163,,,,,,,,,,,,,,,
KIRKLARELİ,1975,KIRKLARELİ,268.399,149.178,119.221,,,,,,,,,,,,,,,
KIRKLARELİ,1970,KIRKLARELİ,257.131,136.509,120.622,,,,,,,,,,,,,,,
KIRKLARELİ,1965,KIRKLARELİ,258.386,137.823,120.563,,,,,,,,,,,,,,,
KIRKLARELİ,1960,KIRKLARELİ,241.146,126.244,114.902,,,,,,,,,,,,,,,
KIRKLARELİ,1955,KIRKLARELİ,222.856,116.831,106.025,,,,,,,,,,,,,,,
KIRKLARELİ,1950,KIRKLARELİ,191.376,97.724,93.652,,,,,,,,,,,,,,,
KIRKLARELİ,1945,KIRKLARELİ,178.203,91.099,87.104,,,,,,,,,,,,,,,
KIRKLARELİ,1940,KIRKLARELİ,256.353,170.248,86.105,,,,,,,,,,,,,,,
KIRKLARELİ,1935,KIRKLARELİ,172.697,95.498,77.199,,,,,,,,,,,,,,,
KIRKLARELİ,1927,KIRKLARELİ,108.989,54.860,54.129,,,,,,,,,,,,,,,
KIRŞEHİR,2025,KIRŞEHİR,242.777,120.876,121.901,,,,,,,,,,,,,,,
KIRŞEHİR,2024,KIRŞEHİR,244.546,121.457,123.089,,,,,,,,,,,,,,,
KIRŞEHİR,2023,KIRŞEHİR,247.179,122.754,124.425,,,,,,,,,,,,,,,
KIRŞEHİR,2022,KIRŞEHİR,244.519,120.932,123.587,,,,,,,,,,,,,,,
KIRŞEHİR,2021,KIRŞEHİR,242.944,120.301,122.643,,,,,,,,,,,,,,,
KIRŞEHİR,2020,KIRŞEHİR,243.042,119.725,123.317,,,,,,,,,,,,,,,
KIRŞEHİR,2019,KIRŞEHİR,242.938,120.557,122.381,,,,,,,,,,,,,,,
KIRŞEHİR,2018,KIRŞEHİR,241.868,120.278,121.590,,,,,,,,,,,,,,,
KIRŞEHİR,2017,KIRŞEHİR,234.529,116.969,117.560,,,,,,,,,,,,,,,
KIRŞEHİR,2016,KIRŞEHİR,229.975,114.815,115.160,,,,,,,,,,,,,,,
KIRŞEHİR,2015,KIRŞEHİR,225.562,112.121,113.441,,,,,,,,,,,,,,,
KIRŞEHİR,2014,KIRŞEHİR,222.707,110.948,111.759,,,,,,,,,,,,,,,
KIRŞEHİR,2013,KIRŞEHİR,223.498,111.435,112.063,,,,,,,,,,,,,,,
KIRŞEHİR,2012,KIRŞEHİR,221.209,110.008,111.201,,,,,,,,,,,,,,,
KIRŞEHİR,2011,KIRŞEHİR,221.015,109.796,111.219,,,,,,,,,,,,,,,
KIRŞEHİR,2010,KIRŞEHİR,221.876,110.020,111.856,,,,,,,,,,,,,,,
KIRŞEHİR,2009,KIRŞEHİR,223.102,110.423,112.679,,,,,,,,,,,,,,,
KIRŞEHİR,2008,KIRŞEHİR,222.735,110.338,112.397,,,,,,,,,,,,,,,
KIRŞEHİR,2007,KIRŞEHİR,223.170,110.301,112.869,,,,,,,,,,,,,,,
KIRŞEHİR,2000,KIRŞEHİR,253.239,124.739,128.500,,,,,,,,,,,,,,,
KIRŞEHİR,1990,KIRŞEHİR,256.862,124.639,132.223,,,,,,,,,,,,,,,
KIRŞEHİR,1985,KIRŞEHİR,260.156,125.704,134.452,,,,,,,,,,,,,,,
KIRŞEHİR,1980,KIRŞEHİR,240.497,114.963,125.534,,,,,,,,,,,,,,,
KIRŞEHİR,1975,KIRŞEHİR,232.853,113.990,118.863,,,,,,,,,,,,,,,
KIRŞEHİR,1970,KIRŞEHİR,214.932,103.170,111.762,,,,,,,,,,,,,,,
KIRŞEHİR,1965,KIRŞEHİR,196.836,95.762,101.074,,,,,,,,,,,,,,,
KIRŞEHİR,1960,KIRŞEHİR,175.749,86.123,89.626,,,,,,,,,,,,,,,
KIRŞEHİR,1955,KIRŞEHİR,0,0,0,,,,,,,,,,,,,,,
KIRŞEHİR,1950,KIRŞEHİR,181.899,90.891,91.008,,,,,,,,,,,,,,,
KIRŞEHİR,1945,KIRŞEHİR,157.565,75.653,81.912,,,,,,,,,,,,,,,
KIRŞEHİR,1940,KIRŞEHİR,149.518,69.890,79.628,,,,,,,,,,,,,,,
KIRŞEHİR,1935,KIRŞEHİR,145.932,68.405,77.527,,,,,,,,,,,,,,,
KIRŞEHİR,1927,KIRŞEHİR,126.901,57.714,69.187,,,,,,,,,,,,,,,
KİLİS,2025,KİLİS,157.363,79.727,77.636,,,,,,,,,,,,,,,
KİLİS,2024,KİLİS,156.739,79.156,77.583,,,,,,,,,,,,,,,
KİLİS,2023,KİLİS,155.179,78.198,76.981,,,,,,,,,,,,,,,
KİLİS,2022,KİLİS,147.919,74.504,73.415,,,,,,,,,,,,,,,
KİLİS,2021,KİLİS,145.826,73.803,72.023,,,,,,,,,,,,,,,
KİLİS,2020,KİLİS,142.792,72.652,70.140,,,,,,,,,,,,,,,
KİLİS,2019,KİLİS,142.490,72.520,69.970,,,,,,,,,,,,,,,
KİLİS,2018,KİLİS,142.541,72.841,69.700,,,,,,,,,,,,,,,
KİLİS,2017,KİLİS,136.319,69.352,66.967,,,,,,,,,,,,,,,
KİLİS,2016,KİLİS,130.825,65.824,65.001,,,,,,,,,,,,,,,
KİLİS,2015,KİLİS,130.655,65.407,65.248,,,,,,,,,,,,,,,
KİLİS,2014,KİLİS,128.781,64.642,64.139,,,,,,,,,,,,,,,
KİLİS,2013,KİLİS,128.586,64.346,64.240,,,,,,,,,,,,,,,
KİLİS,2012,KİLİS,124.320,62.293,62.027,,,,,,,,,,,,,,,
KİLİS,2011,KİLİS,124.452,62.107,62.345,,,,,,,,,,,,,,,
KİLİS,2010,KİLİS,123.135,60.846,62.289,,,,,,,,,,,,,,,
KİLİS,2009,KİLİS,122.104,60.538,61.566,,,,,,,,,,,,,,,
KİLİS,2008,KİLİS,120.991,59.787,61.204,,,,,,,,,,,,,,,
KİLİS,2007,KİLİS,118.457,58.489,59.968,,,,,,,,,,,,,,,
KİLİS,2000,KİLİS,114.724,57.081,57.643,,,,,,,,,,,,,,,
KOCAELİ,2025,KOCAELİ,2.161.171,1.088.753,1.072.418,,,,,,,,,,,,,,,
KOCAELİ,2024,KOCAELİ,2.130.006,1.072.955,1.057.051,,,,,,,,,,,,,,,
KOCAELİ,2023,KOCAELİ,2.102.907,1.061.291,1.041.616,,,,,,,,,,,,,,,
KOCAELİ,2022,KOCAELİ,2.079.072,1.050.743,1.028.329,,,,,,,,,,,,,,,
KOCAELİ,2021,KOCAELİ,2.033.441,1.027.775,1.005.666,,,,,,,,,,,,,,,
KOCAELİ,2020,KOCAELİ,1.997.258,1.009.533,987.725,,,,,,,,,,,,,,,
KOCAELİ,2019,KOCAELİ,1.953.035,988.098,964.937,,,,,,,,,,,,,,,
KOCAELİ,2018,KOCAELİ,1.906.391,963.326,943.065,,,,,,,,,,,,,,,
KOCAELİ,2017,KOCAELİ,1.883.270,953.145,930.125,,,,,,,,,,,,,,,
KOCAELİ,2016,KOCAELİ,1.830.772,927.157,903.615,,,,,,,,,,,,,,,
KOCAELİ,2015,KOCAELİ,1.780.055,901.860,878.195,,,,,,,,,,,,,,,
KOCAELİ,2014,KOCAELİ,1.722.795,872.403,850.392,,,,,,,,,,,,,,,
KOCAELİ,2013,KOCAELİ,1.676.202,849.465,826.737,,,,,,,,,,,,,,,
KOCAELİ,2012,KOCAELİ,1.634.691,828.071,806.620,,,,,,,,,,,,,,,
KOCAELİ,2011,KOCAELİ,1.601.720,812.302,789.418,,,,,,,,,,,,,,,
KOCAELİ,2010,KOCAELİ,1.560.138,788.267,771.871,,,,,,,,,,,,,,,
KOCAELİ,2009,KOCAELİ,1.522.408,771.502,750.906,,,,,,,,,,,,,,,
KOCAELİ,2008,KOCAELİ,1.490.358,756.092,734.266,,,,,,,,,,,,,,,
KOCAELİ,2007,KOCAELİ,1.437.926,728.590,709.336,,,,,,,,,,,,,,,
KOCAELİ,2000,KOCAELİ,1.206.085,625.309,580.776,,,,,,,,,,,,,,,
KOCAELİ,1990,KOCAELİ,936.163,486.436,449.727,,,,,,,,,,,,,,,
KOCAELİ,1985,KOCAELİ,742.245,383.691,358.554,,,,,,,,,,,,,,,
KOCAELİ,1980,KOCAELİ,596.899,311.837,285.062,,,,,,,,,,,,,,,
KOCAELİ,1975,KOCAELİ,477.736,254.643,223.093,,,,,,,,,,,,,,,
KOCAELİ,1970,KOCAELİ,385.408,204.040,181.368,,,,,,,,,,,,,,,
KOCAELİ,1965,KOCAELİ,335.518,177.915,157.603,,,,,,,,,,,,,,,
KOCAELİ,1960,KOCAELİ,297.463,159.813,137.650,,,,,,,,,,,,,,,
KOCAELİ,1955,KOCAELİ,253.174,136.816,116.358,,,,,,,,,,,,,,,
KOCAELİ,1950,KOCAELİ,474.644,244.824,229.820,,,,,,,,,,,,,,,
KOCAELİ,1945,KOCAELİ,416.058,216.318,199.740,,,,,,,,,,,,,,,
KOCAELİ,1940,KOCAELİ,375.530,191.901,183.629,,,,,,,,,,,,,,,
KOCAELİ,1935,KOCAELİ,335.292,168.655,166.637,,,,,,,,,,,,,,,
KOCAELİ,1927,KOCAELİ,286.600,141.366,145.234,,,,,,,,,,,,,,,
KONYA,2025,KONYA,2.343.409,1.163.850,1.179.559,,,,,,,,,,,,,,,
KONYA,2024,KONYA,2.330.024,1.157.080,1.172.944,,,,,,,,,,,,,,,
KONYA,2023,KONYA,2.320.241,1.152.384,1.167.857,,,,,,,,,,,,,,,
KONYA,2022,KONYA,2.296.347,1.141.206,1.155.141,,,,,,,,,,,,,,,
KONYA,2021,KONYA,2.277.017,1.131.923,1.145.094,,,,,,,,,,,,,,,
KONYA,2020,KONYA,2.250.020,1.118.850,1.131.170,,,,,,,,,,,,,,,
KONYA,2019,KONYA,2.232.374,1.108.968,1.123.406,,,,,,,,,,,,,,,
KONYA,2018,KONYA,2.205.609,1.094.441,1.111.168,,,,,,,,,,,,,,,
KONYA,2017,KONYA,2.180.149,1.081.718,1.098.431,,,,,,,,,,,,,,,
KONYA,2016,KONYA,2.161.303,1.073.631,1.087.672,,,,,,,,,,,,,,,
KONYA,2015,KONYA,2.130.544,1.056.540,1.074.004,,,,,,,,,,,,,,,
KONYA,2014,KONYA,2.108.808,1.046.182,1.062.626,,,,,,,,,,,,,,,
KONYA,2013,KONYA,2.079.225,1.031.563,1.047.662,,,,,,,,,,,,,,,
KONYA,2012,KONYA,2.052.281,1.014.292,1.037.989,,,,,,,,,,,,,,,
KONYA,2011,KONYA,2.038.555,1.009.855,1.028.700,,,,,,,,,,,,,,,
KONYA,2010,KONYA,2.013.845,996.157,1.017.688,,,,,,,,,,,,,,,
KONYA,2009,KONYA,1.992.675,985.438,1.007.237,,,,,,,,,,,,,,,
KONYA,2008,KONYA,1.969.868,974.700,995.168,,,,,,,,,,,,,,,
KONYA,2007,KONYA,1.959.082,968.666,990.416,,,,,,,,,,,,,,,
KONYA,2000,KONYA,2.192.166,1.105.020,1.087.146,,,,,,,,,,,,,,,
KONYA,1990,KONYA,1.750.303,873.886,876.417,,,,,,,,,,,,,,,
KONYA,1985,KONYA,1.769.050,878.563,890.487,,,,,,,,,,,,,,,
KONYA,1980,KONYA,1.562.139,776.502,785.637,,,,,,,,,,,,,,,
KONYA,1975,KONYA,1.422.461,714.286,708.175,,,,,,,,,,,,,,,
KONYA,1970,KONYA,1.280.239,632.610,647.629,,,,,,,,,,,,,,,
KONYA,1965,KONYA,1.122.622,560.069,562.553,,,,,,,,,,,,,,,
KONYA,1960,KONYA,982.422,491.102,491.320,,,,,,,,,,,,,,,
KONYA,1955,KONYA,847.723,421.040,426.683,,,,,,,,,,,,,,,
KONYA,1950,KONYA,741.026,364.553,376.473,,,,,,,,,,,,,,,
KONYA,1945,KONYA,661.877,325.452,336.425,,,,,,,,,,,,,,,
KONYA,1940,KONYA,620.936,300.253,320.683,,,,,,,,,,,,,,,
KONYA,1935,KONYA,569.684,272.133,297.551,,,,,,,,,,,,,,,
KONYA,1927,KONYA,504.384,238.350,266.034,,,,,,,,,,,,,,,
KÜTAHYA,2025,KÜTAHYA,570.478,281.375,289.103,,,,,,,,,,,,,,,
KÜTAHYA,2024,KÜTAHYA,571.078,281.480,289.598,,,,,,,,,,,,,,,
KÜTAHYA,2023,KÜTAHYA,575.674,284.542,291.132,,,,,,,,,,,,,,,
KÜTAHYA,2022,KÜTAHYA,580.701,286.833,293.868,,,,,,,,,,,,,,,
KÜTAHYA,2021,KÜTAHYA,578.640,284.739,293.901,,,,,,,,,,,,,,,
KÜTAHYA,2020,KÜTAHYA,576.688,284.575,292.113,,,,,,,,,,,,,,,
KÜTAHYA,2019,KÜTAHYA,579.257,285.020,294.237,,,,,,,,,,,,,,,
KÜTAHYA,2018,KÜTAHYA,577.941,284.675,293.266,,,,,,,,,,,,,,,
KÜTAHYA,2017,KÜTAHYA,572.256,282.661,289.595,,,,,,,,,,,,,,,
KÜTAHYA,2016,KÜTAHYA,573.642,283.955,289.687,,,,,,,,,,,,,,,
KÜTAHYA,2015,KÜTAHYA,571.463,282.816,288.647,,,,,,,,,,,,,,,
KÜTAHYA,2014,KÜTAHYA,571.554,282.810,288.744,,,,,,,,,,,,,,,
KÜTAHYA,2013,KÜTAHYA,572.059,283.574,288.485,,,,,,,,,,,,,,,
KÜTAHYA,2012,KÜTAHYA,573.421,284.909,288.512,,,,,,,,,,,,,,,
KÜTAHYA,2011,KÜTAHYA,564.264,279.162,285.102,,,,,,,,,,,,,,,
KÜTAHYA,2010,KÜTAHYA,590.496,305.634,284.862,,,,,,,,,,,,,,,
KÜTAHYA,2009,KÜTAHYA,571.804,285.911,285.893,,,,,,,,,,,,,,,
KÜTAHYA,2008,KÜTAHYA,565.884,280.370,285.514,,,,,,,,,,,,,,,
KÜTAHYA,2007,KÜTAHYA,583.910,296.167,287.743,,,,,,,,,,,,,,,
KÜTAHYA,2000,KÜTAHYA,656.903,332.259,324.644,,,,,,,,,,,,,,,
KÜTAHYA,1990,KÜTAHYA,578.020,289.866,288.154,,,,,,,,,,,,,,,
KÜTAHYA,1985,KÜTAHYA,543.384,273.694,269.690,,,,,,,,,,,,,,,
KÜTAHYA,1980,KÜTAHYA,497.089,251.251,245.838,,,,,,,,,,,,,,,
KÜTAHYA,1975,KÜTAHYA,470.423,242.340,228.083,,,,,,,,,,,,,,,
KÜTAHYA,1970,KÜTAHYA,439.967,224.041,215.926,,,,,,,,,,,,,,,
KÜTAHYA,1965,KÜTAHYA,398.081,200.954,197.127,,,,,,,,,,,,,,,
KÜTAHYA,1960,KÜTAHYA,367.753,186.299,181.454,,,,,,,,,,,,,,,
KÜTAHYA,1955,KÜTAHYA,330.978,166.682,164.296,,,,,,,,,,,,,,,
KÜTAHYA,1950,KÜTAHYA,422.815,208.492,214.323,,,,,,,,,,,,,,,
KÜTAHYA,1945,KÜTAHYA,384.625,185.525,199.100,,,,,,,,,,,,,,,
KÜTAHYA,1940,KÜTAHYA,359.890,168.140,191.750,,,,,,,,,,,,,,,
KÜTAHYA,1935,KÜTAHYA,347.682,165.072,182.610,,,,,,,,,,,,,,,
KÜTAHYA,1927,KÜTAHYA,302.426,139.241,163.185,,,,,,,,,,,,,,,
MALATYA,2025,MALATYA,755.854,378.686,377.168,,,,,,,,,,,,,,,
MALATYA,2024,MALATYA,750.491,376.487,374.004,,,,,,,,,,,,,,,
MALATYA,2023,MALATYA,742.725,373.688,369.037,,,,,,,,,,,,,,,
MALATYA,2022,MALATYA,812.580,405.398,407.182,,,,,,,,,,,,,,,
MALATYA,2021,MALATYA,808.692,403.607,405.085,,,,,,,,,,,,,,,
MALATYA,2020,MALATYA,806.156,401.610,404.546,,,,,,,,,,,,,,,
MALATYA,2019,MALATYA,800.165,398.249,401.916,,,,,,,,,,,,,,,
MALATYA,2018,MALATYA,797.036,396.877,400.159,,,,,,,,,,,,,,,
MALATYA,2017,MALATYA,786.676,391.869,394.807,,,,,,,,,,,,,,,
MALATYA,2016,MALATYA,781.305,389.572,391.733,,,,,,,,,,,,,,,
MALATYA,2015,MALATYA,772.904,385.440,387.464,,,,,,,,,,,,,,,
MALATYA,2014,MALATYA,769.544,383.933,385.611,,,,,,,,,,,,,,,
MALATYA,2013,MALATYA,762.538,380.704,381.834,,,,,,,,,,,,,,,
MALATYA,2012,MALATYA,762.366,381.025,381.341,,,,,,,,,,,,,,,
MALATYA,2011,MALATYA,757.930,379.563,378.367,,,,,,,,,,,,,,,
MALATYA,2010,MALATYA,740.643,369.049,371.594,,,,,,,,,,,,,,,
MALATYA,2009,MALATYA,736.884,368.235,368.649,,,,,,,,,,,,,,,
MALATYA,2008,MALATYA,733.789,366.759,367.030,,,,,,,,,,,,,,,
MALATYA,2007,MALATYA,722.065,357.998,364.067,,,,,,,,,,,,,,,
MALATYA,2000,MALATYA,853.658,434.497,419.161,,,,,,,,,,,,,,,
MALATYA,1990,MALATYA,702.055,354.141,347.914,,,,,,,,,,,,,,,
MALATYA,1985,MALATYA,665.809,338.191,327.618,,,,,,,,,,,,,,,
MALATYA,1980,MALATYA,606.996,308.860,298.136,,,,,,,,,,,,,,,
MALATYA,1975,MALATYA,574.558,294.992,279.566,,,,,,,,,,,,,,,
MALATYA,1970,MALATYA,510.979,256.777,254.202,,,,,,,,,,,,,,,
MALATYA,1965,MALATYA,452.624,230.274,222.350,,,,,,,,,,,,,,,
MALATYA,1960,MALATYA,394.172,198.990,195.182,,,,,,,,,,,,,,,
MALATYA,1955,MALATYA,342.835,174.198,168.637,,,,,,,,,,,,,,,
MALATYA,1950,MALATYA,483.568,243.578,239.990,,,,,,,,,,,,,,,
MALATYA,1945,MALATYA,428.660,214.822,213.838,,,,,,,,,,,,,,,
MALATYA,1940,MALATYA,418.473,206.980,211.493,,,,,,,,,,,,,,,
MALATYA,1935,MALATYA,410.162,202.198,207.964,,,,,,,,,,,,,,,
MALATYA,1927,MALATYA,306.882,144.627,162.255,,,,,,,,,,,,,,,
MANİSA,2025,MANİSA,1.477.756,741.193,736.563,,,,,,,,,,,,,,,
MANİSA,2024,MANİSA,1.475.353,739.322,736.031,,,,,,,,,,,,,,,
MANİSA,2023,MANİSA,1.475.716,741.274,734.442,,,,,,,,,,,,,,,
MANİSA,2022,MANİSA,1.468.279,737.888,730.391,,,,,,,,,,,,,,,
MANİSA,2021,MANİSA,1.456.626,731.208,725.418,,,,,,,,,,,,,,,
MANİSA,2020,MANİSA,1.450.616,728.724,721.892,,,,,,,,,,,,,,,
MANİSA,2019,MANİSA,1.440.611,725.238,715.373,,,,,,,,,,,,,,,
MANİSA,2018,MANİSA,1.429.643,720.337,709.306,,,,,,,,,,,,,,,
MANİSA,2017,MANİSA,1.413.041,710.378,702.663,,,,,,,,,,,,,,,
MANİSA,2016,MANİSA,1.396.945,701.094,695.851,,,,,,,,,,,,,,,
MANİSA,2015,MANİSA,1.380.366,691.955,688.411,,,,,,,,,,,,,,,
MANİSA,2014,MANİSA,1.367.905,686.379,681.526,,,,,,,,,,,,,,,
MANİSA,2013,MANİSA,1.359.463,682.097,677.366,,,,,,,,,,,,,,,
MANİSA,2012,MANİSA,1.346.162,673.700,672.462,,,,,,,,,,,,,,,
MANİSA,2011,MANİSA,1.340.074,671.361,668.713,,,,,,,,,,,,,,,
MANİSA,2010,MANİSA,1.379.484,714.064,665.420,,,,,,,,,,,,,,,
MANİSA,2009,MANİSA,1.331.957,669.724,662.233,,,,,,,,,,,,,,,
MANİSA,2008,MANİSA,1.316.750,656.051,660.699,,,,,,,,,,,,,,,
MANİSA,2007,MANİSA,1.319.920,667.061,652.859,,,,,,,,,,,,,,,
MANİSA,2000,MANİSA,1.260.169,630.241,629.928,,,,,,,,,,,,,,,
MANİSA,1990,MANİSA,1.154.418,583.838,570.580,,,,,,,,,,,,,,,
MANİSA,1985,MANİSA,1.050.130,531.281,518.849,,,,,,,,,,,,,,,
MANİSA,1980,MANİSA,941.941,475.195,466.746,,,,,,,,,,,,,,,
MANİSA,1975,MANİSA,872.375,440.674,431.701,,,,,,,,,,,,,,,
MANİSA,1970,MANİSA,805.650,405.339,400.311,,,,,,,,,,,,,,,
MANİSA,1965,MANİSA,748.545,381.798,366.747,,,,,,,,,,,,,,,
MANİSA,1960,MANİSA,657.104,334.446,322.658,,,,,,,,,,,,,,,
MANİSA,1955,MANİSA,562.155,283.943,278.212,,,,,,,,,,,,,,,
MANİSA,1950,MANİSA,520.091,267.195,252.896,,,,,,,,,,,,,,,
MANİSA,1945,MANİSA,472.789,234.013,238.776,,,,,,,,,,,,,,,
MANİSA,1940,MANİSA,455.812,225.070,230.742,,,,,,,,,,,,,,,
MANİSA,1935,MANİSA,426.237,208.883,217.354,,,,,,,,,,,,,,,
MANİSA,1927,MANİSA,374.013,183.044,190.969,,,,,,,,,,,,,,,
MARDİN,2025,MARDİN,903.576,453.777,449.799,,,,,,,,,,,,,,,
MARDİN,2024,MARDİN,895.911,450.268,445.643,,,,,,,,,,,,,,,
MARDİN,2023,MARDİN,888.874,446.320,442.554,,,,,,,,,,,,,,,
MARDİN,2022,MARDİN,870.374,436.361,434.013,,,,,,,,,,,,,,,
MARDİN,2021,MARDİN,862.757,432.288,430.469,,,,,,,,,,,,,,,
MARDİN,2020,MARDİN,854.716,428.780,425.936,,,,,,,,,,,,,,,
MARDİN,2019,MARDİN,838.778,420.923,417.855,,,,,,,,,,,,,,,
MARDİN,2018,MARDİN,829.195,417.000,412.195,,,,,,,,,,,,,,,
MARDİN,2017,MARDİN,809.719,406.320,403.399,,,,,,,,,,,,,,,
MARDİN,2016,MARDİN,796.237,400.475,395.762,,,,,,,,,,,,,,,
MARDİN,2015,MARDİN,796.591,400.478,396.113,,,,,,,,,,,,,,,
MARDİN,2014,MARDİN,788.996,395.968,393.028,,,,,,,,,,,,,,,
MARDİN,2013,MARDİN,779.738,391.422,388.316,,,,,,,,,,,,,,,
MARDİN,2012,MARDİN,773.026,388.736,384.290,,,,,,,,,,,,,,,
MARDİN,2011,MARDİN,764.033,384.735,379.298,,,,,,,,,,,,,,,
MARDİN,2010,MARDİN,744.606,371.019,373.587,,,,,,,,,,,,,,,
MARDİN,2009,MARDİN,737.852,370.911,366.941,,,,,,,,,,,,,,,
MARDİN,2008,MARDİN,750.697,378.451,372.246,,,,,,,,,,,,,,,
MARDİN,2007,MARDİN,745.778,373.067,372.711,,,,,,,,,,,,,,,
MARDİN,2000,MARDİN,705.098,362.167,342.931,,,,,,,,,,,,,,,
MARDİN,1990,MARDİN,557.727,282.459,275.268,,,,,,,,,,,,,,,
MARDİN,1985,MARDİN,652.069,332.812,319.257,,,,,,,,,,,,,,,
MARDİN,1980,MARDİN,564.967,288.385,276.582,,,,,,,,,,,,,,,
MARDİN,1975,MARDİN,519.687,269.675,250.012,,,,,,,,,,,,,,,
MARDİN,1970,MARDİN,453.092,230.638,222.454,,,,,,,,,,,,,,,
MARDİN,1965,MARDİN,397.880,205.313,192.567,,,,,,,,,,,,,,,
MARDİN,1960,MARDİN,353.411,181.646,171.765,,,,,,,,,,,,,,,
MARDİN,1955,MARDİN,305.520,156.000,149.520,,,,,,,,,,,,,,,
MARDİN,1950,MARDİN,269.490,137.861,131.629,,,,,,,,,,,,,,,
MARDİN,1945,MARDİN,234.457,118.071,116.386,,,,,,,,,,,,,,,
MARDİN,1940,MARDİN,252.505,126.002,126.503,,,,,,,,,,,,,,,
MARDİN,1935,MARDİN,229.921,112.599,117.322,,,,,,,,,,,,,,,
MARDİN,1927,MARDİN,183.471,90.539,92.932,,,,,,,,,,,,,,,
MERSİN,2025,MERSİN,1.956.428,977.092,979.336,,,,,,,,,,,,,,,
MERSİN,2024,MERSİN,1.954.279,979.889,974.390,,,,,,,,,,,,,,,
MERSİN,2023,MERSİN,1.938.389,969.526,968.863,,,,,,,,,,,,,,,
MERSİN,2022,MERSİN,1.916.432,958.642,957.790,,,,,,,,,,,,,,,
MERSİN,2021,MERSİN,1.891.145,944.392,946.753,,,,,,,,,,,,,,,
MERSİN,2020,MERSİN,1.868.757,933.368,935.389,,,,,,,,,,,,,,,
MERSİN,2019,MERSİN,1.840.425,919.594,920.831,,,,,,,,,,,,,,,
MERSİN,2018,MERSİN,1.814.468,905.520,908.948,,,,,,,,,,,,,,,
MERSİN,2017,MERSİN,1.793.931,895.374,898.557,,,,,,,,,,,,,,,
MERSİN,2016,MERSİN,1.773.852,885.583,888.269,,,,,,,,,,,,,,,
MERSİN,2015,MERSİN,1.745.221,869.989,875.232,,,,,,,,,,,,,,,
MERSİN,2014,MERSİN,1.727.255,860.306,866.949,,,,,,,,,,,,,,,
MERSİN,2013,MERSİN,1.705.774,849.548,856.226,,,,,,,,,,,,,,,
MERSİN,2012,MERSİN,1.682.848,838.102,844.746,,,,,,,,,,,,,,,
MERSİN,2011,MERSİN,1.667.939,831.244,836.695,,,,,,,,,,,,,,,
MERSİN,2010,MERSİN,1.647.899,819.515,828.384,,,,,,,,,,,,,,,
MERSİN,2009,MERSİN,1.640.888,823.453,817.435,,,,,,,,,,,,,,,
MERSİN,2008,MERSİN,1.602.908,796.911,805.997,,,,,,,,,,,,,,,
MERSİN,2007,MERSİN,1.595.938,801.112,794.826,,,,,,,,,,,,,,,
MERSİN,2000,MERSİN,1.651.400,829.742,821.658,,,,,,,,,,,,,,,
MERSİN,1990,MERSİN,1.266.995,645.244,621.751,,,,,,,,,,,,,,,
MERSİN,1985,MERSİN,1.034.085,527.092,506.993,,,,,,,,,,,,,,,
MERSİN,1980,MERSİN,843.931,429.721,414.210,,,,,,,,,,,,,,,
MERSİN,1975,MERSİN,714.817,369.269,345.548,,,,,,,,,,,,,,,
MERSİN,1970,MERSİN,590.943,300.197,290.746,,,,,,,,,,,,,,,
MERSİN,1965,MERSİN,511.273,262.008,249.265,,,,,,,,,,,,,,,
MERSİN,1960,MERSİN,444.523,227.666,216.857,,,,,,,,,,,,,,,
MERSİN,1955,MERSİN,371.667,188.251,183.416,,,,,,,,,,,,,,,
MERSİN,1950,MERSİN,317.929,158.906,159.023,,,,,,,,,,,,,,,
MERSİN,1945,MERSİN,279.484,138.601,140.883,,,,,,,,,,,,,,,
MERSİN,1940,MERSİN,257.709,126.130,131.579,,,,,,,,,,,,,,,
MERSİN,1935,MERSİN,244.236,120.843,123.393,,,,,,,,,,,,,,,
MUĞLA,2025,MUĞLA,1.099.547,558.628,540.919,,,,,,,,,,,,,,,
MUĞLA,2024,MUĞLA,1.081.867,549.074,532.793,,,,,,,,,,,,,,,
MUĞLA,2023,MUĞLA,1.066.736,541.870,524.866,,,,,,,,,,,,,,,
MUĞLA,2022,MUĞLA,1.048.185,533.368,514.817,,,,,,,,,,,,,,,
MUĞLA,2021,MUĞLA,1.021.141,517.961,503.180,,,,,,,,,,,,,,,
MUĞLA,2020,MUĞLA,1.000.773,508.504,492.269,,,,,,,,,,,,,,,
MUĞLA,2019,MUĞLA,983.142,500.602,482.540,,,,,,,,,,,,,,,
MUĞLA,2018,MUĞLA,967.487,493.140,474.347,,,,,,,,,,,,,,,
MUĞLA,2017,MUĞLA,938.751,478.950,459.801,,,,,,,,,,,,,,,
MUĞLA,2016,MUĞLA,923.773,470.404,453.369,,,,,,,,,,,,,,,
MUĞLA,2015,MUĞLA,908.877,463.411,445.466,,,,,,,,,,,,,,,
MUĞLA,2014,MUĞLA,894.509,454.642,439.867,,,,,,,,,,,,,,,
MUĞLA,2013,MUĞLA,866.665,441.531,425.134,,,,,,,,,,,,,,,
MUĞLA,2012,MUĞLA,851.145,434.539,416.606,,,,,,,,,,,,,,,
MUĞLA,2011,MUĞLA,838.324,428.114,410.210,,,,,,,,,,,,,,,
MUĞLA,2010,MUĞLA,817.503,416.029,401.474,,,,,,,,,,,,,,,
MUĞLA,2009,MUĞLA,802.381,410.089,392.292,,,,,,,,,,,,,,,
MUĞLA,2008,MUĞLA,791.424,405.079,386.345,,,,,,,,,,,,,,,
MUĞLA,2007,MUĞLA,766.156,392.403,373.753,,,,,,,,,,,,,,,
MUĞLA,2000,MUĞLA,715.328,376.677,338.651,,,,,,,,,,,,,,,
MUĞLA,1990,MUĞLA,562.809,294.230,268.579,,,,,,,,,,,,,,,
MUĞLA,1985,MUĞLA,486.290,249.156,237.134,,,,,,,,,,,,,,,
MUĞLA,1980,MUĞLA,438.145,220.966,217.179,,,,,,,,,,,,,,,
MUĞLA,1975,MUĞLA,400.796,201.664,199.132,,,,,,,,,,,,,,,
MUĞLA,1970,MUĞLA,368.776,183.738,185.038,,,,,,,,,,,,,,,
MUĞLA,1965,MUĞLA,334.973,166.339,168.634,,,,,,,,,,,,,,,
MUĞLA,1960,MUĞLA,299.611,148.008,151.603,,,,,,,,,,,,,,,
MUĞLA,1955,MUĞLA,267.579,130.712,136.867,,,,,,,,,,,,,,,
MUĞLA,1950,MUĞLA,241.640,122.172,119.468,,,,,,,,,,,,,,,
MUĞLA,1945,MUĞLA,220.678,107.440,113.238,,,,,,,,,,,,,,,
MUĞLA,1940,MUĞLA,211.445,102.714,108.731,,,,,,,,,,,,,,,
MUĞLA,1935,MUĞLA,196.772,93.356,103.416,,,,,,,,,,,,,,,
MUĞLA,1927,MUĞLA,175.390,79.921,95.469,,,,,,,,,,,,,,,
MUŞ,2025,MUŞ,389.127,197.610,191.517,,,,,,,,,,,,,,,
MUŞ,2024,MUŞ,392.301,199.419,192.882,,,,,,,,,,,,,,,
MUŞ,2023,MUŞ,399.879,203.272,196.607,,,,,,,,,,,,,,,
MUŞ,2022,MUŞ,399.202,203.315,195.887,,,,,,,,,,,,,,,
MUŞ,2021,MUŞ,405.228,206.375,198.853,,,,,,,,,,,,,,,
MUŞ,2020,MUŞ,411.117,209.647,201.470,,,,,,,,,,,,,,,
MUŞ,2019,MUŞ,408.809,208.534,200.275,,,,,,,,,,,,,,,
MUŞ,2018,MUŞ,407.992,208.431,199.561,,,,,,,,,,,,,,,
MUŞ,2017,MUŞ,404.544,205.658,198.886,,,,,,,,,,,,,,,
MUŞ,2016,MUŞ,406.501,207.190,199.311,,,,,,,,,,,,,,,
MUŞ,2015,MUŞ,408.728,208.329,200.399,,,,,,,,,,,,,,,
MUŞ,2014,MUŞ,411.216,209.668,201.548,,,,,,,,,,,,,,,
MUŞ,2013,MUŞ,412.553,210.513,202.040,,,,,,,,,,,,,,,
MUŞ,2012,MUŞ,413.260,211.516,201.744,,,,,,,,,,,,,,,
MUŞ,2011,MUŞ,414.706,212.717,201.989,,,,,,,,,,,,,,,
MUŞ,2010,MUŞ,406.886,207.115,199.771,,,,,,,,,,,,,,,
MUŞ,2009,MUŞ,404.484,207.251,197.233,,,,,,,,,,,,,,,
MUŞ,2008,MUŞ,404.309,207.270,197.039,,,,,,,,,,,,,,,
MUŞ,2007,MUŞ,405.509,206.589,198.920,,,,,,,,,,,,,,,
MUŞ,2000,MUŞ,453.654,236.214,217.440,,,,,,,,,,,,,,,
MUŞ,1990,MUŞ,376.543,192.327,184.216,,,,,,,,,,,,,,,
MUŞ,1985,MUŞ,339.492,174.542,164.950,,,,,,,,,,,,,,,
MUŞ,1980,MUŞ,302.406,156.610,145.796,,,,,,,,,,,,,,,
MUŞ,1975,MUŞ,267.203,138.880,128.323,,,,,,,,,,,,,,,
MUŞ,1970,MUŞ,234.250,120.494,113.756,,,,,,,,,,,,,,,
MUŞ,1965,MUŞ,198.716,103.298,95.418,,,,,,,,,,,,,,,
MUŞ,1960,MUŞ,167.638,87.402,80.236,,,,,,,,,,,,,,,
MUŞ,1955,MUŞ,136.401,71.468,64.933,,,,,,,,,,,,,,,
MUŞ,1950,MUŞ,107.286,55.383,51.903,,,,,,,,,,,,,,,
MUŞ,1945,MUŞ,82.699,41.139,41.560,,,,,,,,,,,,,,,
MUŞ,1940,MUŞ,73.939,37.720,36.219,,,,,,,,,,,,,,,
MUŞ,1935,MUŞ,143.899,73.608,70.291,,,,,,,,,,,,,,,
NEVŞEHİR,2025,NEVŞEHİR,320.150,157.815,162.335,,,,,,,,,,,,,,,
NEVŞEHİR,2024,NEVŞEHİR,317.952,156.584,161.368,,,,,,,,,,,,,,,
NEVŞEHİR,2023,NEVŞEHİR,315.994,155.897,160.097,,,,,,,,,,,,,,,
NEVŞEHİR,2022,NEVŞEHİR,310.011,152.912,157.099,,,,,,,,,,,,,,,
NEVŞEHİR,2021,NEVŞEHİR,308.003,152.189,155.814,,,,,,,,,,,,,,,
NEVŞEHİR,2020,NEVŞEHİR,304.962,151.134,153.828,,,,,,,,,,,,,,,
NEVŞEHİR,2019,NEVŞEHİR,303.010,150.047,152.963,,,,,,,,,,,,,,,
NEVŞEHİR,2018,NEVŞEHİR,298.339,147.438,150.901,,,,,,,,,,,,,,,
NEVŞEHİR,2017,NEVŞEHİR,292.365,144.219,148.146,,,,,,,,,,,,,,,
NEVŞEHİR,2016,NEVŞEHİR,290.895,143.698,147.197,,,,,,,,,,,,,,,
NEVŞEHİR,2015,NEVŞEHİR,286.767,141.942,144.825,,,,,,,,,,,,,,,
NEVŞEHİR,2014,NEVŞEHİR,286.250,142.418,143.832,,,,,,,,,,,,,,,
NEVŞEHİR,2013,NEVŞEHİR,285.460,141.239,144.221,,,,,,,,,,,,,,,
NEVŞEHİR,2012,NEVŞEHİR,285.190,140.952,144.238,,,,,,,,,,,,,,,
NEVŞEHİR,2011,NEVŞEHİR,283.247,139.955,143.292,,,,,,,,,,,,,,,
NEVŞEHİR,2010,NEVŞEHİR,282.337,139.123,143.214,,,,,,,,,,,,,,,
NEVŞEHİR,2009,NEVŞEHİR,284.025,140.348,143.677,,,,,,,,,,,,,,,
NEVŞEHİR,2008,NEVŞEHİR,281.699,139.025,142.674,,,,,,,,,,,,,,,
NEVŞEHİR,2007,NEVŞEHİR,280.058,138.092,141.966,,,,,,,,,,,,,,,
NEVŞEHİR,2000,NEVŞEHİR,309.914,153.088,156.826,,,,,,,,,,,,,,,
NEVŞEHİR,1990,NEVŞEHİR,289.509,143.812,145.697,,,,,,,,,,,,,,,
NEVŞEHİR,1985,NEVŞEHİR,278.129,136.300,141.829,,,,,,,,,,,,,,,
NEVŞEHİR,1980,NEVŞEHİR,256.933,124.869,132.064,,,,,,,,,,,,,,,
NEVŞEHİR,1975,NEVŞEHİR,249.308,124.927,124.381,,,,,,,,,,,,,,,
NEVŞEHİR,1970,NEVŞEHİR,229.830,109.886,119.944,,,,,,,,,,,,,,,
NEVŞEHİR,1965,NEVŞEHİR,203.316,98.083,105.233,,,,,,,,,,,,,,,
NEVŞEHİR,1960,NEVŞEHİR,187.398,92.062,95.336,,,,,,,,,,,,,,,
NEVŞEHİR,1955,NEVŞEHİR,239.054,116.592,122.462,,,,,,,,,,,,,,,
NİĞDE,2025,NİĞDE,374.492,187.502,186.990,,,,,,,,,,,,,,,
NİĞDE,2024,NİĞDE,372.708,186.199,186.509,,,,,,,,,,,,,,,
NİĞDE,2023,NİĞDE,377.080,188.774,188.306,,,,,,,,,,,,,,,
NİĞDE,2022,NİĞDE,365.419,182.822,182.597,,,,,,,,,,,,,,,
NİĞDE,2021,NİĞDE,363.725,182.216,181.509,,,,,,,,,,,,,,,
NİĞDE,2020,NİĞDE,362.071,181.692,180.379,,,,,,,,,,,,,,,
NİĞDE,2019,NİĞDE,362.861,182.177,180.684,,,,,,,,,,,,,,,
NİĞDE,2018,NİĞDE,364.707,183.109,181.598,,,,,,,,,,,,,,,
NİĞDE,2017,NİĞDE,352.727,176.194,176.533,,,,,,,,,,,,,,,
NİĞDE,2016,NİĞDE,351.468,175.571,175.897,,,,,,,,,,,,,,,
NİĞDE,2015,NİĞDE,346.114,172.643,173.471,,,,,,,,,,,,,,,
NİĞDE,2014,NİĞDE,343.898,171.934,171.964,,,,,,,,,,,,,,,
NİĞDE,2013,NİĞDE,343.658,171.750,171.908,,,,,,,,,,,,,,,
NİĞDE,2012,NİĞDE,340.270,170.075,170.195,,,,,,,,,,,,,,,
NİĞDE,2011,NİĞDE,337.553,168.125,169.428,,,,,,,,,,,,,,,
NİĞDE,2010,NİĞDE,337.931,167.551,170.380,,,,,,,,,,,,,,,
NİĞDE,2009,NİĞDE,339.921,169.704,170.217,,,,,,,,,,,,,,,
NİĞDE,2008,NİĞDE,338.447,169.377,169.070,,,,,,,,,,,,,,,
NİĞDE,2007,NİĞDE,331.677,164.745,166.932,,,,,,,,,,,,,,,
NİĞDE,2000,NİĞDE,348.081,172.367,175.714,,,,,,,,,,,,,,,
NİĞDE,1990,NİĞDE,305.861,148.163,157.698,,,,,,,,,,,,,,,
NİĞDE,1985,NİĞDE,560.386,272.207,288.179,,,,,,,,,,,,,,,
NİĞDE,1980,NİĞDE,512.071,249.631,262.440,,,,,,,,,,,,,,,
NİĞDE,1975,NİĞDE,463.121,230.905,232.216,,,,,,,,,,,,,,,
NİĞDE,1970,NİĞDE,408.441,197.665,210.776,,,,,,,,,,,,,,,
NİĞDE,1965,NİĞDE,362.444,177.689,184.755,,,,,,,,,,,,,,,
NİĞDE,1960,NİĞDE,322.917,159.443,163.474,,,,,,,,,,,,,,,
NİĞDE,1955,NİĞDE,285.448,140.390,145.058,,,,,,,,,,,,,,,
NİĞDE,1950,NİĞDE,331.470,163.235,168.235,,,,,,,,,,,,,,,
NİĞDE,1945,NİĞDE,296.584,145.334,151.250,,,,,,,,,,,,,,,
NİĞDE,1940,NİĞDE,275.443,132.847,142.596,,,,,,,,,,,,,,,
NİĞDE,1935,NİĞDE,247.376,119.415,127.961,,,,,,,,,,,,,,,
NİĞDE,1927,NİĞDE,166.056,78.110,87.946,,,,,,,,,,,,,,,
ORDU,2025,ORDU,768.087,382.776,385.311,,,,,,,,,,,,,,,
ORDU,2024,ORDU,770.711,384.517,386.194,,,,,,,,,,,,,,,
ORDU,2023,ORDU,775.800,386.605,389.195,,,,,,,,,,,,,,,
ORDU,2022,ORDU,763.190,380.997,382.193,,,,,,,,,,,,,,,
ORDU,2021,ORDU,760.872,379.700,381.172,,,,,,,,,,,,,,,
ORDU,2020,ORDU,761.400,380.031,381.369,,,,,,,,,,,,,,,
ORDU,2019,ORDU,754.198,376.933,377.265,,,,,,,,,,,,,,,
ORDU,2018,ORDU,771.932,386.547,385.385,,,,,,,,,,,,,,,
ORDU,2017,ORDU,742.341,371.061,371.280,,,,,,,,,,,,,,,
ORDU,2016,ORDU,750.588,376.243,374.345,,,,,,,,,,,,,,,
ORDU,2015,ORDU,728.949,364.236,364.713,,,,,,,,,,,,,,,
ORDU,2014,ORDU,724.268,361.627,362.641,,,,,,,,,,,,,,,
ORDU,2013,ORDU,731.452,366.011,365.441,,,,,,,,,,,,,,,
ORDU,2012,ORDU,741.371,370.631,370.740,,,,,,,,,,,,,,,
ORDU,2011,ORDU,714.390,356.675,357.715,,,,,,,,,,,,,,,
ORDU,2010,ORDU,719.183,358.386,360.797,,,,,,,,,,,,,,,
ORDU,2009,ORDU,723.507,361.422,362.085,,,,,,,,,,,,,,,
ORDU,2008,ORDU,719.278,358.910,360.368,,,,,,,,,,,,,,,
ORDU,2007,ORDU,715.409,356.553,358.856,,,,,,,,,,,,,,,
ORDU,2000,ORDU,887.765,441.447,446.318,,,,,,,,,,,,,,,
ORDU,1990,ORDU,830.105,408.709,421.396,,,,,,,,,,,,,,,
ORDU,1985,ORDU,763.857,367.961,395.896,,,,,,,,,,,,,,,
ORDU,1980,ORDU,713.535,350.431,363.104,,,,,,,,,,,,,,,
ORDU,1975,ORDU,664.290,332.018,332.272,,,,,,,,,,,,,,,
ORDU,1970,ORDU,608.721,298.842,309.879,,,,,,,,,,,,,,,
ORDU,1965,ORDU,543.863,268.141,275.722,,,,,,,,,,,,,,,
ORDU,1960,ORDU,469.379,230.447,238.932,,,,,,,,,,,,,,,
ORDU,1955,ORDU,407.687,198.502,209.185,,,,,,,,,,,,,,,
ORDU,1950,ORDU,373.028,181.051,191.977,,,,,,,,,,,,,,,
ORDU,1945,ORDU,333.008,161.873,171.135,,,,,,,,,,,,,,,
ORDU,1940,ORDU,305.017,143.892,161.125,,,,,,,,,,,,,,,
ORDU,1935,ORDU,283.054,132.940,150.114,,,,,,,,,,,,,,,
ORDU,1927,ORDU,202.354,90.336,112.018,,,,,,,,,,,,,,,
OSMANİYE,2025,OSMANİYE,564.123,283.982,280.141,,,,,,,,,,,,,,,
OSMANİYE,2024,OSMANİYE,561.061,282.409,278.652,,,,,,,,,,,,,,,
OSMANİYE,2023,OSMANİYE,557.666,280.450,277.216,,,,,,,,,,,,,,,
OSMANİYE,2022,OSMANİYE,559.405,281.924,277.481,,,,,,,,,,,,,,,
OSMANİYE,2021,OSMANİYE,553.012,278.847,274.165,,,,,,,,,,,,,,,
OSMANİYE,2020,OSMANİYE,548.556,276.776,271.780,,,,,,,,,,,,,,,
OSMANİYE,2019,OSMANİYE,538.759,272.242,266.517,,,,,,,,,,,,,,,
OSMANİYE,2018,OSMANİYE,534.415,269.875,264.540,,,,,,,,,,,,,,,
OSMANİYE,2017,OSMANİYE,527.724,266.480,261.244,,,,,,,,,,,,,,,
OSMANİYE,2016,OSMANİYE,522.175,264.257,257.918,,,,,,,,,,,,,,,
OSMANİYE,2015,OSMANİYE,512.873,258.959,253.914,,,,,,,,,,,,,,,
OSMANİYE,2014,OSMANİYE,506.807,255.935,250.872,,,,,,,,,,,,,,,
OSMANİYE,2013,OSMANİYE,498.981,251.314,247.667,,,,,,,,,,,,,,,
OSMANİYE,2012,OSMANİYE,492.135,247.957,244.178,,,,,,,,,,,,,,,
OSMANİYE,2011,OSMANİYE,485.357,244.239,241.118,,,,,,,,,,,,,,,
OSMANİYE,2010,OSMANİYE,479.221,240.295,238.926,,,,,,,,,,,,,,,
OSMANİYE,2009,OSMANİYE,471.804,236.751,235.053,,,,,,,,,,,,,,,
OSMANİYE,2008,OSMANİYE,464.704,232.118,232.586,,,,,,,,,,,,,,,
OSMANİYE,2007,OSMANİYE,452.880,225.717,227.163,,,,,,,,,,,,,,,
OSMANİYE,2000,OSMANİYE,458.782,231.259,227.523,,,,,,,,,,,,,,,
RİZE,2025,RİZE,346.947,173.549,173.398,,,,,,,,,,,,,,,
RİZE,2024,RİZE,346.977,173.525,173.452,,,,,,,,,,,,,,,
RİZE,2023,RİZE,350.506,175.231,175.275,,,,,,,,,,,,,,,
RİZE,2022,RİZE,344.016,172.187,171.829,,,,,,,,,,,,,,,
RİZE,2021,RİZE,345.662,173.430,172.232,,,,,,,,,,,,,,,
RİZE,2020,RİZE,344.359,172.469,171.890,,,,,,,,,,,,,,,
RİZE,2019,RİZE,343.212,171.571,171.641,,,,,,,,,,,,,,,
RİZE,2018,RİZE,348.608,174.130,174.478,,,,,,,,,,,,,,,
RİZE,2017,RİZE,331.041,164.978,166.063,,,,,,,,,,,,,,,
RİZE,2016,RİZE,331.048,164.727,166.321,,,,,,,,,,,,,,,
RİZE,2015,RİZE,328.979,163.379,165.600,,,,,,,,,,,,,,,
RİZE,2014,RİZE,329.779,163.003,166.776,,,,,,,,,,,,,,,
RİZE,2013,RİZE,328.205,162.918,165.287,,,,,,,,,,,,,,,
RİZE,2012,RİZE,324.152,160.351,163.801,,,,,,,,,,,,,,,
RİZE,2011,RİZE,323.012,159.304,163.708,,,,,,,,,,,,,,,
RİZE,2010,RİZE,319.637,157.161,162.476,,,,,,,,,,,,,,,
RİZE,2009,RİZE,319.569,157.753,161.816,,,,,,,,,,,,,,,
RİZE,2008,RİZE,319.410,157.650,161.760,,,,,,,,,,,,,,,
RİZE,2007,RİZE,316.252,155.580,160.672,,,,,,,,,,,,,,,
RİZE,2000,RİZE,365.938,181.200,184.738,,,,,,,,,,,,,,,
RİZE,1990,RİZE,348.776,166.481,182.295,,,,,,,,,,,,,,,
RİZE,1985,RİZE,374.206,181.001,193.205,,,,,,,,,,,,,,,
RİZE,1980,RİZE,361.258,173.651,187.607,,,,,,,,,,,,,,,
RİZE,1975,RİZE,336.278,165.016,171.262,,,,,,,,,,,,,,,
RİZE,1970,RİZE,315.700,150.099,165.601,,,,,,,,,,,,,,,
RİZE,1965,RİZE,281.099,130.070,151.029,,,,,,,,,,,,,,,
RİZE,1960,RİZE,248.930,113.345,135.585,,,,,,,,,,,,,,,
RİZE,1955,RİZE,211.967,92.142,119.825,,,,,,,,,,,,,,,
RİZE,1950,RİZE,181.512,76.938,104.574,,,,,,,,,,,,,,,
RİZE,1945,RİZE,171.929,72.237,99.692,,,,,,,,,,,,,,,
RİZE,1940,RİZE,172.764,72.559,100.205,,,,,,,,,,,,,,,
RİZE,1935,RİZE,0,0,0,,,,,,,,,,,,,,,
RİZE,1927,RİZE,171.657,72.371,99.286,,,,,,,,,,,,,,,
SAKARYA,2025,SAKARYA,1.123.693,563.586,560.107,,,,,,,,,,,,,,,
SAKARYA,2024,SAKARYA,1.110.735,556.928,553.807,,,,,,,,,,,,,,,
SAKARYA,2023,SAKARYA,1.098.115,550.484,547.631,,,,,,,,,,,,,,,
SAKARYA,2022,SAKARYA,1.080.080,541.449,538.631,,,,,,,,,,,,,,,
SAKARYA,2021,SAKARYA,1.060.876,531.366,529.510,,,,,,,,,,,,,,,
SAKARYA,2020,SAKARYA,1.042.649,522.388,520.261,,,,,,,,,,,,,,,
SAKARYA,2019,SAKARYA,1.029.650,516.000,513.650,,,,,,,,,,,,,,,
SAKARYA,2018,SAKARYA,1.010.700,505.645,505.055,,,,,,,,,,,,,,,
SAKARYA,2017,SAKARYA,990.214,496.488,493.726,,,,,,,,,,,,,,,
SAKARYA,2016,SAKARYA,976.948,490.935,486.013,,,,,,,,,,,,,,,
SAKARYA,2015,SAKARYA,953.181,477.879,475.302,,,,,,,,,,,,,,,
SAKARYA,2014,SAKARYA,932.706,467.167,465.539,,,,,,,,,,,,,,,
SAKARYA,2013,SAKARYA,917.373,458.987,458.386,,,,,,,,,,,,,,,
SAKARYA,2012,SAKARYA,902.267,451.295,450.972,,,,,,,,,,,,,,,
SAKARYA,2011,SAKARYA,888.556,445.863,442.693,,,,,,,,,,,,,,,
SAKARYA,2010,SAKARYA,872.872,436.494,436.378,,,,,,,,,,,,,,,
SAKARYA,2009,SAKARYA,861.570,431.261,430.309,,,,,,,,,,,,,,,
SAKARYA,2008,SAKARYA,851.292,426.366,424.926,,,,,,,,,,,,,,,
SAKARYA,2007,SAKARYA,835.222,416.508,418.714,,,,,,,,,,,,,,,
SAKARYA,2000,SAKARYA,756.168,384.140,372.028,,,,,,,,,,,,,,,
SAKARYA,1990,SAKARYA,683.061,345.201,337.860,,,,,,,,,,,,,,,
SAKARYA,1985,SAKARYA,610.500,307.106,303.394,,,,,,,,,,,,,,,
SAKARYA,1980,SAKARYA,548.747,276.046,272.701,,,,,,,,,,,,,,,
SAKARYA,1975,SAKARYA,495.649,253.371,242.278,,,,,,,,,,,,,,,
SAKARYA,1970,SAKARYA,459.052,228.431,230.621,,,,,,,,,,,,,,,
SAKARYA,1965,SAKARYA,404.078,203.896,200.182,,,,,,,,,,,,,,,
SAKARYA,1960,SAKARYA,361.992,184.463,177.529,,,,,,,,,,,,,,,
SAKARYA,1955,SAKARYA,297.108,150.352,146.756,,,,,,,,,,,,,,,
SAMSUN,2025,SAMSUN,1.392.403,689.283,703.120,,,,,,,,,,,,,,,
SAMSUN,2024,SAMSUN,1.382.376,684.203,698.173,,,,,,,,,,,,,,,
SAMSUN,2023,SAMSUN,1.377.546,681.565,695.981,,,,,,,,,,,,,,,
SAMSUN,2022,SAMSUN,1.368.488,676.798,691.690,,,,,,,,,,,,,,,
SAMSUN,2021,SAMSUN,1.371.274,678.072,693.202,,,,,,,,,,,,,,,
SAMSUN,2020,SAMSUN,1.356.079,670.675,685.404,,,,,,,,,,,,,,,
SAMSUN,2019,SAMSUN,1.348.542,669.055,679.487,,,,,,,,,,,,,,,
SAMSUN,2018,SAMSUN,1.335.716,662.086,673.630,,,,,,,,,,,,,,,
SAMSUN,2017,SAMSUN,1.312.990,649.524,663.466,,,,,,,,,,,,,,,
SAMSUN,2016,SAMSUN,1.295.927,640.699,655.228,,,,,,,,,,,,,,,
SAMSUN,2015,SAMSUN,1.279.884,632.014,647.870,,,,,,,,,,,,,,,
SAMSUN,2014,SAMSUN,1.269.989,627.296,642.693,,,,,,,,,,,,,,,
SAMSUN,2013,SAMSUN,1.261.810,623.435,638.375,,,,,,,,,,,,,,,
SAMSUN,2012,SAMSUN,1.251.722,617.095,634.627,,,,,,,,,,,,,,,
SAMSUN,2011,SAMSUN,1.251.729,617.701,634.028,,,,,,,,,,,,,,,
SAMSUN,2010,SAMSUN,1.252.693,620.015,632.678,,,,,,,,,,,,,,,
SAMSUN,2009,SAMSUN,1.250.076,618.849,631.227,,,,,,,,,,,,,,,
SAMSUN,2008,SAMSUN,1.233.677,607.501,626.176,,,,,,,,,,,,,,,
SAMSUN,2007,SAMSUN,1.228.959,606.187,622.772,,,,,,,,,,,,,,,
SAMSUN,2000,SAMSUN,1.209.137,585.759,623.378,,,,,,,,,,,,,,,
SAMSUN,1990,SAMSUN,1.158.400,562.066,596.334,,,,,,,,,,,,,,,
SAMSUN,1985,SAMSUN,1.108.710,541.783,566.927,,,,,,,,,,,,,,,
SAMSUN,1980,SAMSUN,1.008.113,495.498,512.615,,,,,,,,,,,,,,,
SAMSUN,1975,SAMSUN,906.381,454.837,451.544,,,,,,,,,,,,,,,
SAMSUN,1970,SAMSUN,821.183,404.163,417.020,,,,,,,,,,,,,,,
SAMSUN,1965,SAMSUN,755.946,379.635,376.311,,,,,,,,,,,,,,,
SAMSUN,1960,SAMSUN,654.602,330.141,324.461,,,,,,,,,,,,,,,
SAMSUN,1955,SAMSUN,549.156,274.558,274.598,,,,,,,,,,,,,,,
SAMSUN,1950,SAMSUN,475.660,238.671,236.989,,,,,,,,,,,,,,,
SAMSUN,1945,SAMSUN,407.541,205.328,202.213,,,,,,,,,,,,,,,
SAMSUN,1940,SAMSUN,363.384,178.031,185.353,,,,,,,,,,,,,,,
SAMSUN,1935,SAMSUN,337.817,165.221,172.596,,,,,,,,,,,,,,,
SAMSUN,1927,SAMSUN,274.065,131.794,142.271,,,,,,,,,,,,,,,
SİİRT,2025,SİİRT,332.369,169.048,163.321,,,,,,,,,,,,,,,
SİİRT,2024,SİİRT,336.453,172.021,164.432,,,,,,,,,,,,,,,
SİİRT,2023,SİİRT,347.412,180.736,166.676,,,,,,,,,,,,,,,
SİİRT,2022,SİİRT,331.311,167.906,163.405,,,,,,,,,,,,,,,
SİİRT,2021,SİİRT,331.980,168.881,163.099,,,,,,,,,,,,,,,
SİİRT,2020,SİİRT,331.070,168.939,162.131,,,,,,,,,,,,,,,
SİİRT,2019,SİİRT,330.280,169.211,161.069,,,,,,,,,,,,,,,
SİİRT,2018,SİİRT,331.670,171.189,160.481,,,,,,,,,,,,,,,
SİİRT,2017,SİİRT,324.394,166.402,157.992,,,,,,,,,,,,,,,
SİİRT,2016,SİİRT,322.664,166.463,156.201,,,,,,,,,,,,,,,
SİİRT,2015,SİİRT,320.351,165.034,155.317,,,,,,,,,,,,,,,
SİİRT,2014,SİİRT,318.366,164.098,154.268,,,,,,,,,,,,,,,
SİİRT,2013,SİİRT,314.153,161.802,152.351,,,,,,,,,,,,,,,
SİİRT,2012,SİİRT,310.879,160.813,150.066,,,,,,,,,,,,,,,
SİİRT,2011,SİİRT,310.468,161.252,149.216,,,,,,,,,,,,,,,
SİİRT,2010,SİİRT,300.695,153.028,147.667,,,,,,,,,,,,,,,
SİİRT,2009,SİİRT,303.622,157.578,146.044,,,,,,,,,,,,,,,
SİİRT,2008,SİİRT,299.819,155.747,144.072,,,,,,,,,,,,,,,
SİİRT,2007,SİİRT,291.528,150.628,140.900,,,,,,,,,,,,,,,
SİİRT,2000,SİİRT,263.676,137.687,125.989,,,,,,,,,,,,,,,
SİİRT,1990,SİİRT,243.435,124.605,118.830,,,,,,,,,,,,,,,
SİİRT,1985,SİİRT,524.741,267.488,257.253,,,,,,,,,,,,,,,
SİİRT,1980,SİİRT,445.483,230.253,215.230,,,,,,,,,,,,,,,
SİİRT,1975,SİİRT,381.503,201.023,180.480,,,,,,,,,,,,,,,
SİİRT,1970,SİİRT,320.684,166.247,154.437,,,,,,,,,,,,,,,
SİİRT,1965,SİİRT,264.832,139.686,125.146,,,,,,,,,,,,,,,
SİİRT,1960,SİİRT,232.243,121.732,110.511,,,,,,,,,,,,,,,
SİİRT,1955,SİİRT,191.234,100.934,90.300,,,,,,,,,,,,,,,
SİİRT,1950,SİİRT,156.703,82.773,73.930,,,,,,,,,,,,,,,
SİİRT,1945,SİİRT,133.627,69.766,63.861,,,,,,,,,,,,,,,
SİİRT,1940,SİİRT,146.522,75.338,71.184,,,,,,,,,,,,,,,
SİİRT,1935,SİİRT,127.518,63.231,64.287,,,,,,,,,,,,,,,
SİİRT,1927,SİİRT,102.433,50.353,52.080,,,,,,,,,,,,,,,
SİNOP,2025,SİNOP,225.848,112.226,113.622,,,,,,,,,,,,,,,
SİNOP,2024,SİNOP,226.957,112.773,114.184,,,,,,,,,,,,,,,
SİNOP,2023,SİNOP,229.716,114.183,115.533,,,,,,,,,,,,,,,
SİNOP,2022,SİNOP,220.799,109.900,110.899,,,,,,,,,,,,,,,
SİNOP,2021,SİNOP,218.408,108.472,109.936,,,,,,,,,,,,,,,
SİNOP,2020,SİNOP,216.460,107.689,108.771,,,,,,,,,,,,,,,
SİNOP,2019,SİNOP,218.243,108.927,109.316,,,,,,,,,,,,,,,
SİNOP,2018,SİNOP,219.733,109.296,110.437,,,,,,,,,,,,,,,
SİNOP,2017,SİNOP,207.427,103.071,104.356,,,,,,,,,,,,,,,
SİNOP,2016,SİNOP,205.478,101.909,103.569,,,,,,,,,,,,,,,
SİNOP,2015,SİNOP,204.133,101.139,102.994,,,,,,,,,,,,,,,
SİNOP,2014,SİNOP,204.526,101.304,103.222,,,,,,,,,,,,,,,
SİNOP,2013,SİNOP,204.568,101.270,103.298,,,,,,,,,,,,,,,
SİNOP,2012,SİNOP,201.311,99.540,101.771,,,,,,,,,,,,,,,
SİNOP,2011,SİNOP,203.027,100.595,102.432,,,,,,,,,,,,,,,
SİNOP,2010,SİNOP,202.740,100.147,102.593,,,,,,,,,,,,,,,
SİNOP,2009,SİNOP,201.134,99.259,101.875,,,,,,,,,,,,,,,
SİNOP,2008,SİNOP,200.791,98.961,101.830,,,,,,,,,,,,,,,
SİNOP,2007,SİNOP,198.412,97.032,101.380,,,,,,,,,,,,,,,
SİNOP,2000,SİNOP,225.574,109.666,115.908,,,,,,,,,,,,,,,
SİNOP,1990,SİNOP,265.153,126.205,138.948,,,,,,,,,,,,,,,
SİNOP,1985,SİNOP,280.140,133.203,146.937,,,,,,,,,,,,,,,
SİNOP,1980,SİNOP,276.242,133.392,142.850,,,,,,,,,,,,,,,
SİNOP,1975,SİNOP,267.605,129.447,138.158,,,,,,,,,,,,,,,
SİNOP,1970,SİNOP,265.655,127.999,137.656,,,,,,,,,,,,,,,
SİNOP,1965,SİNOP,266.069,128.830,137.239,,,,,,,,,,,,,,,
SİNOP,1960,SİNOP,249.730,121.609,128.121,,,,,,,,,,,,,,,
SİNOP,1955,SİNOP,239.027,114.513,124.514,,,,,,,,,,,,,,,
SİNOP,1950,SİNOP,225.621,109.011,116.610,,,,,,,,,,,,,,,
SİNOP,1945,SİNOP,205.276,98.758,106.518,,,,,,,,,,,,,,,
SİNOP,1940,SİNOP,190.844,88.800,102.044,,,,,,,,,,,,,,,
SİNOP,1935,SİNOP,192.303,90.768,101.535,,,,,,,,,,,,,,,
SİNOP,1927,SİNOP,169.965,78.186,91.779,,,,,,,,,,,,,,,
SİVAS,2025,SİVAS,631.401,315.268,316.133,,,,,,,,,,,,,,,
SİVAS,2024,SİVAS,637.007,317.652,319.355,,,,,,,,,,,,,,,
SİVAS,2023,SİVAS,650.401,325.125,325.276,,,,,,,,,,,,,,,
SİVAS,2022,SİVAS,634.924,318.018,316.906,,,,,,,,,,,,,,,
SİVAS,2021,SİVAS,636.121,318.954,317.167,,,,,,,,,,,,,,,
SİVAS,2020,SİVAS,635.889,318.771,317.118,,,,,,,,,,,,,,,
SİVAS,2019,SİVAS,638.956,319.624,319.332,,,,,,,,,,,,,,,
SİVAS,2018,SİVAS,646.608,323.575,323.033,,,,,,,,,,,,,,,
SİVAS,2017,SİVAS,621.301,311.120,310.181,,,,,,,,,,,,,,,
SİVAS,2016,SİVAS,621.224,309.364,311.860,,,,,,,,,,,,,,,
SİVAS,2015,SİVAS,618.617,307.439,311.178,,,,,,,,,,,,,,,
SİVAS,2014,SİVAS,623.116,309.864,313.252,,,,,,,,,,,,,,,
SİVAS,2013,SİVAS,623.824,311.798,312.026,,,,,,,,,,,,,,,
SİVAS,2012,SİVAS,623.535,311.893,311.642,,,,,,,,,,,,,,,
SİVAS,2011,SİVAS,627.056,314.206,312.850,,,,,,,,,,,,,,,
SİVAS,2010,SİVAS,642.224,328.304,313.920,,,,,,,,,,,,,,,
SİVAS,2009,SİVAS,633.347,318.905,314.442,,,,,,,,,,,,,,,
SİVAS,2008,SİVAS,631.112,316.848,314.264,,,,,,,,,,,,,,,
SİVAS,2007,SİVAS,638.464,320.557,317.907,,,,,,,,,,,,,,,
SİVAS,2000,SİVAS,755.091,383.254,371.837,,,,,,,,,,,,,,,
SİVAS,1990,SİVAS,767.481,383.155,384.326,,,,,,,,,,,,,,,
SİVAS,1985,SİVAS,772.209,382.806,389.403,,,,,,,,,,,,,,,
SİVAS,1980,SİVAS,750.144,372.771,377.373,,,,,,,,,,,,,,,
SİVAS,1975,SİVAS,741.713,375.507,366.206,,,,,,,,,,,,,,,
SİVAS,1970,SİVAS,731.921,358.440,373.481,,,,,,,,,,,,,,,
SİVAS,1965,SİVAS,705.186,350.377,354.809,,,,,,,,,,,,,,,
SİVAS,1960,SİVAS,669.922,336.071,333.851,,,,,,,,,,,,,,,
SİVAS,1955,SİVAS,590.869,290.486,300.383,,,,,,,,,,,,,,,
SİVAS,1950,SİVAS,542.004,269.347,272.657,,,,,,,,,,,,,,,
SİVAS,1945,SİVAS,490.493,243.590,246.903,,,,,,,,,,,,,,,
SİVAS,1940,SİVAS,468.243,231.211,237.032,,,,,,,,,,,,,,,
SİVAS,1935,SİVAS,432.996,211.947,221.049,,,,,,,,,,,,,,,
SİVAS,1927,SİVAS,329.551,153.841,175.710,,,,,,,,,,,,,,,
ŞANLIURFA,2025,ŞANLIURFA,2.265.800,1.142.783,1.123.017,,,,,,,,,,,,,,,
ŞANLIURFA,2024,ŞANLIURFA,2.237.745,1.129.873,1.107.872,,,,,,,,,,,,,,,
ŞANLIURFA,2023,ŞANLIURFA,2.213.964,1.116.834,1.097.130,,,,,,,,,,,,,,,
ŞANLIURFA,2022,ŞANLIURFA,2.170.110,1.093.998,1.076.112,,,,,,,,,,,,,,,
ŞANLIURFA,2021,ŞANLIURFA,2.143.020,1.079.015,1.064.005,,,,,,,,,,,,,,,
ŞANLIURFA,2020,ŞANLIURFA,2.115.256,1.066.402,1.048.854,,,,,,,,,,,,,,,
ŞANLIURFA,2019,ŞANLIURFA,2.073.614,1.045.964,1.027.650,,,,,,,,,,,,,,,
ŞANLIURFA,2018,ŞANLIURFA,2.035.809,1.026.719,1.009.090,,,,,,,,,,,,,,,
ŞANLIURFA,2017,ŞANLIURFA,1.985.753,999.299,986.454,,,,,,,,,,,,,,,
ŞANLIURFA,2016,ŞANLIURFA,1.940.627,976.938,963.689,,,,,,,,,,,,,,,
ŞANLIURFA,2015,ŞANLIURFA,1.892.320,950.493,941.827,,,,,,,,,,,,,,,
ŞANLIURFA,2014,ŞANLIURFA,1.845.667,925.703,919.964,,,,,,,,,,,,,,,
ŞANLIURFA,2013,ŞANLIURFA,1.801.980,901.868,900.112,,,,,,,,,,,,,,,
ŞANLIURFA,2012,ŞANLIURFA,1.762.075,881.521,880.554,,,,,,,,,,,,,,,
ŞANLIURFA,2011,ŞANLIURFA,1.716.254,858.409,857.845,,,,,,,,,,,,,,,
ŞANLIURFA,2010,ŞANLIURFA,1.663.371,831.382,831.989,,,,,,,,,,,,,,,
ŞANLIURFA,2009,ŞANLIURFA,1.613.737,809.222,804.515,,,,,,,,,,,,,,,
ŞANLIURFA,2008,ŞANLIURFA,1.574.224,788.278,785.946,,,,,,,,,,,,,,,
ŞANLIURFA,2007,ŞANLIURFA,1.523.099,756.655,766.444,,,,,,,,,,,,,,,
ŞANLIURFA,2000,ŞANLIURFA,1.443.422,748.929,694.493,,,,,,,,,,,,,,,
ŞANLIURFA,1990,ŞANLIURFA,1.001.455,515.980,485.475,,,,,,,,,,,,,,,
ŞANLIURFA,1985,ŞANLIURFA,795.034,410.918,384.116,,,,,,,,,,,,,,,
ŞANLIURFA,1980,ŞANLIURFA,602.736,311.717,291.019,,,,,,,,,,,,,,,
ŞANLIURFA,1975,ŞANLIURFA,597.277,312.415,284.862,,,,,,,,,,,,,,,
ŞANLIURFA,1970,ŞANLIURFA,538.131,274.765,263.366,,,,,,,,,,,,,,,
ŞANLIURFA,1965,ŞANLIURFA,450.798,230.612,220.186,,,,,,,,,,,,,,,
ŞANLIURFA,1960,ŞANLIURFA,401.919,205.907,196.012,,,,,,,,,,,,,,,
ŞANLIURFA,1955,ŞANLIURFA,348.199,178.635,169.564,,,,,,,,,,,,,,,
ŞANLIURFA,1950,ŞANLIURFA,298.394,151.339,147.055,,,,,,,,,,,,,,,
ŞANLIURFA,1945,ŞANLIURFA,263.855,133.595,130.260,,,,,,,,,,,,,,,
ŞANLIURFA,1940,ŞANLIURFA,245.398,125.876,119.522,,,,,,,,,,,,,,,
ŞANLIURFA,1935,ŞANLIURFA,229.614,114.704,114.910,,,,,,,,,,,,,,,
ŞIRNAK,2025,ŞIRNAK,573.666,296.986,276.680,,,,,,,,,,,,,,,
ŞIRNAK,2024,ŞIRNAK,570.826,296.978,273.848,,,,,,,,,,,,,,,
ŞIRNAK,2023,ŞIRNAK,570.745,299.177,271.568,,,,,,,,,,,,,,,
ŞIRNAK,2022,ŞIRNAK,557.605,291.045,266.560,,,,,,,,,,,,,,,
ŞIRNAK,2021,ŞIRNAK,546.589,283.527,263.062,,,,,,,,,,,,,,,
ŞIRNAK,2020,ŞIRNAK,537.762,279.486,258.276,,,,,,,,,,,,,,,
ŞIRNAK,2019,ŞIRNAK,529.615,277.728,251.887,,,,,,,,,,,,,,,
ŞIRNAK,2018,ŞIRNAK,524.190,277.585,246.605,,,,,,,,,,,,,,,
ŞIRNAK,2017,ŞIRNAK,503.236,263.831,239.405,,,,,,,,,,,,,,,
ŞIRNAK,2016,ŞIRNAK,483.788,251.392,232.396,,,,,,,,,,,,,,,
ŞIRNAK,2015,ŞIRNAK,490.184,256.529,233.655,,,,,,,,,,,,,,,
ŞIRNAK,2014,ŞIRNAK,488.966,255.228,233.738,,,,,,,,,,,,,,,
ŞIRNAK,2013,ŞIRNAK,475.255,246.547,228.708,,,,,,,,,,,,,,,
ŞIRNAK,2012,ŞIRNAK,466.982,244.221,222.761,,,,,,,,,,,,,,,
ŞIRNAK,2011,ŞIRNAK,457.997,240.487,217.510,,,,,,,,,,,,,,,
ŞIRNAK,2010,ŞIRNAK,430.109,219.187,210.922,,,,,,,,,,,,,,,
ŞIRNAK,2009,ŞIRNAK,430.424,225.115,205.309,,,,,,,,,,,,,,,
ŞIRNAK,2008,ŞIRNAK,429.287,226.261,203.026,,,,,,,,,,,,,,,
ŞIRNAK,2007,ŞIRNAK,416.001,217.068,198.933,,,,,,,,,,,,,,,
ŞIRNAK,2000,ŞIRNAK,353.197,193.534,159.663,,,,,,,,,,,,,,,
ŞIRNAK,1990,ŞIRNAK,262.006,139.534,122.472,,,,,,,,,,,,,,,
TEKİRDAĞ,2025,TEKİRDAĞ,1.208.441,615.806,592.635,,,,,,,,,,,,,,,
TEKİRDAĞ,2024,TEKİRDAĞ,1.187.162,604.896,582.266,,,,,,,,,,,,,,,
TEKİRDAĞ,2023,TEKİRDAĞ,1.167.059,595.133,571.926,,,,,,,,,,,,,,,
TEKİRDAĞ,2022,TEKİRDAĞ,1.142.451,583.014,559.437,,,,,,,,,,,,,,,
TEKİRDAĞ,2021,TEKİRDAĞ,1.113.400,570.355,543.045,,,,,,,,,,,,,,,
TEKİRDAĞ,2020,TEKİRDAĞ,1.081.065,552.587,528.478,,,,,,,,,,,,,,,
TEKİRDAĞ,2019,TEKİRDAĞ,1.055.412,542.646,512.766,,,,,,,,,,,,,,,
TEKİRDAĞ,2018,TEKİRDAĞ,1.029.927,527.975,501.952,,,,,,,,,,,,,,,
TEKİRDAĞ,2017,TEKİRDAĞ,1.005.463,516.496,488.967,,,,,,,,,,,,,,,
TEKİRDAĞ,2016,TEKİRDAĞ,972.875,499.819,473.056,,,,,,,,,,,,,,,
TEKİRDAĞ,2015,TEKİRDAĞ,937.910,482.404,455.506,,,,,,,,,,,,,,,
TEKİRDAĞ,2014,TEKİRDAĞ,906.732,466.956,439.776,,,,,,,,,,,,,,,
TEKİRDAĞ,2013,TEKİRDAĞ,874.475,450.149,424.326,,,,,,,,,,,,,,,
TEKİRDAĞ,2012,TEKİRDAĞ,852.321,439.124,413.197,,,,,,,,,,,,,,,
TEKİRDAĞ,2011,TEKİRDAĞ,829.873,427.452,402.421,,,,,,,,,,,,,,,
TEKİRDAĞ,2010,TEKİRDAĞ,798.109,406.744,391.365,,,,,,,,,,,,,,,
TEKİRDAĞ,2009,TEKİRDAĞ,783.310,402.789,380.521,,,,,,,,,,,,,,,
TEKİRDAĞ,2008,TEKİRDAĞ,770.772,398.898,371.874,,,,,,,,,,,,,,,
TEKİRDAĞ,2007,TEKİRDAĞ,728.396,375.703,352.693,,,,,,,,,,,,,,,
TEKİRDAĞ,2000,TEKİRDAĞ,623.591,326.399,297.192,,,,,,,,,,,,,,,
TEKİRDAĞ,1990,TEKİRDAĞ,468.842,250.743,218.099,,,,,,,,,,,,,,,
TEKİRDAĞ,1985,TEKİRDAĞ,402.721,218.786,183.935,,,,,,,,,,,,,,,
TEKİRDAĞ,1980,TEKİRDAĞ,360.742,193.734,167.008,,,,,,,,,,,,,,,
TEKİRDAĞ,1975,TEKİRDAĞ,319.987,170.643,149.344,,,,,,,,,,,,,,,
TEKİRDAĞ,1970,TEKİRDAĞ,302.946,159.917,143.029,,,,,,,,,,,,,,,
TEKİRDAĞ,1965,TEKİRDAĞ,287.381,150.140,137.241,,,,,,,,,,,,,,,
TEKİRDAĞ,1960,TEKİRDAĞ,274.806,143.013,131.793,,,,,,,,,,,,,,,
TEKİRDAĞ,1955,TEKİRDAĞ,251.071,127.925,123.146,,,,,,,,,,,,,,,
TEKİRDAĞ,1950,TEKİRDAĞ,224.821,113.990,110.831,,,,,,,,,,,,,,,
TEKİRDAĞ,1945,TEKİRDAĞ,202.606,100.908,101.698,,,,,,,,,,,,,,,
TEKİRDAĞ,1940,TEKİRDAĞ,209.888,106.742,103.146,,,,,,,,,,,,,,,
TEKİRDAĞ,1935,TEKİRDAĞ,194.252,100.191,94.061,,,,,,,,,,,,,,,
TEKİRDAĞ,1927,TEKİRDAĞ,131.446,65.565,65.881,,,,,,,,,,,,,,,
TOKAT,2025,TOKAT,614.141,305.975,308.166,,,,,,,,,,,,,,,
TOKAT,2024,TOKAT,612.674,304.559,308.115,,,,,,,,,,,,,,,
TOKAT,2023,TOKAT,606.934,301.234,305.700,,,,,,,,,,,,,,,
TOKAT,2022,TOKAT,596.454,296.442,300.012,,,,,,,,,,,,,,,
TOKAT,2021,TOKAT,602.567,299.357,303.210,,,,,,,,,,,,,,,
TOKAT,2020,TOKAT,597.861,297.311,300.550,,,,,,,,,,,,,,,
TOKAT,2019,TOKAT,612.747,304.938,307.809,,,,,,,,,,,,,,,
TOKAT,2018,TOKAT,612.646,305.977,306.669,,,,,,,,,,,,,,,
TOKAT,2017,TOKAT,602.086,299.519,302.567,,,,,,,,,,,,,,,
TOKAT,2016,TOKAT,602.662,299.262,303.400,,,,,,,,,,,,,,,
TOKAT,2015,TOKAT,593.990,294.381,299.609,,,,,,,,,,,,,,,
TOKAT,2014,TOKAT,597.920,296.867,301.053,,,,,,,,,,,,,,,
TOKAT,2013,TOKAT,598.708,297.166,301.542,,,,,,,,,,,,,,,
TOKAT,2012,TOKAT,613.990,304.742,309.248,,,,,,,,,,,,,,,
TOKAT,2011,TOKAT,608.299,302.449,305.850,,,,,,,,,,,,,,,
TOKAT,2010,TOKAT,617.802,310.193,307.609,,,,,,,,,,,,,,,
TOKAT,2009,TOKAT,624.439,311.837,312.602,,,,,,,,,,,,,,,
TOKAT,2008,TOKAT,617.158,306.757,310.401,,,,,,,,,,,,,,,
TOKAT,2007,TOKAT,620.722,309.374,311.348,,,,,,,,,,,,,,,
TOKAT,2000,TOKAT,828.027,418.856,409.171,,,,,,,,,,,,,,,
TOKAT,1990,TOKAT,719.251,354.316,364.935,,,,,,,,,,,,,,,
TOKAT,1985,TOKAT,679.071,333.590,345.481,,,,,,,,,,,,,,,
TOKAT,1980,TOKAT,624.508,317.422,307.086,,,,,,,,,,,,,,,
TOKAT,1975,TOKAT,599.166,305.071,294.095,,,,,,,,,,,,,,,
TOKAT,1970,TOKAT,540.855,269.089,271.766,,,,,,,,,,,,,,,
TOKAT,1965,TOKAT,495.352,251.748,243.604,,,,,,,,,,,,,,,
TOKAT,1960,TOKAT,437.590,221.131,216.459,,,,,,,,,,,,,,,
TOKAT,1955,TOKAT,388.727,193.751,194.976,,,,,,,,,,,,,,,
TOKAT,1950,TOKAT,388.923,194.356,194.567,,,,,,,,,,,,,,,
TOKAT,1945,TOKAT,340.749,169.365,171.384,,,,,,,,,,,,,,,
TOKAT,1940,TOKAT,317.919,154.554,163.365,,,,,,,,,,,,,,,
TOKAT,1935,TOKAT,309.863,149.809,160.054,,,,,,,,,,,,,,,
TOKAT,1927,TOKAT,263.063,124.416,138.647,,,,,,,,,,,,,,,
TRABZON,2025,TRABZON,823.323,408.242,415.081,,,,,,,,,,,,,,,
TRABZON,2024,TRABZON,822.270,408.127,414.143,,,,,,,,,,,,,,,
TRABZON,2023,TRABZON,824.352,409.040,415.312,,,,,,,,,,,,,,,
TRABZON,2022,TRABZON,818.023,406.061,411.962,,,,,,,,,,,,,,,
TRABZON,2021,TRABZON,816.684,405.047,411.637,,,,,,,,,,,,,,,
TRABZON,2020,TRABZON,811.901,402.224,409.677,,,,,,,,,,,,,,,
TRABZON,2019,TRABZON,808.974,400.723,408.251,,,,,,,,,,,,,,,
TRABZON,2018,TRABZON,807.903,399.377,408.526,,,,,,,,,,,,,,,
TRABZON,2017,TRABZON,786.326,388.713,397.613,,,,,,,,,,,,,,,
TRABZON,2016,TRABZON,779.379,385.009,394.370,,,,,,,,,,,,,,,
TRABZON,2015,TRABZON,768.417,379.708,388.709,,,,,,,,,,,,,,,
TRABZON,2014,TRABZON,766.782,378.509,388.273,,,,,,,,,,,,,,,
TRABZON,2013,TRABZON,758.237,374.562,383.675,,,,,,,,,,,,,,,
TRABZON,2012,TRABZON,757.898,374.677,383.221,,,,,,,,,,,,,,,
TRABZON,2011,TRABZON,757.353,374.426,382.927,,,,,,,,,,,,,,,
TRABZON,2010,TRABZON,763.714,377.059,386.655,,,,,,,,,,,,,,,
TRABZON,2009,TRABZON,765.127,378.602,386.525,,,,,,,,,,,,,,,
TRABZON,2008,TRABZON,748.982,370.217,378.765,,,,,,,,,,,,,,,
TRABZON,2007,TRABZON,740.569,364.103,376.466,,,,,,,,,,,,,,,
TRABZON,2000,TRABZON,975.137,486.957,488.180,,,,,,,,,,,,,,,
TRABZON,1990,TRABZON,795.849,386.642,409.207,,,,,,,,,,,,,,,
TRABZON,1985,TRABZON,786.194,380.147,406.047,,,,,,,,,,,,,,,
TRABZON,1980,TRABZON,731.045,349.503,381.542,,,,,,,,,,,,,,,
TRABZON,1975,TRABZON,719.008,354.636,364.372,,,,,,,,,,,,,,,
TRABZON,1970,TRABZON,659.120,312.736,346.384,,,,,,,,,,,,,,,
TRABZON,1965,TRABZON,595.782,281.583,314.199,,,,,,,,,,,,,,,
TRABZON,1960,TRABZON,532.999,251.086,281.913,,,,,,,,,,,,,,,
TRABZON,1955,TRABZON,462.249,214.478,247.771,,,,,,,,,,,,,,,
TRABZON,1950,TRABZON,420.279,196.164,224.115,,,,,,,,,,,,,,,
TRABZON,1945,TRABZON,395.384,184.632,210.752,,,,,,,,,,,,,,,
TRABZON,1940,TRABZON,390.733,181.233,209.500,,,,,,,,,,,,,,,
TRABZON,1935,TRABZON,360.679,166.514,194.165,,,,,,,,,,,,,,,
TRABZON,1927,TRABZON,290.303,130.926,159.377,,,,,,,,,,,,,,,
TUNCELİ,2025,TUNCELİ,85.083,44.420,40.663,,,,,,,,,,,,,,,
TUNCELİ,2024,TUNCELİ,86.612,45.245,41.367,,,,,,,,,,,,,,,
TUNCELİ,2023,TUNCELİ,89.317,47.110,42.207,,,,,,,,,,,,,,,
TUNCELİ,2022,TUNCELİ,84.366,44.541,39.825,,,,,,,,,,,,,,,
TUNCELİ,2021,TUNCELİ,83.645,44.423,39.222,,,,,,,,,,,,,,,
TUNCELİ,2020,TUNCELİ,83.443,44.815,38.628,,,,,,,,,,,,,,,
TUNCELİ,2019,TUNCELİ,84.660,46.082,38.578,,,,,,,,,,,,,,,
TUNCELİ,2018,TUNCELİ,88.198,49.118,39.080,,,,,,,,,,,,,,,
TUNCELİ,2017,TUNCELİ,82.498,45.781,36.717,,,,,,,,,,,,,,,
TUNCELİ,2016,TUNCELİ,82.193,45.160,37.033,,,,,,,,,,,,,,,
TUNCELİ,2015,TUNCELİ,86.076,48.129,37.947,,,,,,,,,,,,,,,
TUNCELİ,2014,TUNCELİ,86.527,47.973,38.554,,,,,,,,,,,,,,,
TUNCELİ,2013,TUNCELİ,85.428,47.639,37.789,,,,,,,,,,,,,,,
TUNCELİ,2012,TUNCELİ,86.276,49.998,36.278,,,,,,,,,,,,,,,
TUNCELİ,2011,TUNCELİ,85.062,49.016,36.046,,,,,,,,,,,,,,,
TUNCELİ,2010,TUNCELİ,76.699,40.658,36.041,,,,,,,,,,,,,,,
TUNCELİ,2009,TUNCELİ,83.061,47.290,35.771,,,,,,,,,,,,,,,
TUNCELİ,2008,TUNCELİ,86.449,49.709,36.740,,,,,,,,,,,,,,,
TUNCELİ,2007,TUNCELİ,84.022,47.893,36.129,,,,,,,,,,,,,,,
TUNCELİ,2000,TUNCELİ,93.584,54.529,39.055,,,,,,,,,,,,,,,
TUNCELİ,1990,TUNCELİ,133.143,67.462,65.681,,,,,,,,,,,,,,,
TUNCELİ,1985,TUNCELİ,151.906,75.288,76.618,,,,,,,,,,,,,,,
TUNCELİ,1980,TUNCELİ,157.974,79.227,78.747,,,,,,,,,,,,,,,
TUNCELİ,1975,TUNCELİ,164.591,82.759,81.832,,,,,,,,,,,,,,,
TUNCELİ,1970,TUNCELİ,157.293,78.064,79.229,,,,,,,,,,,,,,,
TUNCELİ,1965,TUNCELİ,154.175,78.112,76.063,,,,,,,,,,,,,,,
TUNCELİ,1960,TUNCELİ,140.068,71.086,68.982,,,,,,,,,,,,,,,
TUNCELİ,1955,TUNCELİ,121.743,61.775,59.968,,,,,,,,,,,,,,,
TUNCELİ,1950,TUNCELİ,105.759,54.204,51.555,,,,,,,,,,,,,,,
TUNCELİ,1945,TUNCELİ,90.446,45.814,44.632,,,,,,,,,,,,,,,
TUNCELİ,1940,TUNCELİ,94.639,48.868,45.771,,,,,,,,,,,,,,,
UŞAK,2025,UŞAK,374.405,185.487,188.918,,,,,,,,,,,,,,,
UŞAK,2024,UŞAK,375.310,186.197,189.113,,,,,,,,,,,,,,,
UŞAK,2023,UŞAK,377.001,187.253,189.748,,,,,,,,,,,,,,,
UŞAK,2022,UŞAK,375.454,186.693,188.761,,,,,,,,,,,,,,,
UŞAK,2021,UŞAK,373.183,185.891,187.292,,,,,,,,,,,,,,,
UŞAK,2020,UŞAK,369.433,184.225,185.208,,,,,,,,,,,,,,,
UŞAK,2019,UŞAK,370.509,184.529,185.980,,,,,,,,,,,,,,,
UŞAK,2018,UŞAK,367.514,182.931,184.583,,,,,,,,,,,,,,,
UŞAK,2017,UŞAK,364.971,181.898,183.073,,,,,,,,,,,,,,,
UŞAK,2016,UŞAK,358.736,179.259,179.477,,,,,,,,,,,,,,,
UŞAK,2015,UŞAK,353.048,176.281,176.767,,,,,,,,,,,,,,,
UŞAK,2014,UŞAK,349.459,174.231,175.228,,,,,,,,,,,,,,,
UŞAK,2013,UŞAK,346.508,172.573,173.935,,,,,,,,,,,,,,,
UŞAK,2012,UŞAK,342.269,169.997,172.272,,,,,,,,,,,,,,,
UŞAK,2011,UŞAK,339.731,169.343,170.388,,,,,,,,,,,,,,,
UŞAK,2010,UŞAK,338.019,168.064,169.955,,,,,,,,,,,,,,,
UŞAK,2009,UŞAK,335.860,166.944,168.916,,,,,,,,,,,,,,,
UŞAK,2008,UŞAK,334.111,165.506,168.605,,,,,,,,,,,,,,,
UŞAK,2007,UŞAK,334.115,165.235,168.880,,,,,,,,,,,,,,,
UŞAK,2000,UŞAK,322.313,159.804,162.509,,,,,,,,,,,,,,,
UŞAK,1990,UŞAK,290.283,144.224,146.059,,,,,,,,,,,,,,,
UŞAK,1985,UŞAK,271.261,134.066,137.195,,,,,,,,,,,,,,,
UŞAK,1980,UŞAK,247.224,120.252,126.972,,,,,,,,,,,,,,,
UŞAK,1975,UŞAK,229.679,116.149,113.530,,,,,,,,,,,,,,,
UŞAK,1970,UŞAK,207.512,100.593,106.919,,,,,,,,,,,,,,,
UŞAK,1965,UŞAK,190.536,94.315,96.221,,,,,,,,,,,,,,,
UŞAK,1960,UŞAK,184.733,91.405,93.328,,,,,,,,,,,,,,,
UŞAK,1955,UŞAK,165.374,81.393,83.981,,,,,,,,,,,,,,,
VAN,2025,VAN,1.112.013,566.544,545.469,,,,,,,,,,,,,,,
VAN,2024,VAN,1.118.087,569.525,548.562,,,,,,,,,,,,,,,
VAN,2023,VAN,1.127.612,574.993,552.619,,,,,,,,,,,,,,,
VAN,2022,VAN,1.128.749,575.453,553.296,,,,,,,,,,,,,,,
VAN,2021,VAN,1.141.015,581.945,559.070,,,,,,,,,,,,,,,
VAN,2020,VAN,1.149.342,585.854,563.488,,,,,,,,,,,,,,,
VAN,2019,VAN,1.136.757,578.044,558.713,,,,,,,,,,,,,,,
VAN,2018,VAN,1.123.784,574.461,549.323,,,,,,,,,,,,,,,
VAN,2017,VAN,1.106.891,563.824,543.067,,,,,,,,,,,,,,,
VAN,2016,VAN,1.100.190,561.592,538.598,,,,,,,,,,,,,,,
VAN,2015,VAN,1.096.397,560.480,535.917,,,,,,,,,,,,,,,
VAN,2014,VAN,1.085.542,554.791,530.751,,,,,,,,,,,,,,,
VAN,2013,VAN,1.070.113,545.479,524.634,,,,,,,,,,,,,,,
VAN,2012,VAN,1.051.975,538.121,513.854,,,,,,,,,,,,,,,
VAN,2011,VAN,1.022.532,525.144,497.388,,,,,,,,,,,,,,,
VAN,2010,VAN,1.035.418,525.788,509.630,,,,,,,,,,,,,,,
VAN,2009,VAN,1.022.310,523.864,498.446,,,,,,,,,,,,,,,
VAN,2008,VAN,1.004.369,516.525,487.844,,,,,,,,,,,,,,,
VAN,2007,VAN,979.671,500.068,479.603,,,,,,,,,,,,,,,
VAN,2000,VAN,877.524,448.039,429.485,,,,,,,,,,,,,,,
VAN,1990,VAN,637.433,324.624,312.809,,,,,,,,,,,,,,,
VAN,1985,VAN,547.216,280.658,266.558,,,,,,,,,,,,,,,
VAN,1980,VAN,468.646,244.802,223.844,,,,,,,,,,,,,,,
VAN,1975,VAN,386.314,203.229,183.085,,,,,,,,,,,,,,,
VAN,1970,VAN,325.763,171.232,154.531,,,,,,,,,,,,,,,
VAN,1965,VAN,266.840,142.446,124.394,,,,,,,,,,,,,,,
VAN,1960,VAN,211.034,111.246,99.788,,,,,,,,,,,,,,,
VAN,1955,VAN,175.250,93.090,82.160,,,,,,,,,,,,,,,
VAN,1950,VAN,145.944,78.304,67.640,,,,,,,,,,,,,,,
VAN,1945,VAN,127.858,69.362,58.496,,,,,,,,,,,,,,,
VAN,1940,VAN,112.975,59.969,53.006,,,,,,,,,,,,,,,
VAN,1935,VAN,143.434,75.053,68.381,,,,,,,,,,,,,,,
VAN,1927,VAN,75.329,39.525,35.804,,,,,,,,,,,,,,,
YALOVA,2025,YALOVA,311.635,155.593,156.042,,,,,,,,,,,,,,,
YALOVA,2024,YALOVA,307.882,153.542,154.340,,,,,,,,,,,,,,,
YALOVA,2023,YALOVA,304.780,152.100,152.680,,,,,,,,,,,,,,,
YALOVA,2022,YALOVA,296.333,147.904,148.429,,,,,,,,,,,,,,,
YALOVA,2021,YALOVA,291.001,145.740,145.261,,,,,,,,,,,,,,,
YALOVA,2020,YALOVA,276.050,138.860,137.190,,,,,,,,,,,,,,,
YALOVA,2019,YALOVA,270.976,135.909,135.067,,,,,,,,,,,,,,,
YALOVA,2018,YALOVA,262.234,131.403,130.831,,,,,,,,,,,,,,,
YALOVA,2017,YALOVA,251.203,125.569,125.634,,,,,,,,,,,,,,,
YALOVA,2016,YALOVA,241.665,120.605,121.060,,,,,,,,,,,,,,,
YALOVA,2015,YALOVA,233.009,116.150,116.859,,,,,,,,,,,,,,,
YALOVA,2014,YALOVA,226.514,113.053,113.461,,,,,,,,,,,,,,,
YALOVA,2013,YALOVA,220.122,110.142,109.980,,,,,,,,,,,,,,,
YALOVA,2012,YALOVA,211.799,105.963,105.836,,,,,,,,,,,,,,,
YALOVA,2011,YALOVA,206.535,102.935,103.600,,,,,,,,,,,,,,,
YALOVA,2010,YALOVA,203.741,101.662,102.079,,,,,,,,,,,,,,,
YALOVA,2009,YALOVA,202.531,101.357,101.174,,,,,,,,,,,,,,,
YALOVA,2008,YALOVA,197.412,99.037,98.375,,,,,,,,,,,,,,,
YALOVA,2007,YALOVA,181.758,90.246,91.512,,,,,,,,,,,,,,,
YALOVA,2000,YALOVA,168.593,88.750,79.843,,,,,,,,,,,,,,,
YOZGAT,2025,YOZGAT,413.208,208.491,204.717,,,,,,,,,,,,,,,
YOZGAT,2024,YOZGAT,413.161,207.294,205.867,,,,,,,,,,,,,,,
YOZGAT,2023,YOZGAT,420.699,210.051,210.648,,,,,,,,,,,,,,,
YOZGAT,2022,YOZGAT,418.442,209.814,208.628,,,,,,,,,,,,,,,
YOZGAT,2021,YOZGAT,418.500,208.646,209.854,,,,,,,,,,,,,,,
YOZGAT,2020,YOZGAT,419.095,209.257,209.838,,,,,,,,,,,,,,,
YOZGAT,2019,YOZGAT,421.200,210.127,211.073,,,,,,,,,,,,,,,
YOZGAT,2018,YOZGAT,424.981,211.936,213.045,,,,,,,,,,,,,,,
YOZGAT,2017,YOZGAT,418.650,208.841,209.809,,,,,,,,,,,,,,,
YOZGAT,2016,YOZGAT,421.041,210.600,210.441,,,,,,,,,,,,,,,
YOZGAT,2015,YOZGAT,419.440,209.376,210.064,,,,,,,,,,,,,,,
YOZGAT,2014,YOZGAT,432.560,216.152,216.408,,,,,,,,,,,,,,,
YOZGAT,2013,YOZGAT,444.211,221.989,222.222,,,,,,,,,,,,,,,
YOZGAT,2012,YOZGAT,453.211,226.740,226.471,,,,,,,,,,,,,,,
YOZGAT,2011,YOZGAT,465.696,233.267,232.429,,,,,,,,,,,,,,,
YOZGAT,2010,YOZGAT,476.096,237.792,238.304,,,,,,,,,,,,,,,
YOZGAT,2009,YOZGAT,487.365,244.172,243.193,,,,,,,,,,,,,,,
YOZGAT,2008,YOZGAT,484.206,242.018,242.188,,,,,,,,,,,,,,,
YOZGAT,2007,YOZGAT,492.127,244.674,247.453,,,,,,,,,,,,,,,
YOZGAT,2000,YOZGAT,682.919,342.771,340.148,,,,,,,,,,,,,,,
YOZGAT,1990,YOZGAT,579.150,282.399,296.751,,,,,,,,,,,,,,,
YOZGAT,1985,YOZGAT,545.301,263.093,282.208,,,,,,,,,,,,,,,
YOZGAT,1980,YOZGAT,504.433,245.702,258.731,,,,,,,,,,,,,,,
YOZGAT,1975,YOZGAT,500.371,248.490,251.881,,,,,,,,,,,,,,,
YOZGAT,1970,YOZGAT,464.410,226.949,237.461,,,,,,,,,,,,,,,
YOZGAT,1965,YOZGAT,437.883,217.744,220.139,,,,,,,,,,,,,,,
YOZGAT,1960,YOZGAT,402.400,202.830,199.570,,,,,,,,,,,,,,,
YOZGAT,1955,YOZGAT,391.880,195.999,195.881,,,,,,,,,,,,,,,
YOZGAT,1950,YOZGAT,324.469,163.718,160.751,,,,,,,,,,,,,,,
YOZGAT,1945,YOZGAT,287.371,143.300,144.071,,,,,,,,,,,,,,,
YOZGAT,1940,YOZGAT,276.611,135.972,140.639,,,,,,,,,,,,,,,
YOZGAT,1935,YOZGAT,261.821,127.623,134.198,,,,,,,,,,,,,,,
YOZGAT,1927,YOZGAT,209.497,98.075,111.422,,,,,,,,,,,,,,,
ZONGULDAK,2025,ZONGULDAK,585.203,290.246,294.957,,,,,,,,,,,,,,,
ZONGULDAK,2024,ZONGULDAK,586.802,291.291,295.511,,,,,,,,,,,,,,,
ZONGULDAK,2023,ZONGULDAK,591.492,294.001,297.491,,,,,,,,,,,,,,,
ZONGULDAK,2022,ZONGULDAK,588.510,291.854,296.656,,,,,,,,,,,,,,,
ZONGULDAK,2021,ZONGULDAK,589.684,291.822,297.862,,,,,,,,,,,,,,,
ZONGULDAK,2020,ZONGULDAK,591.204,293.068,298.136,,,,,,,,,,,,,,,
ZONGULDAK,2019,ZONGULDAK,596.053,295.832,300.221,,,,,,,,,,,,,,,
ZONGULDAK,2018,ZONGULDAK,599.698,297.303,302.395,,,,,,,,,,,,,,,
ZONGULDAK,2017,ZONGULDAK,596.892,294.494,302.398,,,,,,,,,,,,,,,
ZONGULDAK,2016,ZONGULDAK,597.524,295.033,302.491,,,,,,,,,,,,,,,
ZONGULDAK,2015,ZONGULDAK,595.907,294.679,301.228,,,,,,,,,,,,,,,
ZONGULDAK,2014,ZONGULDAK,598.796,295.878,302.918,,,,,,,,,,,,,,,
ZONGULDAK,2013,ZONGULDAK,601.567,296.910,304.657,,,,,,,,,,,,,,,
ZONGULDAK,2012,ZONGULDAK,606.527,299.301,307.226,,,,,,,,,,,,,,,
ZONGULDAK,2011,ZONGULDAK,612.406,302.370,310.036,,,,,,,,,,,,,,,
ZONGULDAK,2010,ZONGULDAK,619.703,307.550,312.153,,,,,,,,,,,,,,,
ZONGULDAK,2009,ZONGULDAK,619.812,306.075,313.737,,,,,,,,,,,,,,,
ZONGULDAK,2008,ZONGULDAK,619.151,304.997,314.154,,,,,,,,,,,,,,,
ZONGULDAK,2007,ZONGULDAK,615.890,302.827,313.063,,,,,,,,,,,,,,,
ZONGULDAK,2000,ZONGULDAK,615.599,300.676,314.923,,,,,,,,,,,,,,,
ZONGULDAK,1990,ZONGULDAK,1.073.560,526.041,547.519,,,,,,,,,,,,,,,
ZONGULDAK,1985,ZONGULDAK,1.044.945,519.264,525.681,,,,,,,,,,,,,,,
ZONGULDAK,1980,ZONGULDAK,954.512,475.105,479.407,,,,,,,,,,,,,,,
ZONGULDAK,1975,ZONGULDAK,836.156,426.668,409.488,,,,,,,,,,,,,,,
ZONGULDAK,1970,ZONGULDAK,743.654,371.109,372.545,,,,,,,,,,,,,,,
ZONGULDAK,1965,ZONGULDAK,650.191,326.918,323.273,,,,,,,,,,,,,,,
ZONGULDAK,1960,ZONGULDAK,569.059,290.293,278.766,,,,,,,,,,,,,,,
ZONGULDAK,1955,ZONGULDAK,491.147,251.292,239.855,,,,,,,,,,,,,,,
ZONGULDAK,1950,ZONGULDAK,426.684,216.254,210.430,,,,,,,,,,,,,,,
ZONGULDAK,1945,ZONGULDAK,383.481,199.005,184.476,,,,,,,,,,,,,,,
ZONGULDAK,1940,ZONGULDAK,349.783,175.866,173.917,,,,,,,,,,,,,,,
ZONGULDAK,1935,ZONGULDAK,322.108,158.508,163.600,,,,,,,,,,,,,,,
ZONGULDAK,1927,ZONGULDAK,268.909,127.366,141.543,,,,,,,,,,,,,,,
